solid OpenSCAD_Model
  facet normal -0.995185 -0.0980169 0
    outer loop
      vertex 0.0960732 4.02455 0
      vertex 0 5 5
      vertex 0 5 0
    endloop
  endfacet
  facet normal -0.995185 -0.0980169 0
    outer loop
      vertex 0 5 5
      vertex 0.0960732 4.02455 0
      vertex 0.0960732 4.02455 5
    endloop
  endfacet
  facet normal 0 0 1
    outer loop
      vertex 76.2322 31.2322 5
      vertex 64.7678 31.2322 5
      vertex 76.2322 19.7678 5
    endloop
  endfacet
  facet normal 0 0 1
    outer loop
      vertex 76.2322 19.7678 5
      vertex 65.3097 18.9567 5
      vertex 65.5 18 5
    endloop
  endfacet
  facet normal 0 0 1
    outer loop
      vertex 64.7678 19.7678 5
      vertex 76.2322 19.7678 5
      vertex 64.7678 31.2322 5
    endloop
  endfacet
  facet normal 0 0 1
    outer loop
      vertex 76.2322 19.7678 5
      vertex 64.7678 19.7678 5
      vertex 65.3097 18.9567 5
    endloop
  endfacet
  facet normal -0 0 1
    outer loop
      vertex 63.9567 30.6903 5
      vertex 64.7678 19.7678 5
      vertex 64.7678 31.2322 5
    endloop
  endfacet
  facet normal 0 0 1
    outer loop
      vertex 63.9567 30.6903 5
      vertex 63.9567 20.3097 5
      vertex 64.7678 19.7678 5
    endloop
  endfacet
  facet normal -0 0 1
    outer loop
      vertex 63 30.5 5
      vertex 63.9567 20.3097 5
      vertex 63.9567 30.6903 5
    endloop
  endfacet
  facet normal 0 0 1
    outer loop
      vertex 63 30.5 5
      vertex 63 20.5 5
      vertex 63.9567 20.3097 5
    endloop
  endfacet
  facet normal 0 0 1
    outer loop
      vertex 62.0433 30.6903 5
      vertex 63 20.5 5
      vertex 63 30.5 5
    endloop
  endfacet
  facet normal 0 0 1
    outer loop
      vertex 62.0433 30.6903 5
      vertex 62.0433 20.3097 5
      vertex 63 20.5 5
    endloop
  endfacet
  facet normal 0 0 1
    outer loop
      vertex 61.2322 31.2322 5
      vertex 62.0433 20.3097 5
      vertex 62.0433 30.6903 5
    endloop
  endfacet
  facet normal 0 0 1
    outer loop
      vertex 61.2322 31.2322 5
      vertex 61.2322 19.7678 5
      vertex 62.0433 20.3097 5
    endloop
  endfacet
  facet normal 0 0 1
    outer loop
      vertex 49.7678 31.2322 5
      vertex 61.2322 31.2322 5
      vertex 60.6903 32.0433 5
    endloop
  endfacet
  facet normal 0 0 1
    outer loop
      vertex 61.2322 31.2322 5
      vertex 49.7678 31.2322 5
      vertex 61.2322 19.7678 5
    endloop
  endfacet
  facet normal 0 0 1
    outer loop
      vertex 50.3097 32.0433 5
      vertex 60.6903 32.0433 5
      vertex 60.5 33 5
    endloop
  endfacet
  facet normal 0 0 1
    outer loop
      vertex 49.7678 19.7678 5
      vertex 61.2322 19.7678 5
      vertex 49.7678 31.2322 5
    endloop
  endfacet
  facet normal 0 0 1
    outer loop
      vertex 76.2322 46.2322 5
      vertex 64.7678 46.2322 5
      vertex 76.2322 34.7678 5
    endloop
  endfacet
  facet normal 0 0 1
    outer loop
      vertex 76.2322 34.7678 5
      vertex 65.3097 33.9567 5
      vertex 65.5 33 5
    endloop
  endfacet
  facet normal 0 0 1
    outer loop
      vertex 64.7678 34.7678 5
      vertex 76.2322 34.7678 5
      vertex 64.7678 46.2322 5
    endloop
  endfacet
  facet normal 0 0 1
    outer loop
      vertex 76.2322 34.7678 5
      vertex 64.7678 34.7678 5
      vertex 65.3097 33.9567 5
    endloop
  endfacet
  facet normal -0 0 1
    outer loop
      vertex 63.9567 45.6903 5
      vertex 64.7678 34.7678 5
      vertex 64.7678 46.2322 5
    endloop
  endfacet
  facet normal 0 0 1
    outer loop
      vertex 63.9567 45.6903 5
      vertex 63.9567 35.3097 5
      vertex 64.7678 34.7678 5
    endloop
  endfacet
  facet normal -0 0 1
    outer loop
      vertex 63 45.5 5
      vertex 63.9567 35.3097 5
      vertex 63.9567 45.6903 5
    endloop
  endfacet
  facet normal 0 0 1
    outer loop
      vertex 63 45.5 5
      vertex 63 35.5 5
      vertex 63.9567 35.3097 5
    endloop
  endfacet
  facet normal 0 0 1
    outer loop
      vertex 62.0433 45.6903 5
      vertex 63 35.5 5
      vertex 63 45.5 5
    endloop
  endfacet
  facet normal 0 0 1
    outer loop
      vertex 62.0433 45.6903 5
      vertex 62.0433 35.3097 5
      vertex 63 35.5 5
    endloop
  endfacet
  facet normal 0 0 1
    outer loop
      vertex 61.2322 46.2322 5
      vertex 62.0433 35.3097 5
      vertex 62.0433 45.6903 5
    endloop
  endfacet
  facet normal 0 0 1
    outer loop
      vertex 61.2322 46.2322 5
      vertex 61.2322 34.7678 5
      vertex 62.0433 35.3097 5
    endloop
  endfacet
  facet normal 0 0 1
    outer loop
      vertex 49.7678 46.2322 5
      vertex 61.2322 46.2322 5
      vertex 60.6903 47.0433 5
    endloop
  endfacet
  facet normal 0 0 1
    outer loop
      vertex 61.2322 46.2322 5
      vertex 49.7678 46.2322 5
      vertex 61.2322 34.7678 5
    endloop
  endfacet
  facet normal 0 0 1
    outer loop
      vertex 50.3097 47.0433 5
      vertex 60.6903 47.0433 5
      vertex 60.5 48 5
    endloop
  endfacet
  facet normal 0 0 1
    outer loop
      vertex 49.7678 34.7678 5
      vertex 61.2322 34.7678 5
      vertex 49.7678 46.2322 5
    endloop
  endfacet
  facet normal 0 0 1
    outer loop
      vertex 75.6903 48.9567 5
      vertex 65.3097 48.9567 5
      vertex 65.5 48 5
    endloop
  endfacet
  facet normal 0 0 1
    outer loop
      vertex 77.0433 50.3097 5
      vertex 64.7678 49.7678 5
      vertex 65.3097 48.9567 5
    endloop
  endfacet
  facet normal 0 0 1
    outer loop
      vertex 77.0433 50.3097 5
      vertex 63.9567 50.3097 5
      vertex 64.7678 49.7678 5
    endloop
  endfacet
  facet normal 0 0 1
    outer loop
      vertex 74.75 74.3 5
      vertex 63 50.5 5
      vertex 63.9567 50.3097 5
    endloop
  endfacet
  facet normal 0 0 1
    outer loop
      vertex 74.75 74.3 5
      vertex 62.0433 50.3097 5
      vertex 63 50.5 5
    endloop
  endfacet
  facet normal 0 0 1
    outer loop
      vertex 48.9567 50.3097 5
      vertex 62.0433 50.3097 5
      vertex 74.75 74.3 5
    endloop
  endfacet
  facet normal 0 0 1
    outer loop
      vertex 62.0433 50.3097 5
      vertex 48.9567 50.3097 5
      vertex 61.2322 49.7678 5
    endloop
  endfacet
  facet normal 0 -0 1
    outer loop
      vertex 50.3097 33.9567 5
      vertex 60.6903 33.9567 5
      vertex 49.7678 34.7678 5
    endloop
  endfacet
  facet normal 0 0 1
    outer loop
      vertex 50.3097 47.0433 5
      vertex 60.5 48 5
      vertex 50.5 48 5
    endloop
  endfacet
  facet normal 0 0 1
    outer loop
      vertex 60.6903 48.9567 5
      vertex 50.5 48 5
      vertex 60.5 48 5
    endloop
  endfacet
  facet normal 0 -0 1
    outer loop
      vertex 49.7678 49.7678 5
      vertex 61.2322 49.7678 5
      vertex 48.9567 50.3097 5
    endloop
  endfacet
  facet normal 0 0 1
    outer loop
      vertex 60.6903 48.9567 5
      vertex 50.3097 48.9567 5
      vertex 50.5 48 5
    endloop
  endfacet
  facet normal 0 0 1
    outer loop
      vertex 60.6903 48.9567 5
      vertex 49.7678 49.7678 5
      vertex 50.3097 48.9567 5
    endloop
  endfacet
  facet normal 0 0 1
    outer loop
      vertex 61.2322 49.7678 5
      vertex 49.7678 49.7678 5
      vertex 60.6903 48.9567 5
    endloop
  endfacet
  facet normal 0 0 1
    outer loop
      vertex 74.75 74.3 5
      vertex 48 50.5 5
      vertex 48.9567 50.3097 5
    endloop
  endfacet
  facet normal 0 0 1
    outer loop
      vertex 74.75 74.3 5
      vertex 47.0433 50.3097 5
      vertex 48 50.5 5
    endloop
  endfacet
  facet normal 0 0 1
    outer loop
      vertex 33.9567 50.3097 5
      vertex 47.0433 50.3097 5
      vertex 74.75 74.3 5
    endloop
  endfacet
  facet normal 0 -0 1
    outer loop
      vertex 35.3097 33.9567 5
      vertex 45.6903 33.9567 5
      vertex 34.7678 34.7678 5
    endloop
  endfacet
  facet normal 0 0 1
    outer loop
      vertex 35.3097 47.0433 5
      vertex 45.5 48 5
      vertex 35.5 48 5
    endloop
  endfacet
  facet normal 0 0 1
    outer loop
      vertex 45.6903 48.9567 5
      vertex 35.5 48 5
      vertex 45.5 48 5
    endloop
  endfacet
  facet normal 0 0 1
    outer loop
      vertex 35.3097 48.9567 5
      vertex 45.6903 48.9567 5
      vertex 46.2322 49.7678 5
    endloop
  endfacet
  facet normal 0 0 1
    outer loop
      vertex 47.0433 50.3097 5
      vertex 33.9567 50.3097 5
      vertex 46.2322 49.7678 5
    endloop
  endfacet
  facet normal 0 0 1
    outer loop
      vertex 45.6903 48.9567 5
      vertex 35.3097 48.9567 5
      vertex 35.5 48 5
    endloop
  endfacet
  facet normal 0 0 1
    outer loop
      vertex 46.2322 49.7678 5
      vertex 34.7678 49.7678 5
      vertex 35.3097 48.9567 5
    endloop
  endfacet
  facet normal 0 0 1
    outer loop
      vertex 46.2322 49.7678 5
      vertex 33.9567 50.3097 5
      vertex 34.7678 49.7678 5
    endloop
  endfacet
  facet normal 0 0 1
    outer loop
      vertex 74.75 74.3 5
      vertex 33 50.5 5
      vertex 33.9567 50.3097 5
    endloop
  endfacet
  facet normal -0 0 1
    outer loop
      vertex 6 74.3 5
      vertex 33 50.5 5
      vertex 74.75 74.3 5
    endloop
  endfacet
  facet normal 0 -0 1
    outer loop
      vertex 20.3097 33.9567 5
      vertex 30.6903 33.9567 5
      vertex 19.7678 34.7678 5
    endloop
  endfacet
  facet normal 0 0 1
    outer loop
      vertex 20.3097 47.0433 5
      vertex 30.5 48 5
      vertex 20.5 48 5
    endloop
  endfacet
  facet normal 0 0 1
    outer loop
      vertex 30.6903 48.9567 5
      vertex 20.5 48 5
      vertex 30.5 48 5
    endloop
  endfacet
  facet normal 0 0 1
    outer loop
      vertex 20.3097 48.9567 5
      vertex 30.6903 48.9567 5
      vertex 31.2322 49.7678 5
    endloop
  endfacet
  facet normal 0 0 1
    outer loop
      vertex 19.7678 49.7678 5
      vertex 31.2322 49.7678 5
      vertex 32.0433 50.3097 5
    endloop
  endfacet
  facet normal 0 0 1
    outer loop
      vertex 33 50.5 5
      vertex 6 74.3 5
      vertex 32.0433 50.3097 5
    endloop
  endfacet
  facet normal 0 0 1
    outer loop
      vertex 30.6903 48.9567 5
      vertex 20.3097 48.9567 5
      vertex 20.5 48 5
    endloop
  endfacet
  facet normal 0 0 1
    outer loop
      vertex 31.2322 49.7678 5
      vertex 19.7678 49.7678 5
      vertex 20.3097 48.9567 5
    endloop
  endfacet
  facet normal 0 -0 1
    outer loop
      vertex 18.9567 50.3097 5
      vertex 32.0433 50.3097 5
      vertex 6 74.3 5
    endloop
  endfacet
  facet normal 0 0 1
    outer loop
      vertex 32.0433 50.3097 5
      vertex 18.9567 50.3097 5
      vertex 19.7678 49.7678 5
    endloop
  endfacet
  facet normal 0 0 1
    outer loop
      vertex 18.9567 50.3097 5
      vertex 6 74.3 5
      vertex 18 50.5 5
    endloop
  endfacet
  facet normal 0 0 1
    outer loop
      vertex 6 6 5
      vertex 15.5 33 5
      vertex 15.5 48 5
    endloop
  endfacet
  facet normal 0 0 1
    outer loop
      vertex 6 6 5
      vertex 15.5 48 5
      vertex 6 74.3 5
    endloop
  endfacet
  facet normal 0 0 1
    outer loop
      vertex 15.6903 48.9567 5
      vertex 6 74.3 5
      vertex 15.5 48 5
    endloop
  endfacet
  facet normal 0 0 1
    outer loop
      vertex 16.2322 49.7678 5
      vertex 6 74.3 5
      vertex 15.6903 48.9567 5
    endloop
  endfacet
  facet normal 0 0 1
    outer loop
      vertex 17.0433 50.3097 5
      vertex 6 74.3 5
      vertex 16.2322 49.7678 5
    endloop
  endfacet
  facet normal 0 0 1
    outer loop
      vertex 18 50.5 5
      vertex 6 74.3 5
      vertex 17.0433 50.3097 5
    endloop
  endfacet
  facet normal -0 0 1
    outer loop
      vertex 80.3097 18.9567 5
      vertex 102.5 6 5
      vertex 80.3097 32.0433 5
    endloop
  endfacet
  facet normal 0 0 1
    outer loop
      vertex 102.5 6 5
      vertex 80.3097 18.9567 5
      vertex 80.5 18 5
    endloop
  endfacet
  facet normal -0 0 1
    outer loop
      vertex 79.7678 31.2322 5
      vertex 80.3097 18.9567 5
      vertex 80.3097 32.0433 5
    endloop
  endfacet
  facet normal 0 0 1
    outer loop
      vertex 79.7678 31.2322 5
      vertex 79.7678 19.7678 5
      vertex 80.3097 18.9567 5
    endloop
  endfacet
  facet normal -0 0 1
    outer loop
      vertex 78.9567 30.6903 5
      vertex 79.7678 19.7678 5
      vertex 79.7678 31.2322 5
    endloop
  endfacet
  facet normal 0 0 1
    outer loop
      vertex 78.9567 30.6903 5
      vertex 78.9567 20.3097 5
      vertex 79.7678 19.7678 5
    endloop
  endfacet
  facet normal -0 0 1
    outer loop
      vertex 78 30.5 5
      vertex 78.9567 20.3097 5
      vertex 78.9567 30.6903 5
    endloop
  endfacet
  facet normal 0 0 1
    outer loop
      vertex 78 30.5 5
      vertex 78 20.5 5
      vertex 78.9567 20.3097 5
    endloop
  endfacet
  facet normal 0 0 1
    outer loop
      vertex 77.0433 30.6903 5
      vertex 78 20.5 5
      vertex 78 30.5 5
    endloop
  endfacet
  facet normal 0 0 1
    outer loop
      vertex 77.0433 30.6903 5
      vertex 77.0433 20.3097 5
      vertex 78 20.5 5
    endloop
  endfacet
  facet normal 0 0 1
    outer loop
      vertex 76.2322 31.2322 5
      vertex 77.0433 20.3097 5
      vertex 77.0433 30.6903 5
    endloop
  endfacet
  facet normal 0 0 1
    outer loop
      vertex 76.2322 31.2322 5
      vertex 76.2322 19.7678 5
      vertex 77.0433 20.3097 5
    endloop
  endfacet
  facet normal 0 0 1
    outer loop
      vertex 65.3097 32.0433 5
      vertex 75.6903 32.0433 5
      vertex 65.5 33 5
    endloop
  endfacet
  facet normal 0 0 1
    outer loop
      vertex 75.6903 32.0433 5
      vertex 65.3097 32.0433 5
      vertex 76.2322 31.2322 5
    endloop
  endfacet
  facet normal -0 0 1
    outer loop
      vertex 65.5 33 5
      vertex 75.6903 32.0433 5
      vertex 75.5 33 5
    endloop
  endfacet
  facet normal 0 0 1
    outer loop
      vertex 64.7678 31.2322 5
      vertex 76.2322 31.2322 5
      vertex 65.3097 32.0433 5
    endloop
  endfacet
  facet normal -0 0 1
    outer loop
      vertex 80.3097 47.0433 5
      vertex 80.5 33 5
      vertex 80.5 48 5
    endloop
  endfacet
  facet normal 0 0 1
    outer loop
      vertex 80.3097 47.0433 5
      vertex 80.3097 33.9567 5
      vertex 80.5 33 5
    endloop
  endfacet
  facet normal -0 0 1
    outer loop
      vertex 79.7678 46.2322 5
      vertex 80.3097 33.9567 5
      vertex 80.3097 47.0433 5
    endloop
  endfacet
  facet normal 0 0 1
    outer loop
      vertex 79.7678 46.2322 5
      vertex 79.7678 34.7678 5
      vertex 80.3097 33.9567 5
    endloop
  endfacet
  facet normal -0 0 1
    outer loop
      vertex 78.9567 45.6903 5
      vertex 79.7678 34.7678 5
      vertex 79.7678 46.2322 5
    endloop
  endfacet
  facet normal 0 0 1
    outer loop
      vertex 78.9567 45.6903 5
      vertex 78.9567 35.3097 5
      vertex 79.7678 34.7678 5
    endloop
  endfacet
  facet normal -0 0 1
    outer loop
      vertex 78 45.5 5
      vertex 78.9567 35.3097 5
      vertex 78.9567 45.6903 5
    endloop
  endfacet
  facet normal 0 0 1
    outer loop
      vertex 78 45.5 5
      vertex 78 35.5 5
      vertex 78.9567 35.3097 5
    endloop
  endfacet
  facet normal 0 0 1
    outer loop
      vertex 77.0433 45.6903 5
      vertex 78 35.5 5
      vertex 78 45.5 5
    endloop
  endfacet
  facet normal 0 0 1
    outer loop
      vertex 77.0433 45.6903 5
      vertex 77.0433 35.3097 5
      vertex 78 35.5 5
    endloop
  endfacet
  facet normal 0 0 1
    outer loop
      vertex 76.2322 46.2322 5
      vertex 77.0433 35.3097 5
      vertex 77.0433 45.6903 5
    endloop
  endfacet
  facet normal 0 0 1
    outer loop
      vertex 76.2322 46.2322 5
      vertex 76.2322 34.7678 5
      vertex 77.0433 35.3097 5
    endloop
  endfacet
  facet normal 0 0 1
    outer loop
      vertex 65.3097 47.0433 5
      vertex 75.6903 47.0433 5
      vertex 65.5 48 5
    endloop
  endfacet
  facet normal 0 0 1
    outer loop
      vertex 75.6903 47.0433 5
      vertex 65.3097 47.0433 5
      vertex 76.2322 46.2322 5
    endloop
  endfacet
  facet normal -0 0 1
    outer loop
      vertex 65.5 48 5
      vertex 75.6903 47.0433 5
      vertex 75.5 48 5
    endloop
  endfacet
  facet normal 0 0 1
    outer loop
      vertex 64.7678 46.2322 5
      vertex 76.2322 46.2322 5
      vertex 65.3097 47.0433 5
    endloop
  endfacet
  facet normal 0 0 1
    outer loop
      vertex 75.5 74.3 5
      vertex 81.2359 72.5132 5
      vertex 80.482 73.132 5
    endloop
  endfacet
  facet normal 0 0 1
    outer loop
      vertex 81.2359 72.5132 5
      vertex 80.3097 48.9567 5
      vertex 80.5 48 5
    endloop
  endfacet
  facet normal 0 0 1
    outer loop
      vertex 75.5 74.3 5
      vertex 80.482 73.132 5
      vertex 79.8663 73.8821 5
    endloop
  endfacet
  facet normal 0 0 1
    outer loop
      vertex 75.5 74.3 5
      vertex 79.8663 73.8821 5
      vertex 79.8632 73.8859 5
    endloop
  endfacet
  facet normal 0 0 1
    outer loop
      vertex 75.5 74.3 5
      vertex 79.8632 73.8859 5
      vertex 79.8609 73.8902 5
    endloop
  endfacet
  facet normal 0 0 1
    outer loop
      vertex 81.2359 72.5132 5
      vertex 79.7678 49.7678 5
      vertex 80.3097 48.9567 5
    endloop
  endfacet
  facet normal -0 0 1
    outer loop
      vertex 75.5 74.3 5
      vertex 79.8609 73.8902 5
      vertex 79.6419 74.3 5
    endloop
  endfacet
  facet normal 0 0 1
    outer loop
      vertex 81.2359 72.5132 5
      vertex 78.9567 50.3097 5
      vertex 79.7678 49.7678 5
    endloop
  endfacet
  facet normal 0 0 1
    outer loop
      vertex 81.2359 72.5132 5
      vertex 78 50.5 5
      vertex 78.9567 50.3097 5
    endloop
  endfacet
  facet normal -0 0 1
    outer loop
      vertex 74.75 74.3 5
      vertex 81.2359 72.5132 5
      vertex 75.5 74.3 5
    endloop
  endfacet
  facet normal 0 0 1
    outer loop
      vertex 81.2359 72.5132 5
      vertex 77.0433 50.3097 5
      vertex 78 50.5 5
    endloop
  endfacet
  facet normal 0 0 1
    outer loop
      vertex 81.2359 72.5132 5
      vertex 74.75 74.3 5
      vertex 77.0433 50.3097 5
    endloop
  endfacet
  facet normal 0 0 1
    outer loop
      vertex 63.9567 50.3097 5
      vertex 77.0433 50.3097 5
      vertex 74.75 74.3 5
    endloop
  endfacet
  facet normal 0 0 1
    outer loop
      vertex 77.0433 50.3097 5
      vertex 65.3097 48.9567 5
      vertex 76.2322 49.7678 5
    endloop
  endfacet
  facet normal 0 0 1
    outer loop
      vertex 184 82.3 5
      vertex 105.5 77.3 5
      vertex 184 0 5
    endloop
  endfacet
  facet normal -0 0 1
    outer loop
      vertex 84.9706 81.5296 5
      vertex 105.5 77.3 5
      vertex 184 82.3 5
    endloop
  endfacet
  facet normal 0 0 1
    outer loop
      vertex 100.5 74.3 5
      vertex 102.5 77.3 5
      vertex 100.5 77.5 5
    endloop
  endfacet
  facet normal -0 -0 1
    outer loop
      vertex 100.5 77.5 5
      vertex 105.5 77.3 5
      vertex 85.9039 81.2465 5
    endloop
  endfacet
  facet normal 0 0 1
    outer loop
      vertex 105.5 77.3 5
      vertex 100.5 77.5 5
      vertex 102.5 77.3 5
    endloop
  endfacet
  facet normal 0 0 1
    outer loop
      vertex 100.5 77.5 5
      vertex 88.8801 77.6158 5
      vertex 88.8915 77.5 5
    endloop
  endfacet
  facet normal 0 0 1
    outer loop
      vertex 100.5 77.5 5
      vertex 88.8796 77.6206 5
      vertex 88.8801 77.6158 5
    endloop
  endfacet
  facet normal 0 0 1
    outer loop
      vertex 100.5 77.5 5
      vertex 88.8782 77.6253 5
      vertex 88.8796 77.6206 5
    endloop
  endfacet
  facet normal 0 0 1
    outer loop
      vertex 100.5 77.5 5
      vertex 88.5965 78.5539 5
      vertex 88.8782 77.6253 5
    endloop
  endfacet
  facet normal 0 0 1
    outer loop
      vertex 100.5 77.5 5
      vertex 88.1391 79.4098 5
      vertex 88.5965 78.5539 5
    endloop
  endfacet
  facet normal 0 0 1
    outer loop
      vertex 100.5 77.5 5
      vertex 88.1368 79.4141 5
      vertex 88.1391 79.4098 5
    endloop
  endfacet
  facet normal 0 0 1
    outer loop
      vertex 100.5 77.5 5
      vertex 88.1337 79.4178 5
      vertex 88.1368 79.4141 5
    endloop
  endfacet
  facet normal 0 0 1
    outer loop
      vertex 100.5 77.5 5
      vertex 87.518 80.168 5
      vertex 88.1337 79.4178 5
    endloop
  endfacet
  facet normal 0 0 1
    outer loop
      vertex 100.5 77.5 5
      vertex 87.5143 80.1711 5
      vertex 87.518 80.168 5
    endloop
  endfacet
  facet normal 0 0 1
    outer loop
      vertex 100.5 77.5 5
      vertex 86.7641 80.7868 5
      vertex 87.5143 80.1711 5
    endloop
  endfacet
  facet normal 0 0 1
    outer loop
      vertex 100.5 77.5 5
      vertex 85.9082 81.2442 5
      vertex 86.7641 80.7868 5
    endloop
  endfacet
  facet normal 0 0 1
    outer loop
      vertex 100.5 77.5 5
      vertex 85.9039 81.2465 5
      vertex 85.9082 81.2442 5
    endloop
  endfacet
  facet normal 0 0 1
    outer loop
      vertex 105.5 77.3 5
      vertex 84.9706 81.5296 5
      vertex 85.9039 81.2465 5
    endloop
  endfacet
  facet normal 0 0 1
    outer loop
      vertex 184 82.3 5
      vertex 84.0048 81.6248 5
      vertex 84.9706 81.5296 5
    endloop
  endfacet
  facet normal 0 0 1
    outer loop
      vertex 184 82.3 5
      vertex 84 81.6252 5
      vertex 84.0048 81.6248 5
    endloop
  endfacet
  facet normal 0 0 1
    outer loop
      vertex 64.25 82.3 5
      vertex 82.0918 81.2442 5
      vertex 82.0961 81.2465 5
    endloop
  endfacet
  facet normal 0 0 1
    outer loop
      vertex 75.5 77.5 5
      vertex 79.8663 79.4178 5
      vertex 80.482 80.168 5
    endloop
  endfacet
  facet normal 0 0 1
    outer loop
      vertex 75.5 77.5 5
      vertex 79.1218 77.6253 5
      vertex 79.4035 78.5539 5
    endloop
  endfacet
  facet normal 0 0 1
    outer loop
      vertex 75.5 77.5 5
      vertex 79.1199 77.6158 5
      vertex 79.1203 77.6206 5
    endloop
  endfacet
  facet normal 0 0 1
    outer loop
      vertex 79.1199 77.6158 5
      vertex 75.5 77.5 5
      vertex 79.1085 77.5 5
    endloop
  endfacet
  facet normal 0 0 1
    outer loop
      vertex 79.1218 77.6253 5
      vertex 75.5 77.5 5
      vertex 79.1203 77.6206 5
    endloop
  endfacet
  facet normal 0 0 1
    outer loop
      vertex 79.8609 79.4098 5
      vertex 75.5 77.5 5
      vertex 79.4035 78.5539 5
    endloop
  endfacet
  facet normal 0 0 1
    outer loop
      vertex 79.8632 79.4141 5
      vertex 75.5 77.5 5
      vertex 79.8609 79.4098 5
    endloop
  endfacet
  facet normal 0 0 1
    outer loop
      vertex 79.8663 79.4178 5
      vertex 75.5 77.5 5
      vertex 79.8632 79.4141 5
    endloop
  endfacet
  facet normal 0 0 1
    outer loop
      vertex 64.25 82.3 5
      vertex 80.482 80.168 5
      vertex 80.4857 80.1711 5
    endloop
  endfacet
  facet normal 0 0 1
    outer loop
      vertex 64.25 82.3 5
      vertex 80.4857 80.1711 5
      vertex 81.2359 80.7868 5
    endloop
  endfacet
  facet normal -0 0 1
    outer loop
      vertex 74.75 77.3 5
      vertex 75.5 74.3 5
      vertex 75.5 77.5 5
    endloop
  endfacet
  facet normal 0 0 1
    outer loop
      vertex 65.3097 48.9567 5
      vertex 75.6903 48.9567 5
      vertex 76.2322 49.7678 5
    endloop
  endfacet
  facet normal 0 0 1
    outer loop
      vertex 75.6903 48.9567 5
      vertex 65.5 48 5
      vertex 75.5 48 5
    endloop
  endfacet
  facet normal 0 0 1
    outer loop
      vertex 75.5 74.3 5
      vertex 74.75 77.3 5
      vertex 74.75 74.3 5
    endloop
  endfacet
  facet normal 0 0 1
    outer loop
      vertex 80.482 80.168 5
      vertex 64.25 82.3 5
      vertex 75.5 77.5 5
    endloop
  endfacet
  facet normal -0 0 1
    outer loop
      vertex 64.25 82.3 5
      vertex 84 81.6252 5
      vertex 184 82.3 5
    endloop
  endfacet
  facet normal 0 0 1
    outer loop
      vertex 64.25 82.3 5
      vertex 83.9952 81.6248 5
      vertex 84 81.6252 5
    endloop
  endfacet
  facet normal 0 0 1
    outer loop
      vertex 64.25 82.3 5
      vertex 83.0294 81.5296 5
      vertex 83.9952 81.6248 5
    endloop
  endfacet
  facet normal 0 0 1
    outer loop
      vertex 64.25 82.3 5
      vertex 82.0961 81.2465 5
      vertex 83.0294 81.5296 5
    endloop
  endfacet
  facet normal 0 0 1
    outer loop
      vertex 82.0918 81.2442 5
      vertex 64.25 82.3 5
      vertex 81.2359 80.7868 5
    endloop
  endfacet
  facet normal 0 0 1
    outer loop
      vertex 75.5 77.5 5
      vertex 64.25 82.3 5
      vertex 74.75 77.3 5
    endloop
  endfacet
  facet normal 0 0 1
    outer loop
      vertex 74.75 77.3 5
      vertex 64.25 82.3 5
      vertex 64.25 77.3 5
    endloop
  endfacet
  facet normal -0 0 1
    outer loop
      vertex 105.5 3 5
      vertex 184 0 5
      vertex 105.5 77.3 5
    endloop
  endfacet
  facet normal 0 0 1
    outer loop
      vertex 105.5 3 5
      vertex 5 0 5
      vertex 184 0 5
    endloop
  endfacet
  facet normal -0 0 1
    outer loop
      vertex 3 3 5
      vertex 5 0 5
      vertex 105.5 3 5
    endloop
  endfacet
  facet normal 0 0 1
    outer loop
      vertex 5 0 5
      vertex 3 3 5
      vertex 4.02455 0.0960732 5
    endloop
  endfacet
  facet normal 0 0 1
    outer loop
      vertex 4.02455 0.0960732 5
      vertex 3 3 5
      vertex 3.08658 0.380602 5
    endloop
  endfacet
  facet normal 0 0 1
    outer loop
      vertex 3.08658 0.380602 5
      vertex 3 3 5
      vertex 2.22215 0.842651 5
    endloop
  endfacet
  facet normal 0 0 1
    outer loop
      vertex 102.5 77.3 5
      vertex 100.5 74.3 5
      vertex 102.5 6 5
    endloop
  endfacet
  facet normal 0 0 1
    outer loop
      vertex 88.1391 73.8902 5
      vertex 100.5 74.3 5
      vertex 88.3581 74.3 5
    endloop
  endfacet
  facet normal 0 0 1
    outer loop
      vertex 88.1368 73.8859 5
      vertex 100.5 74.3 5
      vertex 88.1391 73.8902 5
    endloop
  endfacet
  facet normal 0 0 1
    outer loop
      vertex 88.1337 73.8821 5
      vertex 100.5 74.3 5
      vertex 88.1368 73.8859 5
    endloop
  endfacet
  facet normal 0 0 1
    outer loop
      vertex 87.518 73.132 5
      vertex 100.5 74.3 5
      vertex 88.1337 73.8821 5
    endloop
  endfacet
  facet normal 0 0 1
    outer loop
      vertex 86.7641 72.5132 5
      vertex 100.5 74.3 5
      vertex 87.518 73.132 5
    endloop
  endfacet
  facet normal 0 0 1
    outer loop
      vertex 100.5 74.3 5
      vertex 86.7641 72.5132 5
      vertex 80.5 48 5
    endloop
  endfacet
  facet normal 0 0 1
    outer loop
      vertex 80.5 48 5
      vertex 86.7641 72.5132 5
      vertex 85.9082 72.0558 5
    endloop
  endfacet
  facet normal 0 0 1
    outer loop
      vertex 80.5 48 5
      vertex 85.9082 72.0558 5
      vertex 85.9039 72.0535 5
    endloop
  endfacet
  facet normal 0 0 1
    outer loop
      vertex 80.5 48 5
      vertex 85.9039 72.0535 5
      vertex 84.9706 71.7703 5
    endloop
  endfacet
  facet normal 0 0 1
    outer loop
      vertex 80.5 48 5
      vertex 84.9706 71.7703 5
      vertex 84.9658 71.7699 5
    endloop
  endfacet
  facet normal 0 0 1
    outer loop
      vertex 80.5 48 5
      vertex 84.9658 71.7699 5
      vertex 84 71.6748 5
    endloop
  endfacet
  facet normal 0 0 1
    outer loop
      vertex 80.5 48 5
      vertex 84 71.6748 5
      vertex 83.0294 71.7703 5
    endloop
  endfacet
  facet normal 0 0 1
    outer loop
      vertex 80.5 48 5
      vertex 83.0294 71.7703 5
      vertex 82.0961 72.0535 5
    endloop
  endfacet
  facet normal 0 0 1
    outer loop
      vertex 80.5 48 5
      vertex 82.0961 72.0535 5
      vertex 82.0918 72.0558 5
    endloop
  endfacet
  facet normal 0 0 1
    outer loop
      vertex 80.5 48 5
      vertex 82.0918 72.0558 5
      vertex 81.2359 72.5132 5
    endloop
  endfacet
  facet normal 0 0 1
    outer loop
      vertex 100.5 74.3 5
      vertex 80.5 48 5
      vertex 102.5 6 5
    endloop
  endfacet
  facet normal -0 0 1
    outer loop
      vertex 80.5 33 5
      vertex 102.5 6 5
      vertex 80.5 48 5
    endloop
  endfacet
  facet normal -0 0 1
    outer loop
      vertex 80.3097 32.0433 5
      vertex 102.5 6 5
      vertex 80.5 33 5
    endloop
  endfacet
  facet normal -0 0 1
    outer loop
      vertex 80.3097 17.0433 5
      vertex 102.5 6 5
      vertex 80.5 18 5
    endloop
  endfacet
  facet normal -0 0 1
    outer loop
      vertex 79.7678 16.2322 5
      vertex 102.5 6 5
      vertex 80.3097 17.0433 5
    endloop
  endfacet
  facet normal -0 0 1
    outer loop
      vertex 78.9567 15.6903 5
      vertex 102.5 6 5
      vertex 79.7678 16.2322 5
    endloop
  endfacet
  facet normal -0 0 1
    outer loop
      vertex 78 15.5 5
      vertex 102.5 6 5
      vertex 78.9567 15.6903 5
    endloop
  endfacet
  facet normal 0 0 1
    outer loop
      vertex 63 15.5 5
      vertex 78 15.5 5
      vertex 77.0433 15.6903 5
    endloop
  endfacet
  facet normal 0 0 1
    outer loop
      vertex 76.2322 34.7678 5
      vertex 65.5 33 5
      vertex 75.6903 33.9567 5
    endloop
  endfacet
  facet normal 0 0 1
    outer loop
      vertex 75.6903 33.9567 5
      vertex 65.5 33 5
      vertex 75.5 33 5
    endloop
  endfacet
  facet normal 0 0 1
    outer loop
      vertex 76.2322 19.7678 5
      vertex 65.5 18 5
      vertex 75.6903 18.9567 5
    endloop
  endfacet
  facet normal 0 0 1
    outer loop
      vertex 75.6903 18.9567 5
      vertex 65.5 18 5
      vertex 75.5 18 5
    endloop
  endfacet
  facet normal 0 0 1
    outer loop
      vertex 75.5 18 5
      vertex 65.5 18 5
      vertex 75.6903 17.0433 5
    endloop
  endfacet
  facet normal 0 0 1
    outer loop
      vertex 65.3097 17.0433 5
      vertex 75.6903 17.0433 5
      vertex 65.5 18 5
    endloop
  endfacet
  facet normal 0 0 1
    outer loop
      vertex 75.6903 17.0433 5
      vertex 65.3097 17.0433 5
      vertex 76.2322 16.2322 5
    endloop
  endfacet
  facet normal 0 0 1
    outer loop
      vertex 64.7678 16.2322 5
      vertex 76.2322 16.2322 5
      vertex 65.3097 17.0433 5
    endloop
  endfacet
  facet normal 0 0 1
    outer loop
      vertex 76.2322 16.2322 5
      vertex 64.7678 16.2322 5
      vertex 77.0433 15.6903 5
    endloop
  endfacet
  facet normal 0 0 1
    outer loop
      vertex 63.9567 15.6903 5
      vertex 77.0433 15.6903 5
      vertex 64.7678 16.2322 5
    endloop
  endfacet
  facet normal 0 0 1
    outer loop
      vertex 63 15.5 5
      vertex 77.0433 15.6903 5
      vertex 63.9567 15.6903 5
    endloop
  endfacet
  facet normal 0 0 1
    outer loop
      vertex 78 15.5 5
      vertex 63 15.5 5
      vertex 102.5 6 5
    endloop
  endfacet
  facet normal 0 0 1
    outer loop
      vertex 48 15.5 5
      vertex 63 15.5 5
      vertex 62.0433 15.6903 5
    endloop
  endfacet
  facet normal 0 0 1
    outer loop
      vertex 60.6903 47.0433 5
      vertex 50.3097 47.0433 5
      vertex 49.7678 46.2322 5
    endloop
  endfacet
  facet normal 0 0 1
    outer loop
      vertex 60.5 33 5
      vertex 50.3097 33.9567 5
      vertex 50.5 33 5
    endloop
  endfacet
  facet normal 0 0 1
    outer loop
      vertex 61.2322 19.7678 5
      vertex 49.7678 19.7678 5
      vertex 60.6903 18.9567 5
    endloop
  endfacet
  facet normal 0 0 1
    outer loop
      vertex 50.3097 17.0433 5
      vertex 60.6903 17.0433 5
      vertex 50.5 18 5
    endloop
  endfacet
  facet normal 0 0 1
    outer loop
      vertex 60.6903 17.0433 5
      vertex 50.3097 17.0433 5
      vertex 61.2322 16.2322 5
    endloop
  endfacet
  facet normal 0 0 1
    outer loop
      vertex 49.7678 16.2322 5
      vertex 61.2322 16.2322 5
      vertex 50.3097 17.0433 5
    endloop
  endfacet
  facet normal 0 0 1
    outer loop
      vertex 61.2322 16.2322 5
      vertex 49.7678 16.2322 5
      vertex 62.0433 15.6903 5
    endloop
  endfacet
  facet normal 0 0 1
    outer loop
      vertex 48.9567 15.6903 5
      vertex 62.0433 15.6903 5
      vertex 49.7678 16.2322 5
    endloop
  endfacet
  facet normal 0 0 1
    outer loop
      vertex 48 15.5 5
      vertex 62.0433 15.6903 5
      vertex 48.9567 15.6903 5
    endloop
  endfacet
  facet normal 0 0 1
    outer loop
      vertex 63 15.5 5
      vertex 48 15.5 5
      vertex 102.5 6 5
    endloop
  endfacet
  facet normal 0 0 1
    outer loop
      vertex 34.7678 46.2322 5
      vertex 45.5 48 5
      vertex 35.3097 47.0433 5
    endloop
  endfacet
  facet normal 0 0 1
    outer loop
      vertex 45.5 33 5
      vertex 35.3097 33.9567 5
      vertex 35.5 33 5
    endloop
  endfacet
  facet normal 0 0 1
    outer loop
      vertex 45.5 33 5
      vertex 34.7678 31.2322 5
      vertex 45.5 18 5
    endloop
  endfacet
  facet normal 0 0 1
    outer loop
      vertex 35.3097 17.0433 5
      vertex 45.6903 17.0433 5
      vertex 35.5 18 5
    endloop
  endfacet
  facet normal 0 0 1
    outer loop
      vertex 45.6903 17.0433 5
      vertex 35.3097 17.0433 5
      vertex 46.2322 16.2322 5
    endloop
  endfacet
  facet normal 0 0 1
    outer loop
      vertex 34.7678 16.2322 5
      vertex 46.2322 16.2322 5
      vertex 35.3097 17.0433 5
    endloop
  endfacet
  facet normal 0 0 1
    outer loop
      vertex 46.2322 16.2322 5
      vertex 34.7678 16.2322 5
      vertex 47.0433 15.6903 5
    endloop
  endfacet
  facet normal 0 0 1
    outer loop
      vertex 33.9567 15.6903 5
      vertex 47.0433 15.6903 5
      vertex 34.7678 16.2322 5
    endloop
  endfacet
  facet normal 0 0 1
    outer loop
      vertex 47.0433 15.6903 5
      vertex 33.9567 15.6903 5
      vertex 48 15.5 5
    endloop
  endfacet
  facet normal 0 0 1
    outer loop
      vertex 33 15.5 5
      vertex 48 15.5 5
      vertex 33.9567 15.6903 5
    endloop
  endfacet
  facet normal 0 0 1
    outer loop
      vertex 6 6 5
      vertex 48 15.5 5
      vertex 33 15.5 5
    endloop
  endfacet
  facet normal 0 0 1
    outer loop
      vertex 19.7678 46.2322 5
      vertex 30.5 48 5
      vertex 20.3097 47.0433 5
    endloop
  endfacet
  facet normal 0 0 1
    outer loop
      vertex 30.5 33 5
      vertex 20.3097 33.9567 5
      vertex 20.5 33 5
    endloop
  endfacet
  facet normal 0 0 1
    outer loop
      vertex 30.5 33 5
      vertex 19.7678 31.2322 5
      vertex 30.5 18 5
    endloop
  endfacet
  facet normal 0 0 1
    outer loop
      vertex 20.3097 17.0433 5
      vertex 30.6903 17.0433 5
      vertex 20.5 18 5
    endloop
  endfacet
  facet normal 0 0 1
    outer loop
      vertex 30.6903 17.0433 5
      vertex 20.3097 17.0433 5
      vertex 31.2322 16.2322 5
    endloop
  endfacet
  facet normal 0 0 1
    outer loop
      vertex 19.7678 16.2322 5
      vertex 31.2322 16.2322 5
      vertex 20.3097 17.0433 5
    endloop
  endfacet
  facet normal 0 0 1
    outer loop
      vertex 31.2322 16.2322 5
      vertex 19.7678 16.2322 5
      vertex 32.0433 15.6903 5
    endloop
  endfacet
  facet normal 0 0 1
    outer loop
      vertex 18.9567 15.6903 5
      vertex 32.0433 15.6903 5
      vertex 19.7678 16.2322 5
    endloop
  endfacet
  facet normal 0 0 1
    outer loop
      vertex 6 6 5
      vertex 32.0433 15.6903 5
      vertex 18.9567 15.6903 5
    endloop
  endfacet
  facet normal 0 0 1
    outer loop
      vertex 32.0433 15.6903 5
      vertex 6 6 5
      vertex 33 15.5 5
    endloop
  endfacet
  facet normal 0 0 1
    outer loop
      vertex 6 6 5
      vertex 18.9567 15.6903 5
      vertex 18 15.5 5
    endloop
  endfacet
  facet normal 0 0 1
    outer loop
      vertex 48 15.5 5
      vertex 6 6 5
      vertex 102.5 6 5
    endloop
  endfacet
  facet normal 0 0 1
    outer loop
      vertex 17.0433 15.6903 5
      vertex 6 6 5
      vertex 18 15.5 5
    endloop
  endfacet
  facet normal 0 0 1
    outer loop
      vertex 16.2322 16.2322 5
      vertex 6 6 5
      vertex 17.0433 15.6903 5
    endloop
  endfacet
  facet normal 0 0 1
    outer loop
      vertex 15.6903 17.0433 5
      vertex 6 6 5
      vertex 16.2322 16.2322 5
    endloop
  endfacet
  facet normal 0 0 1
    outer loop
      vertex 15.5 18 5
      vertex 6 6 5
      vertex 15.6903 17.0433 5
    endloop
  endfacet
  facet normal 0 0 1
    outer loop
      vertex 15.5 33 5
      vertex 6 6 5
      vertex 15.5 18 5
    endloop
  endfacet
  facet normal -0 0 1
    outer loop
      vertex 0 151.65 5
      vertex 3 82.3 5
      vertex 3 151.65 5
    endloop
  endfacet
  facet normal 0 0 1
    outer loop
      vertex 3 82.3 5
      vertex 0 151.65 5
      vertex 3 77.3 5
    endloop
  endfacet
  facet normal 0 0 1
    outer loop
      vertex 3 77.3 5
      vertex 0 5 5
      vertex 3 3 5
    endloop
  endfacet
  facet normal -0 -0 1
    outer loop
      vertex 0.0960732 4.02455 5
      vertex 3 3 5
      vertex 0 5 5
    endloop
  endfacet
  facet normal 0 0 1
    outer loop
      vertex 3 3 5
      vertex 1.46447 1.46447 5
      vertex 2.22215 0.842651 5
    endloop
  endfacet
  facet normal 0 0 1
    outer loop
      vertex 3 3 5
      vertex 0.842651 2.22215 5
      vertex 1.46447 1.46447 5
    endloop
  endfacet
  facet normal 0 0 1
    outer loop
      vertex 3 3 5
      vertex 0.380602 3.08658 5
      vertex 0.842651 2.22215 5
    endloop
  endfacet
  facet normal 0 0 1
    outer loop
      vertex 3 77.3 5
      vertex 0 151.65 5
      vertex 0 5 5
    endloop
  endfacet
  facet normal 0 0 1
    outer loop
      vertex 3 3 5
      vertex 0.0960732 4.02455 5
      vertex 0.380602 3.08658 5
    endloop
  endfacet
  facet normal -0 0 1
    outer loop
      vertex 3 82.3 5
      vertex 44.25 77.3 5
      vertex 44.25 82.3 5
    endloop
  endfacet
  facet normal 0 0 1
    outer loop
      vertex 44.25 77.3 5
      vertex 3 82.3 5
      vertex 3 77.3 5
    endloop
  endfacet
  facet normal -0 0 1
    outer loop
      vertex 19.7678 19.7678 5
      vertex 30.5 18 5
      vertex 19.7678 31.2322 5
    endloop
  endfacet
  facet normal 0 0 1
    outer loop
      vertex 30.5 18 5
      vertex 20.5 18 5
      vertex 30.6903 17.0433 5
    endloop
  endfacet
  facet normal -0 -0 1
    outer loop
      vertex 20.3097 18.9567 5
      vertex 30.5 18 5
      vertex 19.7678 19.7678 5
    endloop
  endfacet
  facet normal 0 -0 1
    outer loop
      vertex 20.5 18 5
      vertex 30.5 18 5
      vertex 20.3097 18.9567 5
    endloop
  endfacet
  facet normal -0 0 1
    outer loop
      vertex 18.9567 30.6903 5
      vertex 19.7678 19.7678 5
      vertex 19.7678 31.2322 5
    endloop
  endfacet
  facet normal 0 0 1
    outer loop
      vertex 18.9567 30.6903 5
      vertex 18.9567 20.3097 5
      vertex 19.7678 19.7678 5
    endloop
  endfacet
  facet normal -0 0 1
    outer loop
      vertex 18 30.5 5
      vertex 18.9567 20.3097 5
      vertex 18.9567 30.6903 5
    endloop
  endfacet
  facet normal 0 0 1
    outer loop
      vertex 18 30.5 5
      vertex 18 20.5 5
      vertex 18.9567 20.3097 5
    endloop
  endfacet
  facet normal 0 0 1
    outer loop
      vertex 17.0433 30.6903 5
      vertex 18 20.5 5
      vertex 18 30.5 5
    endloop
  endfacet
  facet normal 0 0 1
    outer loop
      vertex 17.0433 30.6903 5
      vertex 17.0433 20.3097 5
      vertex 18 20.5 5
    endloop
  endfacet
  facet normal 0 0 1
    outer loop
      vertex 16.2322 31.2322 5
      vertex 17.0433 20.3097 5
      vertex 17.0433 30.6903 5
    endloop
  endfacet
  facet normal 0 0 1
    outer loop
      vertex 16.2322 31.2322 5
      vertex 16.2322 19.7678 5
      vertex 17.0433 20.3097 5
    endloop
  endfacet
  facet normal 0 0 1
    outer loop
      vertex 15.6903 32.0433 5
      vertex 16.2322 19.7678 5
      vertex 16.2322 31.2322 5
    endloop
  endfacet
  facet normal 0 0 1
    outer loop
      vertex 15.6903 32.0433 5
      vertex 15.6903 18.9567 5
      vertex 16.2322 19.7678 5
    endloop
  endfacet
  facet normal 0 0 1
    outer loop
      vertex 15.5 33 5
      vertex 15.6903 18.9567 5
      vertex 15.6903 32.0433 5
    endloop
  endfacet
  facet normal 0 0 1
    outer loop
      vertex 15.6903 18.9567 5
      vertex 15.5 33 5
      vertex 15.5 18 5
    endloop
  endfacet
  facet normal 0 0 1
    outer loop
      vertex 20.3097 32.0433 5
      vertex 30.5 33 5
      vertex 20.5 33 5
    endloop
  endfacet
  facet normal 0 0 1
    outer loop
      vertex 19.7678 31.2322 5
      vertex 30.5 33 5
      vertex 20.3097 32.0433 5
    endloop
  endfacet
  facet normal 0 0 1
    outer loop
      vertex 19.7678 34.7678 5
      vertex 30.5 48 5
      vertex 19.7678 46.2322 5
    endloop
  endfacet
  facet normal 0 0 1
    outer loop
      vertex 30.6903 33.9567 5
      vertex 20.3097 33.9567 5
      vertex 30.5 33 5
    endloop
  endfacet
  facet normal -0 0 1
    outer loop
      vertex 18.9567 45.6903 5
      vertex 19.7678 34.7678 5
      vertex 19.7678 46.2322 5
    endloop
  endfacet
  facet normal 0 0 1
    outer loop
      vertex 18.9567 45.6903 5
      vertex 18.9567 35.3097 5
      vertex 19.7678 34.7678 5
    endloop
  endfacet
  facet normal -0 0 1
    outer loop
      vertex 18 45.5 5
      vertex 18.9567 35.3097 5
      vertex 18.9567 45.6903 5
    endloop
  endfacet
  facet normal 0 0 1
    outer loop
      vertex 18 45.5 5
      vertex 18 35.5 5
      vertex 18.9567 35.3097 5
    endloop
  endfacet
  facet normal 0 0 1
    outer loop
      vertex 17.0433 45.6903 5
      vertex 18 35.5 5
      vertex 18 45.5 5
    endloop
  endfacet
  facet normal 0 0 1
    outer loop
      vertex 17.0433 45.6903 5
      vertex 17.0433 35.3097 5
      vertex 18 35.5 5
    endloop
  endfacet
  facet normal 0 0 1
    outer loop
      vertex 16.2322 46.2322 5
      vertex 17.0433 35.3097 5
      vertex 17.0433 45.6903 5
    endloop
  endfacet
  facet normal 0 0 1
    outer loop
      vertex 16.2322 46.2322 5
      vertex 16.2322 34.7678 5
      vertex 17.0433 35.3097 5
    endloop
  endfacet
  facet normal 0 0 1
    outer loop
      vertex 15.6903 47.0433 5
      vertex 16.2322 34.7678 5
      vertex 16.2322 46.2322 5
    endloop
  endfacet
  facet normal 0 0 1
    outer loop
      vertex 15.6903 47.0433 5
      vertex 15.6903 33.9567 5
      vertex 16.2322 34.7678 5
    endloop
  endfacet
  facet normal 0 0 1
    outer loop
      vertex 15.5 48 5
      vertex 15.6903 33.9567 5
      vertex 15.6903 47.0433 5
    endloop
  endfacet
  facet normal 0 0 1
    outer loop
      vertex 15.6903 33.9567 5
      vertex 15.5 48 5
      vertex 15.5 33 5
    endloop
  endfacet
  facet normal -0 0 1
    outer loop
      vertex 34.7678 19.7678 5
      vertex 45.5 18 5
      vertex 34.7678 31.2322 5
    endloop
  endfacet
  facet normal 0 0 1
    outer loop
      vertex 45.5 18 5
      vertex 35.5 18 5
      vertex 45.6903 17.0433 5
    endloop
  endfacet
  facet normal -0 -0 1
    outer loop
      vertex 35.3097 18.9567 5
      vertex 45.5 18 5
      vertex 34.7678 19.7678 5
    endloop
  endfacet
  facet normal 0 -0 1
    outer loop
      vertex 35.5 18 5
      vertex 45.5 18 5
      vertex 35.3097 18.9567 5
    endloop
  endfacet
  facet normal -0 0 1
    outer loop
      vertex 33.9567 30.6903 5
      vertex 34.7678 19.7678 5
      vertex 34.7678 31.2322 5
    endloop
  endfacet
  facet normal 0 0 1
    outer loop
      vertex 33.9567 30.6903 5
      vertex 33.9567 20.3097 5
      vertex 34.7678 19.7678 5
    endloop
  endfacet
  facet normal -0 0 1
    outer loop
      vertex 33 30.5 5
      vertex 33.9567 20.3097 5
      vertex 33.9567 30.6903 5
    endloop
  endfacet
  facet normal 0 0 1
    outer loop
      vertex 33 30.5 5
      vertex 33 20.5 5
      vertex 33.9567 20.3097 5
    endloop
  endfacet
  facet normal 0 0 1
    outer loop
      vertex 32.0433 30.6903 5
      vertex 33 20.5 5
      vertex 33 30.5 5
    endloop
  endfacet
  facet normal 0 0 1
    outer loop
      vertex 32.0433 30.6903 5
      vertex 32.0433 20.3097 5
      vertex 33 20.5 5
    endloop
  endfacet
  facet normal 0 0 1
    outer loop
      vertex 31.2322 31.2322 5
      vertex 32.0433 20.3097 5
      vertex 32.0433 30.6903 5
    endloop
  endfacet
  facet normal 0 0 1
    outer loop
      vertex 31.2322 31.2322 5
      vertex 31.2322 19.7678 5
      vertex 32.0433 20.3097 5
    endloop
  endfacet
  facet normal 0 0 1
    outer loop
      vertex 30.6903 32.0433 5
      vertex 31.2322 19.7678 5
      vertex 31.2322 31.2322 5
    endloop
  endfacet
  facet normal 0 0 1
    outer loop
      vertex 30.6903 32.0433 5
      vertex 30.6903 18.9567 5
      vertex 31.2322 19.7678 5
    endloop
  endfacet
  facet normal 0 0 1
    outer loop
      vertex 30.5 33 5
      vertex 30.6903 18.9567 5
      vertex 30.6903 32.0433 5
    endloop
  endfacet
  facet normal 0 0 1
    outer loop
      vertex 30.6903 18.9567 5
      vertex 30.5 33 5
      vertex 30.5 18 5
    endloop
  endfacet
  facet normal 0 0 1
    outer loop
      vertex 35.3097 32.0433 5
      vertex 45.5 33 5
      vertex 35.5 33 5
    endloop
  endfacet
  facet normal 0 0 1
    outer loop
      vertex 34.7678 31.2322 5
      vertex 45.5 33 5
      vertex 35.3097 32.0433 5
    endloop
  endfacet
  facet normal 0 0 1
    outer loop
      vertex 34.7678 34.7678 5
      vertex 45.5 48 5
      vertex 34.7678 46.2322 5
    endloop
  endfacet
  facet normal 0 0 1
    outer loop
      vertex 45.6903 33.9567 5
      vertex 35.3097 33.9567 5
      vertex 45.5 33 5
    endloop
  endfacet
  facet normal -0 0 1
    outer loop
      vertex 33.9567 45.6903 5
      vertex 34.7678 34.7678 5
      vertex 34.7678 46.2322 5
    endloop
  endfacet
  facet normal 0 0 1
    outer loop
      vertex 33.9567 45.6903 5
      vertex 33.9567 35.3097 5
      vertex 34.7678 34.7678 5
    endloop
  endfacet
  facet normal -0 0 1
    outer loop
      vertex 33 45.5 5
      vertex 33.9567 35.3097 5
      vertex 33.9567 45.6903 5
    endloop
  endfacet
  facet normal 0 0 1
    outer loop
      vertex 33 45.5 5
      vertex 33 35.5 5
      vertex 33.9567 35.3097 5
    endloop
  endfacet
  facet normal 0 0 1
    outer loop
      vertex 32.0433 45.6903 5
      vertex 33 35.5 5
      vertex 33 45.5 5
    endloop
  endfacet
  facet normal 0 0 1
    outer loop
      vertex 32.0433 45.6903 5
      vertex 32.0433 35.3097 5
      vertex 33 35.5 5
    endloop
  endfacet
  facet normal 0 0 1
    outer loop
      vertex 31.2322 46.2322 5
      vertex 32.0433 35.3097 5
      vertex 32.0433 45.6903 5
    endloop
  endfacet
  facet normal 0 0 1
    outer loop
      vertex 31.2322 46.2322 5
      vertex 31.2322 34.7678 5
      vertex 32.0433 35.3097 5
    endloop
  endfacet
  facet normal 0 0 1
    outer loop
      vertex 19.7678 34.7678 5
      vertex 31.2322 46.2322 5
      vertex 30.6903 47.0433 5
    endloop
  endfacet
  facet normal 0 0 1
    outer loop
      vertex 31.2322 46.2322 5
      vertex 19.7678 34.7678 5
      vertex 31.2322 34.7678 5
    endloop
  endfacet
  facet normal 0 0 1
    outer loop
      vertex 19.7678 34.7678 5
      vertex 30.6903 47.0433 5
      vertex 30.5 48 5
    endloop
  endfacet
  facet normal 0 0 1
    outer loop
      vertex 31.2322 34.7678 5
      vertex 19.7678 34.7678 5
      vertex 30.6903 33.9567 5
    endloop
  endfacet
  facet normal 0 -0 1
    outer loop
      vertex 50.3097 18.9567 5
      vertex 60.6903 18.9567 5
      vertex 49.7678 19.7678 5
    endloop
  endfacet
  facet normal 0 0 1
    outer loop
      vertex 60.5 18 5
      vertex 50.5 18 5
      vertex 60.6903 17.0433 5
    endloop
  endfacet
  facet normal 0 0 1
    outer loop
      vertex 60.6903 18.9567 5
      vertex 50.3097 18.9567 5
      vertex 60.5 18 5
    endloop
  endfacet
  facet normal 0 -0 1
    outer loop
      vertex 50.5 18 5
      vertex 60.5 18 5
      vertex 50.3097 18.9567 5
    endloop
  endfacet
  facet normal -0 0 1
    outer loop
      vertex 48.9567 30.6903 5
      vertex 49.7678 19.7678 5
      vertex 49.7678 31.2322 5
    endloop
  endfacet
  facet normal 0 0 1
    outer loop
      vertex 48.9567 30.6903 5
      vertex 48.9567 20.3097 5
      vertex 49.7678 19.7678 5
    endloop
  endfacet
  facet normal -0 0 1
    outer loop
      vertex 48 30.5 5
      vertex 48.9567 20.3097 5
      vertex 48.9567 30.6903 5
    endloop
  endfacet
  facet normal 0 0 1
    outer loop
      vertex 48 30.5 5
      vertex 48 20.5 5
      vertex 48.9567 20.3097 5
    endloop
  endfacet
  facet normal 0 0 1
    outer loop
      vertex 47.0433 30.6903 5
      vertex 48 20.5 5
      vertex 48 30.5 5
    endloop
  endfacet
  facet normal 0 0 1
    outer loop
      vertex 47.0433 30.6903 5
      vertex 47.0433 20.3097 5
      vertex 48 20.5 5
    endloop
  endfacet
  facet normal 0 0 1
    outer loop
      vertex 46.2322 31.2322 5
      vertex 47.0433 20.3097 5
      vertex 47.0433 30.6903 5
    endloop
  endfacet
  facet normal 0 0 1
    outer loop
      vertex 46.2322 31.2322 5
      vertex 46.2322 19.7678 5
      vertex 47.0433 20.3097 5
    endloop
  endfacet
  facet normal 0 0 1
    outer loop
      vertex 45.6903 32.0433 5
      vertex 46.2322 19.7678 5
      vertex 46.2322 31.2322 5
    endloop
  endfacet
  facet normal 0 0 1
    outer loop
      vertex 45.6903 32.0433 5
      vertex 45.6903 18.9567 5
      vertex 46.2322 19.7678 5
    endloop
  endfacet
  facet normal 0 0 1
    outer loop
      vertex 45.5 33 5
      vertex 45.6903 18.9567 5
      vertex 45.6903 32.0433 5
    endloop
  endfacet
  facet normal 0 0 1
    outer loop
      vertex 45.6903 18.9567 5
      vertex 45.5 33 5
      vertex 45.5 18 5
    endloop
  endfacet
  facet normal 0 0 1
    outer loop
      vertex 50.3097 32.0433 5
      vertex 60.5 33 5
      vertex 50.5 33 5
    endloop
  endfacet
  facet normal 0 0 1
    outer loop
      vertex 60.6903 32.0433 5
      vertex 50.3097 32.0433 5
      vertex 49.7678 31.2322 5
    endloop
  endfacet
  facet normal 0 0 1
    outer loop
      vertex 61.2322 34.7678 5
      vertex 49.7678 34.7678 5
      vertex 60.6903 33.9567 5
    endloop
  endfacet
  facet normal 0 0 1
    outer loop
      vertex 60.6903 33.9567 5
      vertex 50.3097 33.9567 5
      vertex 60.5 33 5
    endloop
  endfacet
  facet normal -0 0 1
    outer loop
      vertex 48.9567 45.6903 5
      vertex 49.7678 34.7678 5
      vertex 49.7678 46.2322 5
    endloop
  endfacet
  facet normal 0 0 1
    outer loop
      vertex 48.9567 45.6903 5
      vertex 48.9567 35.3097 5
      vertex 49.7678 34.7678 5
    endloop
  endfacet
  facet normal -0 0 1
    outer loop
      vertex 48 45.5 5
      vertex 48.9567 35.3097 5
      vertex 48.9567 45.6903 5
    endloop
  endfacet
  facet normal 0 0 1
    outer loop
      vertex 48 45.5 5
      vertex 48 35.5 5
      vertex 48.9567 35.3097 5
    endloop
  endfacet
  facet normal 0 0 1
    outer loop
      vertex 47.0433 45.6903 5
      vertex 48 35.5 5
      vertex 48 45.5 5
    endloop
  endfacet
  facet normal 0 0 1
    outer loop
      vertex 47.0433 45.6903 5
      vertex 47.0433 35.3097 5
      vertex 48 35.5 5
    endloop
  endfacet
  facet normal 0 0 1
    outer loop
      vertex 46.2322 46.2322 5
      vertex 47.0433 35.3097 5
      vertex 47.0433 45.6903 5
    endloop
  endfacet
  facet normal 0 0 1
    outer loop
      vertex 46.2322 46.2322 5
      vertex 46.2322 34.7678 5
      vertex 47.0433 35.3097 5
    endloop
  endfacet
  facet normal 0 0 1
    outer loop
      vertex 34.7678 34.7678 5
      vertex 46.2322 46.2322 5
      vertex 45.6903 47.0433 5
    endloop
  endfacet
  facet normal 0 0 1
    outer loop
      vertex 46.2322 46.2322 5
      vertex 34.7678 34.7678 5
      vertex 46.2322 34.7678 5
    endloop
  endfacet
  facet normal 0 0 1
    outer loop
      vertex 34.7678 34.7678 5
      vertex 45.6903 47.0433 5
      vertex 45.5 48 5
    endloop
  endfacet
  facet normal 0 0 1
    outer loop
      vertex 46.2322 34.7678 5
      vertex 34.7678 34.7678 5
      vertex 45.6903 33.9567 5
    endloop
  endfacet
  facet normal -0 0 1
    outer loop
      vertex 6 151.65 5
      vertex 184 85.3 5
      vertex 184 151.65 5
    endloop
  endfacet
  facet normal 0 0 1
    outer loop
      vertex 184 85.3 5
      vertex 6 151.65 5
      vertex 6 85.3 5
    endloop
  endfacet
  facet normal 0 0 1
    outer loop
      vertex 79.1085 77.5 5
      vertex 75.5 77.5 5
      vertex 79.0247 76.65 5
    endloop
  endfacet
  facet normal 0 0 1
    outer loop
      vertex 75.5 77.5 5
      vertex 79.0252 76.6452 5
      vertex 79.0247 76.65 5
    endloop
  endfacet
  facet normal 0 0 1
    outer loop
      vertex 79.0252 76.6452 5
      vertex 75.5 77.5 5
      vertex 79.1203 75.6794 5
    endloop
  endfacet
  facet normal 0 0 1
    outer loop
      vertex 75.5 74.3 5
      vertex 79.1203 75.6794 5
      vertex 75.5 77.5 5
    endloop
  endfacet
  facet normal 0 0 1
    outer loop
      vertex 79.1203 75.6794 5
      vertex 75.5 74.3 5
      vertex 79.4035 74.7461 5
    endloop
  endfacet
  facet normal 0 0 1
    outer loop
      vertex 79.4035 74.7461 5
      vertex 75.5 74.3 5
      vertex 79.6419 74.3 5
    endloop
  endfacet
  facet normal 0 0 1
    outer loop
      vertex 100.5 77.5 5
      vertex 88.9753 76.65 5
      vertex 100.5 74.3 5
    endloop
  endfacet
  facet normal 0 -0 1
    outer loop
      vertex 88.9753 76.65 5
      vertex 100.5 77.5 5
      vertex 88.8915 77.5 5
    endloop
  endfacet
  facet normal -0 0 1
    outer loop
      vertex 88.8801 75.6842 5
      vertex 100.5 74.3 5
      vertex 88.9753 76.65 5
    endloop
  endfacet
  facet normal -0 0 1
    outer loop
      vertex 88.8796 75.6794 5
      vertex 100.5 74.3 5
      vertex 88.8801 75.6842 5
    endloop
  endfacet
  facet normal -0 0 1
    outer loop
      vertex 88.5965 74.7461 5
      vertex 100.5 74.3 5
      vertex 88.8796 75.6794 5
    endloop
  endfacet
  facet normal 0 0 1
    outer loop
      vertex 100.5 74.3 5
      vertex 88.5965 74.7461 5
      vertex 88.3581 74.3 5
    endloop
  endfacet
  facet normal -0 0 1
    outer loop
      vertex 44.25 82.3 5
      vertex 64.25 77.3 5
      vertex 64.25 82.3 5
    endloop
  endfacet
  facet normal 0 0 1
    outer loop
      vertex 64.25 77.3 5
      vertex 44.25 82.3 5
      vertex 44.25 77.3 5
    endloop
  endfacet
  facet normal -1 0 0
    outer loop
      vertex 0 151.65 0
      vertex 0 112.1 2.5
      vertex 0 151.65 5
    endloop
  endfacet
  facet normal -1 0 0
    outer loop
      vertex 0 151.65 0
      vertex 0 111.94 1.69636
      vertex 0 112.1 2.5
    endloop
  endfacet
  facet normal -1 0 0
    outer loop
      vertex 0 151.65 0
      vertex 0 111.485 1.01508
      vertex 0 111.94 1.69636
    endloop
  endfacet
  facet normal -1 0 0
    outer loop
      vertex 0 151.65 0
      vertex 0 110.804 0.559853
      vertex 0 111.485 1.01508
    endloop
  endfacet
  facet normal -1 0 0
    outer loop
      vertex 0 151.65 0
      vertex 0 110 0.4
      vertex 0 110.804 0.559853
    endloop
  endfacet
  facet normal -1 0 0
    outer loop
      vertex 0 108.06 1.69636
      vertex 0 82.1 2.5
      vertex 0 107.9 2.5
    endloop
  endfacet
  facet normal -1 0 0
    outer loop
      vertex 0 81.9401 1.69636
      vertex 0 108.06 1.69636
      vertex 0 108.515 1.01508
    endloop
  endfacet
  facet normal -1 0 0
    outer loop
      vertex 0 81.4849 1.01508
      vertex 0 108.515 1.01508
      vertex 0 109.196 0.559853
    endloop
  endfacet
  facet normal -1 0 0
    outer loop
      vertex 0 80.8036 0.559853
      vertex 0 109.196 0.559853
      vertex 0 110 0.4
    endloop
  endfacet
  facet normal -1 0 0
    outer loop
      vertex 0 108.06 1.69636
      vertex 0 81.9401 1.69636
      vertex 0 82.1 2.5
    endloop
  endfacet
  facet normal -1 0 0
    outer loop
      vertex 0 108.515 1.01508
      vertex 0 81.4849 1.01508
      vertex 0 81.9401 1.69636
    endloop
  endfacet
  facet normal -1 0 0
    outer loop
      vertex 0 109.196 0.559853
      vertex 0 80.8036 0.559853
      vertex 0 81.4849 1.01508
    endloop
  endfacet
  facet normal -1 0 0
    outer loop
      vertex 0 80 0.4
      vertex 0 110 0.4
      vertex 0 151.65 0
    endloop
  endfacet
  facet normal -1 0 0
    outer loop
      vertex 0 110 0.4
      vertex 0 80 0.4
      vertex 0 80.8036 0.559853
    endloop
  endfacet
  facet normal -1 0 0
    outer loop
      vertex 0 78.0599 1.69636
      vertex 0 52.1 2.5
      vertex 0 77.9 2.5
    endloop
  endfacet
  facet normal -1 0 0
    outer loop
      vertex 0 51.9401 1.69636
      vertex 0 78.0599 1.69636
      vertex 0 78.5151 1.01508
    endloop
  endfacet
  facet normal -1 0 0
    outer loop
      vertex 0 51.4849 1.01508
      vertex 0 78.5151 1.01508
      vertex 0 79.1964 0.559853
    endloop
  endfacet
  facet normal -1 0 0
    outer loop
      vertex 0 50.8036 0.559853
      vertex 0 79.1964 0.559853
      vertex 0 80 0.4
    endloop
  endfacet
  facet normal -1 0 0
    outer loop
      vertex 0 78.0599 1.69636
      vertex 0 51.9401 1.69636
      vertex 0 52.1 2.5
    endloop
  endfacet
  facet normal -1 0 0
    outer loop
      vertex 0 78.5151 1.01508
      vertex 0 51.4849 1.01508
      vertex 0 51.9401 1.69636
    endloop
  endfacet
  facet normal -1 0 0
    outer loop
      vertex 0 79.1964 0.559853
      vertex 0 50.8036 0.559853
      vertex 0 51.4849 1.01508
    endloop
  endfacet
  facet normal -1 0 0
    outer loop
      vertex 0 50 0.4
      vertex 0 80 0.4
      vertex 0 151.65 0
    endloop
  endfacet
  facet normal -1 0 0
    outer loop
      vertex 0 80 0.4
      vertex 0 50 0.4
      vertex 0 50.8036 0.559853
    endloop
  endfacet
  facet normal -1 0 0
    outer loop
      vertex 0 48.0599 1.69636
      vertex 0 22.1 2.5
      vertex 0 47.9 2.5
    endloop
  endfacet
  facet normal -1 0 0
    outer loop
      vertex 0 21.9401 1.69636
      vertex 0 48.0599 1.69636
      vertex 0 48.5151 1.01508
    endloop
  endfacet
  facet normal -1 0 0
    outer loop
      vertex 0 21.4849 1.01508
      vertex 0 48.5151 1.01508
      vertex 0 49.1964 0.559853
    endloop
  endfacet
  facet normal -1 0 0
    outer loop
      vertex 0 20.8036 0.559853
      vertex 0 49.1964 0.559853
      vertex 0 50 0.4
    endloop
  endfacet
  facet normal -1 0 0
    outer loop
      vertex 0 48.0599 1.69636
      vertex 0 21.9401 1.69636
      vertex 0 22.1 2.5
    endloop
  endfacet
  facet normal -1 0 0
    outer loop
      vertex 0 48.5151 1.01508
      vertex 0 21.4849 1.01508
      vertex 0 21.9401 1.69636
    endloop
  endfacet
  facet normal -1 0 0
    outer loop
      vertex 0 49.1964 0.559853
      vertex 0 20.8036 0.559853
      vertex 0 21.4849 1.01508
    endloop
  endfacet
  facet normal -1 0 0
    outer loop
      vertex 0 50 0.4
      vertex 0 20 0.4
      vertex 0 20.8036 0.559853
    endloop
  endfacet
  facet normal -1 0 0
    outer loop
      vertex 0 5 0
      vertex 0 50 0.4
      vertex 0 151.65 0
    endloop
  endfacet
  facet normal -1 -0 0
    outer loop
      vertex 0 18.0599 1.69636
      vertex 0 5 0
      vertex 0 17.9 2.5
    endloop
  endfacet
  facet normal -1 -0 0
    outer loop
      vertex 0 18.5151 1.01508
      vertex 0 5 0
      vertex 0 18.0599 1.69636
    endloop
  endfacet
  facet normal -1 -0 0
    outer loop
      vertex 0 19.1964 0.559853
      vertex 0 5 0
      vertex 0 18.5151 1.01508
    endloop
  endfacet
  facet normal -1 -0 0
    outer loop
      vertex 0 20 0.4
      vertex 0 5 0
      vertex 0 19.1964 0.559853
    endloop
  endfacet
  facet normal -1 -0 0
    outer loop
      vertex 0 50 0.4
      vertex 0 5 0
      vertex 0 20 0.4
    endloop
  endfacet
  facet normal -1 0 0
    outer loop
      vertex 0 111.94 3.30363
      vertex 0 151.65 5
      vertex 0 112.1 2.5
    endloop
  endfacet
  facet normal -1 0 0
    outer loop
      vertex 0 111.485 3.98492
      vertex 0 151.65 5
      vertex 0 111.94 3.30363
    endloop
  endfacet
  facet normal -1 0 0
    outer loop
      vertex 0 110.804 4.44015
      vertex 0 151.65 5
      vertex 0 111.485 3.98492
    endloop
  endfacet
  facet normal -1 0 0
    outer loop
      vertex 0 110 4.6
      vertex 0 151.65 5
      vertex 0 110.804 4.44015
    endloop
  endfacet
  facet normal -1 0 0
    outer loop
      vertex 0 82.1 2.5
      vertex 0 108.06 3.30363
      vertex 0 107.9 2.5
    endloop
  endfacet
  facet normal -1 0 0
    outer loop
      vertex 0 81.9401 3.30363
      vertex 0 108.06 3.30363
      vertex 0 82.1 2.5
    endloop
  endfacet
  facet normal -1 0 0
    outer loop
      vertex 0 108.06 3.30363
      vertex 0 81.9401 3.30363
      vertex 0 108.515 3.98492
    endloop
  endfacet
  facet normal -1 0 0
    outer loop
      vertex 0 81.4849 3.98492
      vertex 0 108.515 3.98492
      vertex 0 81.9401 3.30363
    endloop
  endfacet
  facet normal -1 0 0
    outer loop
      vertex 0 108.515 3.98492
      vertex 0 81.4849 3.98492
      vertex 0 109.196 4.44015
    endloop
  endfacet
  facet normal -1 0 0
    outer loop
      vertex 0 80.8036 4.44015
      vertex 0 109.196 4.44015
      vertex 0 81.4849 3.98492
    endloop
  endfacet
  facet normal -1 0 0
    outer loop
      vertex 0 109.196 4.44015
      vertex 0 80.8036 4.44015
      vertex 0 110 4.6
    endloop
  endfacet
  facet normal -1 0 0
    outer loop
      vertex 0 80 4.6
      vertex 0 110 4.6
      vertex 0 80.8036 4.44015
    endloop
  endfacet
  facet normal -1 0 0
    outer loop
      vertex 0 110 4.6
      vertex 0 80 4.6
      vertex 0 151.65 5
    endloop
  endfacet
  facet normal -1 0 0
    outer loop
      vertex 0 52.1 2.5
      vertex 0 78.0599 3.30363
      vertex 0 77.9 2.5
    endloop
  endfacet
  facet normal -1 0 0
    outer loop
      vertex 0 51.9401 3.30363
      vertex 0 78.0599 3.30363
      vertex 0 52.1 2.5
    endloop
  endfacet
  facet normal -1 0 0
    outer loop
      vertex 0 78.0599 3.30363
      vertex 0 51.9401 3.30363
      vertex 0 78.5151 3.98492
    endloop
  endfacet
  facet normal -1 0 0
    outer loop
      vertex 0 51.4849 3.98492
      vertex 0 78.5151 3.98492
      vertex 0 51.9401 3.30363
    endloop
  endfacet
  facet normal -1 0 0
    outer loop
      vertex 0 78.5151 3.98492
      vertex 0 51.4849 3.98492
      vertex 0 79.1964 4.44015
    endloop
  endfacet
  facet normal -1 0 0
    outer loop
      vertex 0 50.8036 4.44015
      vertex 0 79.1964 4.44015
      vertex 0 51.4849 3.98492
    endloop
  endfacet
  facet normal -1 0 0
    outer loop
      vertex 0 79.1964 4.44015
      vertex 0 50.8036 4.44015
      vertex 0 80 4.6
    endloop
  endfacet
  facet normal -1 0 0
    outer loop
      vertex 0 50 4.6
      vertex 0 80 4.6
      vertex 0 50.8036 4.44015
    endloop
  endfacet
  facet normal -1 0 0
    outer loop
      vertex 0 80 4.6
      vertex 0 50 4.6
      vertex 0 151.65 5
    endloop
  endfacet
  facet normal -1 0 0
    outer loop
      vertex 0 22.1 2.5
      vertex 0 48.0599 3.30363
      vertex 0 47.9 2.5
    endloop
  endfacet
  facet normal -1 0 0
    outer loop
      vertex 0 21.9401 3.30363
      vertex 0 48.0599 3.30363
      vertex 0 22.1 2.5
    endloop
  endfacet
  facet normal -1 0 0
    outer loop
      vertex 0 48.0599 3.30363
      vertex 0 21.9401 3.30363
      vertex 0 48.5151 3.98492
    endloop
  endfacet
  facet normal -1 0 0
    outer loop
      vertex 0 21.4849 3.98492
      vertex 0 48.5151 3.98492
      vertex 0 21.9401 3.30363
    endloop
  endfacet
  facet normal -1 0 0
    outer loop
      vertex 0 48.5151 3.98492
      vertex 0 21.4849 3.98492
      vertex 0 49.1964 4.44015
    endloop
  endfacet
  facet normal -1 0 0
    outer loop
      vertex 0 20.8036 4.44015
      vertex 0 49.1964 4.44015
      vertex 0 21.4849 3.98492
    endloop
  endfacet
  facet normal -1 0 0
    outer loop
      vertex 0 49.1964 4.44015
      vertex 0 20.8036 4.44015
      vertex 0 50 4.6
    endloop
  endfacet
  facet normal -1 0 0
    outer loop
      vertex 0 20 4.6
      vertex 0 50 4.6
      vertex 0 20.8036 4.44015
    endloop
  endfacet
  facet normal -1 0 0
    outer loop
      vertex 0 5 5
      vertex 0 50 4.6
      vertex 0 20 4.6
    endloop
  endfacet
  facet normal -1 0 0
    outer loop
      vertex 0 5 5
      vertex 0 17.9 2.5
      vertex 0 5 0
    endloop
  endfacet
  facet normal -1 0 0
    outer loop
      vertex 0 17.9 2.5
      vertex 0 5 5
      vertex 0 18.0599 3.30363
    endloop
  endfacet
  facet normal -1 0 0
    outer loop
      vertex 0 18.0599 3.30363
      vertex 0 5 5
      vertex 0 18.5151 3.98492
    endloop
  endfacet
  facet normal -1 0 0
    outer loop
      vertex 0 50 4.6
      vertex 0 5 5
      vertex 0 151.65 5
    endloop
  endfacet
  facet normal -1 0 0
    outer loop
      vertex 0 19.1964 4.44015
      vertex 0 5 5
      vertex 0 20 4.6
    endloop
  endfacet
  facet normal -1 0 0
    outer loop
      vertex 0 18.5151 3.98492
      vertex 0 5 5
      vertex 0 19.1964 4.44015
    endloop
  endfacet
  facet normal 0 0 -1
    outer loop
      vertex 31.2322 34.7678 0
      vertex 19.7678 34.7678 0
      vertex 31.2322 46.2322 0
    endloop
  endfacet
  facet normal 0 0 -1
    outer loop
      vertex 31.2322 46.2322 0
      vertex 20.3097 47.0433 0
      vertex 20.5 48 0
    endloop
  endfacet
  facet normal 0 0 -1
    outer loop
      vertex 19.7678 46.2322 0
      vertex 31.2322 46.2322 0
      vertex 19.7678 34.7678 0
    endloop
  endfacet
  facet normal 0 0 -1
    outer loop
      vertex 31.2322 46.2322 0
      vertex 19.7678 46.2322 0
      vertex 20.3097 47.0433 0
    endloop
  endfacet
  facet normal 0 0 -1
    outer loop
      vertex 18.9567 35.3097 0
      vertex 19.7678 46.2322 0
      vertex 19.7678 34.7678 0
    endloop
  endfacet
  facet normal 0 0 -1
    outer loop
      vertex 18.9567 35.3097 0
      vertex 18.9567 45.6903 0
      vertex 19.7678 46.2322 0
    endloop
  endfacet
  facet normal 0 0 -1
    outer loop
      vertex 18 35.5 0
      vertex 18.9567 45.6903 0
      vertex 18.9567 35.3097 0
    endloop
  endfacet
  facet normal 0 0 -1
    outer loop
      vertex 18 35.5 0
      vertex 18 45.5 0
      vertex 18.9567 45.6903 0
    endloop
  endfacet
  facet normal 0 0 -1
    outer loop
      vertex 17.0433 35.3097 0
      vertex 18 45.5 0
      vertex 18 35.5 0
    endloop
  endfacet
  facet normal 0 0 -1
    outer loop
      vertex 17.0433 35.3097 0
      vertex 17.0433 45.6903 0
      vertex 18 45.5 0
    endloop
  endfacet
  facet normal 0 0 -1
    outer loop
      vertex 16.2322 34.7678 0
      vertex 17.0433 45.6903 0
      vertex 17.0433 35.3097 0
    endloop
  endfacet
  facet normal 0 0 -1
    outer loop
      vertex 16.2322 34.7678 0
      vertex 16.2322 46.2322 0
      vertex 17.0433 45.6903 0
    endloop
  endfacet
  facet normal 0 0 -1
    outer loop
      vertex 15.6903 33.9567 0
      vertex 16.2322 46.2322 0
      vertex 16.2322 34.7678 0
    endloop
  endfacet
  facet normal 0 0 -1
    outer loop
      vertex 15.6903 33.9567 0
      vertex 15.6903 47.0433 0
      vertex 16.2322 46.2322 0
    endloop
  endfacet
  facet normal 0 0 -1
    outer loop
      vertex 15.5 33 0
      vertex 15.6903 47.0433 0
      vertex 15.6903 33.9567 0
    endloop
  endfacet
  facet normal -0 0 -1
    outer loop
      vertex 15.6903 47.0433 0
      vertex 15.5 33 0
      vertex 15.5 48 0
    endloop
  endfacet
  facet normal 0 0 -1
    outer loop
      vertex 31.2322 19.7678 0
      vertex 19.7678 19.7678 0
      vertex 31.2322 31.2322 0
    endloop
  endfacet
  facet normal 0 0 -1
    outer loop
      vertex 31.2322 31.2322 0
      vertex 20.3097 32.0433 0
      vertex 20.5 33 0
    endloop
  endfacet
  facet normal 0 0 -1
    outer loop
      vertex 19.7678 31.2322 0
      vertex 31.2322 31.2322 0
      vertex 19.7678 19.7678 0
    endloop
  endfacet
  facet normal 0 0 -1
    outer loop
      vertex 31.2322 31.2322 0
      vertex 19.7678 31.2322 0
      vertex 20.3097 32.0433 0
    endloop
  endfacet
  facet normal 0 0 -1
    outer loop
      vertex 18.9567 20.3097 0
      vertex 19.7678 31.2322 0
      vertex 19.7678 19.7678 0
    endloop
  endfacet
  facet normal 0 0 -1
    outer loop
      vertex 18.9567 20.3097 0
      vertex 18.9567 30.6903 0
      vertex 19.7678 31.2322 0
    endloop
  endfacet
  facet normal 0 0 -1
    outer loop
      vertex 18 20.5 0
      vertex 18.9567 30.6903 0
      vertex 18.9567 20.3097 0
    endloop
  endfacet
  facet normal 0 0 -1
    outer loop
      vertex 18 20.5 0
      vertex 18 30.5 0
      vertex 18.9567 30.6903 0
    endloop
  endfacet
  facet normal 0 0 -1
    outer loop
      vertex 17.0433 20.3097 0
      vertex 18 30.5 0
      vertex 18 20.5 0
    endloop
  endfacet
  facet normal 0 0 -1
    outer loop
      vertex 17.0433 20.3097 0
      vertex 17.0433 30.6903 0
      vertex 18 30.5 0
    endloop
  endfacet
  facet normal 0 0 -1
    outer loop
      vertex 16.2322 19.7678 0
      vertex 17.0433 30.6903 0
      vertex 17.0433 20.3097 0
    endloop
  endfacet
  facet normal 0 0 -1
    outer loop
      vertex 16.2322 19.7678 0
      vertex 16.2322 31.2322 0
      vertex 17.0433 30.6903 0
    endloop
  endfacet
  facet normal 0 0 -1
    outer loop
      vertex 15.6903 18.9567 0
      vertex 16.2322 31.2322 0
      vertex 16.2322 19.7678 0
    endloop
  endfacet
  facet normal 0 0 -1
    outer loop
      vertex 15.6903 18.9567 0
      vertex 15.6903 32.0433 0
      vertex 16.2322 31.2322 0
    endloop
  endfacet
  facet normal 0 0 -1
    outer loop
      vertex 0 5 0
      vertex 15.6903 18.9567 0
      vertex 15.5 18 0
    endloop
  endfacet
  facet normal -0 0 -1
    outer loop
      vertex 15.6903 18.9567 0
      vertex 0 5 0
      vertex 15.6903 32.0433 0
    endloop
  endfacet
  facet normal 0 0 -1
    outer loop
      vertex 46.2322 34.7678 0
      vertex 34.7678 34.7678 0
      vertex 46.2322 46.2322 0
    endloop
  endfacet
  facet normal 0 0 -1
    outer loop
      vertex 46.2322 46.2322 0
      vertex 35.3097 47.0433 0
      vertex 35.5 48 0
    endloop
  endfacet
  facet normal 0 0 -1
    outer loop
      vertex 34.7678 46.2322 0
      vertex 46.2322 46.2322 0
      vertex 34.7678 34.7678 0
    endloop
  endfacet
  facet normal 0 0 -1
    outer loop
      vertex 46.2322 46.2322 0
      vertex 34.7678 46.2322 0
      vertex 35.3097 47.0433 0
    endloop
  endfacet
  facet normal 0 0 -1
    outer loop
      vertex 33.9567 35.3097 0
      vertex 34.7678 46.2322 0
      vertex 34.7678 34.7678 0
    endloop
  endfacet
  facet normal 0 0 -1
    outer loop
      vertex 33.9567 35.3097 0
      vertex 33.9567 45.6903 0
      vertex 34.7678 46.2322 0
    endloop
  endfacet
  facet normal 0 0 -1
    outer loop
      vertex 33 35.5 0
      vertex 33.9567 45.6903 0
      vertex 33.9567 35.3097 0
    endloop
  endfacet
  facet normal 0 0 -1
    outer loop
      vertex 33 35.5 0
      vertex 33 45.5 0
      vertex 33.9567 45.6903 0
    endloop
  endfacet
  facet normal 0 0 -1
    outer loop
      vertex 32.0433 35.3097 0
      vertex 33 45.5 0
      vertex 33 35.5 0
    endloop
  endfacet
  facet normal 0 0 -1
    outer loop
      vertex 32.0433 35.3097 0
      vertex 32.0433 45.6903 0
      vertex 33 45.5 0
    endloop
  endfacet
  facet normal 0 0 -1
    outer loop
      vertex 31.2322 34.7678 0
      vertex 32.0433 45.6903 0
      vertex 32.0433 35.3097 0
    endloop
  endfacet
  facet normal 0 0 -1
    outer loop
      vertex 31.2322 34.7678 0
      vertex 31.2322 46.2322 0
      vertex 32.0433 45.6903 0
    endloop
  endfacet
  facet normal 0 0 -1
    outer loop
      vertex 20.3097 33.9567 0
      vertex 30.6903 33.9567 0
      vertex 20.5 33 0
    endloop
  endfacet
  facet normal 0 0 -1
    outer loop
      vertex 30.6903 33.9567 0
      vertex 20.3097 33.9567 0
      vertex 31.2322 34.7678 0
    endloop
  endfacet
  facet normal 0 0 -1
    outer loop
      vertex 20.5 33 0
      vertex 30.6903 33.9567 0
      vertex 30.5 33 0
    endloop
  endfacet
  facet normal 0 0 -1
    outer loop
      vertex 19.7678 34.7678 0
      vertex 31.2322 34.7678 0
      vertex 20.3097 33.9567 0
    endloop
  endfacet
  facet normal 0 0 -1
    outer loop
      vertex 46.2322 19.7678 0
      vertex 34.7678 19.7678 0
      vertex 46.2322 31.2322 0
    endloop
  endfacet
  facet normal 0 0 -1
    outer loop
      vertex 46.2322 31.2322 0
      vertex 35.3097 32.0433 0
      vertex 35.5 33 0
    endloop
  endfacet
  facet normal 0 0 -1
    outer loop
      vertex 34.7678 31.2322 0
      vertex 46.2322 31.2322 0
      vertex 34.7678 19.7678 0
    endloop
  endfacet
  facet normal 0 0 -1
    outer loop
      vertex 46.2322 31.2322 0
      vertex 34.7678 31.2322 0
      vertex 35.3097 32.0433 0
    endloop
  endfacet
  facet normal 0 0 -1
    outer loop
      vertex 33.9567 20.3097 0
      vertex 34.7678 31.2322 0
      vertex 34.7678 19.7678 0
    endloop
  endfacet
  facet normal 0 0 -1
    outer loop
      vertex 33.9567 20.3097 0
      vertex 33.9567 30.6903 0
      vertex 34.7678 31.2322 0
    endloop
  endfacet
  facet normal 0 0 -1
    outer loop
      vertex 33 20.5 0
      vertex 33.9567 30.6903 0
      vertex 33.9567 20.3097 0
    endloop
  endfacet
  facet normal 0 0 -1
    outer loop
      vertex 33 20.5 0
      vertex 33 30.5 0
      vertex 33.9567 30.6903 0
    endloop
  endfacet
  facet normal 0 0 -1
    outer loop
      vertex 32.0433 20.3097 0
      vertex 33 30.5 0
      vertex 33 20.5 0
    endloop
  endfacet
  facet normal 0 0 -1
    outer loop
      vertex 32.0433 20.3097 0
      vertex 32.0433 30.6903 0
      vertex 33 30.5 0
    endloop
  endfacet
  facet normal 0 0 -1
    outer loop
      vertex 31.2322 19.7678 0
      vertex 32.0433 30.6903 0
      vertex 32.0433 20.3097 0
    endloop
  endfacet
  facet normal 0 0 -1
    outer loop
      vertex 31.2322 19.7678 0
      vertex 31.2322 31.2322 0
      vertex 32.0433 30.6903 0
    endloop
  endfacet
  facet normal 0 0 -1
    outer loop
      vertex 20.3097 18.9567 0
      vertex 30.6903 18.9567 0
      vertex 20.5 18 0
    endloop
  endfacet
  facet normal 0 0 -1
    outer loop
      vertex 30.6903 18.9567 0
      vertex 20.3097 18.9567 0
      vertex 31.2322 19.7678 0
    endloop
  endfacet
  facet normal 0 0 -1
    outer loop
      vertex 20.5 18 0
      vertex 30.6903 18.9567 0
      vertex 30.5 18 0
    endloop
  endfacet
  facet normal 0 0 -1
    outer loop
      vertex 19.7678 19.7678 0
      vertex 31.2322 19.7678 0
      vertex 20.3097 18.9567 0
    endloop
  endfacet
  facet normal 0 0 -1
    outer loop
      vertex 61.2322 34.7678 0
      vertex 49.7678 34.7678 0
      vertex 61.2322 46.2322 0
    endloop
  endfacet
  facet normal 0 0 -1
    outer loop
      vertex 61.2322 46.2322 0
      vertex 50.3097 47.0433 0
      vertex 50.5 48 0
    endloop
  endfacet
  facet normal 0 0 -1
    outer loop
      vertex 49.7678 46.2322 0
      vertex 61.2322 46.2322 0
      vertex 49.7678 34.7678 0
    endloop
  endfacet
  facet normal 0 0 -1
    outer loop
      vertex 61.2322 46.2322 0
      vertex 49.7678 46.2322 0
      vertex 50.3097 47.0433 0
    endloop
  endfacet
  facet normal 0 0 -1
    outer loop
      vertex 48.9567 35.3097 0
      vertex 49.7678 46.2322 0
      vertex 49.7678 34.7678 0
    endloop
  endfacet
  facet normal 0 0 -1
    outer loop
      vertex 48.9567 35.3097 0
      vertex 48.9567 45.6903 0
      vertex 49.7678 46.2322 0
    endloop
  endfacet
  facet normal 0 0 -1
    outer loop
      vertex 48 35.5 0
      vertex 48.9567 45.6903 0
      vertex 48.9567 35.3097 0
    endloop
  endfacet
  facet normal 0 0 -1
    outer loop
      vertex 48 35.5 0
      vertex 48 45.5 0
      vertex 48.9567 45.6903 0
    endloop
  endfacet
  facet normal 0 0 -1
    outer loop
      vertex 47.0433 35.3097 0
      vertex 48 45.5 0
      vertex 48 35.5 0
    endloop
  endfacet
  facet normal 0 0 -1
    outer loop
      vertex 47.0433 35.3097 0
      vertex 47.0433 45.6903 0
      vertex 48 45.5 0
    endloop
  endfacet
  facet normal 0 0 -1
    outer loop
      vertex 46.2322 34.7678 0
      vertex 47.0433 45.6903 0
      vertex 47.0433 35.3097 0
    endloop
  endfacet
  facet normal 0 0 -1
    outer loop
      vertex 46.2322 34.7678 0
      vertex 46.2322 46.2322 0
      vertex 47.0433 45.6903 0
    endloop
  endfacet
  facet normal 0 0 -1
    outer loop
      vertex 35.3097 33.9567 0
      vertex 45.6903 33.9567 0
      vertex 35.5 33 0
    endloop
  endfacet
  facet normal 0 0 -1
    outer loop
      vertex 45.6903 33.9567 0
      vertex 35.3097 33.9567 0
      vertex 46.2322 34.7678 0
    endloop
  endfacet
  facet normal 0 0 -1
    outer loop
      vertex 35.5 33 0
      vertex 45.6903 33.9567 0
      vertex 45.5 33 0
    endloop
  endfacet
  facet normal 0 0 -1
    outer loop
      vertex 34.7678 34.7678 0
      vertex 46.2322 34.7678 0
      vertex 35.3097 33.9567 0
    endloop
  endfacet
  facet normal 0 0 -1
    outer loop
      vertex 61.2322 19.7678 0
      vertex 49.7678 19.7678 0
      vertex 61.2322 31.2322 0
    endloop
  endfacet
  facet normal 0 0 -1
    outer loop
      vertex 61.2322 31.2322 0
      vertex 50.3097 32.0433 0
      vertex 50.5 33 0
    endloop
  endfacet
  facet normal 0 0 -1
    outer loop
      vertex 49.7678 31.2322 0
      vertex 61.2322 31.2322 0
      vertex 49.7678 19.7678 0
    endloop
  endfacet
  facet normal 0 0 -1
    outer loop
      vertex 61.2322 31.2322 0
      vertex 49.7678 31.2322 0
      vertex 50.3097 32.0433 0
    endloop
  endfacet
  facet normal 0 0 -1
    outer loop
      vertex 48.9567 20.3097 0
      vertex 49.7678 31.2322 0
      vertex 49.7678 19.7678 0
    endloop
  endfacet
  facet normal 0 0 -1
    outer loop
      vertex 48.9567 20.3097 0
      vertex 48.9567 30.6903 0
      vertex 49.7678 31.2322 0
    endloop
  endfacet
  facet normal 0 0 -1
    outer loop
      vertex 48 20.5 0
      vertex 48.9567 30.6903 0
      vertex 48.9567 20.3097 0
    endloop
  endfacet
  facet normal 0 0 -1
    outer loop
      vertex 48 20.5 0
      vertex 48 30.5 0
      vertex 48.9567 30.6903 0
    endloop
  endfacet
  facet normal 0 0 -1
    outer loop
      vertex 47.0433 20.3097 0
      vertex 48 30.5 0
      vertex 48 20.5 0
    endloop
  endfacet
  facet normal 0 0 -1
    outer loop
      vertex 47.0433 20.3097 0
      vertex 47.0433 30.6903 0
      vertex 48 30.5 0
    endloop
  endfacet
  facet normal 0 0 -1
    outer loop
      vertex 46.2322 19.7678 0
      vertex 47.0433 30.6903 0
      vertex 47.0433 20.3097 0
    endloop
  endfacet
  facet normal 0 0 -1
    outer loop
      vertex 46.2322 19.7678 0
      vertex 46.2322 31.2322 0
      vertex 47.0433 30.6903 0
    endloop
  endfacet
  facet normal 0 0 -1
    outer loop
      vertex 35.3097 18.9567 0
      vertex 45.6903 18.9567 0
      vertex 35.5 18 0
    endloop
  endfacet
  facet normal 0 0 -1
    outer loop
      vertex 45.6903 18.9567 0
      vertex 35.3097 18.9567 0
      vertex 46.2322 19.7678 0
    endloop
  endfacet
  facet normal 0 0 -1
    outer loop
      vertex 35.5 18 0
      vertex 45.6903 18.9567 0
      vertex 45.5 18 0
    endloop
  endfacet
  facet normal 0 0 -1
    outer loop
      vertex 34.7678 19.7678 0
      vertex 46.2322 19.7678 0
      vertex 35.3097 18.9567 0
    endloop
  endfacet
  facet normal 0 0 -1
    outer loop
      vertex 76.2322 34.7678 0
      vertex 64.7678 34.7678 0
      vertex 76.2322 46.2322 0
    endloop
  endfacet
  facet normal 0 0 -1
    outer loop
      vertex 76.2322 46.2322 0
      vertex 65.3097 47.0433 0
      vertex 65.5 48 0
    endloop
  endfacet
  facet normal 0 0 -1
    outer loop
      vertex 64.7678 46.2322 0
      vertex 76.2322 46.2322 0
      vertex 64.7678 34.7678 0
    endloop
  endfacet
  facet normal 0 0 -1
    outer loop
      vertex 76.2322 46.2322 0
      vertex 64.7678 46.2322 0
      vertex 65.3097 47.0433 0
    endloop
  endfacet
  facet normal 0 0 -1
    outer loop
      vertex 63.9567 35.3097 0
      vertex 64.7678 46.2322 0
      vertex 64.7678 34.7678 0
    endloop
  endfacet
  facet normal 0 0 -1
    outer loop
      vertex 63.9567 35.3097 0
      vertex 63.9567 45.6903 0
      vertex 64.7678 46.2322 0
    endloop
  endfacet
  facet normal 0 0 -1
    outer loop
      vertex 63 35.5 0
      vertex 63.9567 45.6903 0
      vertex 63.9567 35.3097 0
    endloop
  endfacet
  facet normal 0 0 -1
    outer loop
      vertex 63 35.5 0
      vertex 63 45.5 0
      vertex 63.9567 45.6903 0
    endloop
  endfacet
  facet normal 0 0 -1
    outer loop
      vertex 62.0433 35.3097 0
      vertex 63 45.5 0
      vertex 63 35.5 0
    endloop
  endfacet
  facet normal 0 0 -1
    outer loop
      vertex 62.0433 35.3097 0
      vertex 62.0433 45.6903 0
      vertex 63 45.5 0
    endloop
  endfacet
  facet normal 0 0 -1
    outer loop
      vertex 61.2322 34.7678 0
      vertex 62.0433 45.6903 0
      vertex 62.0433 35.3097 0
    endloop
  endfacet
  facet normal 0 0 -1
    outer loop
      vertex 61.2322 34.7678 0
      vertex 61.2322 46.2322 0
      vertex 62.0433 45.6903 0
    endloop
  endfacet
  facet normal 0 0 -1
    outer loop
      vertex 50.3097 33.9567 0
      vertex 60.6903 33.9567 0
      vertex 50.5 33 0
    endloop
  endfacet
  facet normal 0 0 -1
    outer loop
      vertex 60.6903 33.9567 0
      vertex 50.3097 33.9567 0
      vertex 61.2322 34.7678 0
    endloop
  endfacet
  facet normal 0 0 -1
    outer loop
      vertex 50.5 33 0
      vertex 60.6903 33.9567 0
      vertex 60.5 33 0
    endloop
  endfacet
  facet normal 0 0 -1
    outer loop
      vertex 49.7678 34.7678 0
      vertex 61.2322 34.7678 0
      vertex 50.3097 33.9567 0
    endloop
  endfacet
  facet normal 0 0 -1
    outer loop
      vertex 76.2322 19.7678 0
      vertex 64.7678 19.7678 0
      vertex 76.2322 31.2322 0
    endloop
  endfacet
  facet normal 0 0 -1
    outer loop
      vertex 76.2322 31.2322 0
      vertex 65.3097 32.0433 0
      vertex 65.5 33 0
    endloop
  endfacet
  facet normal 0 0 -1
    outer loop
      vertex 64.7678 31.2322 0
      vertex 76.2322 31.2322 0
      vertex 64.7678 19.7678 0
    endloop
  endfacet
  facet normal 0 0 -1
    outer loop
      vertex 76.2322 31.2322 0
      vertex 64.7678 31.2322 0
      vertex 65.3097 32.0433 0
    endloop
  endfacet
  facet normal 0 0 -1
    outer loop
      vertex 63.9567 20.3097 0
      vertex 64.7678 31.2322 0
      vertex 64.7678 19.7678 0
    endloop
  endfacet
  facet normal 0 0 -1
    outer loop
      vertex 63.9567 20.3097 0
      vertex 63.9567 30.6903 0
      vertex 64.7678 31.2322 0
    endloop
  endfacet
  facet normal 0 0 -1
    outer loop
      vertex 63 20.5 0
      vertex 63.9567 30.6903 0
      vertex 63.9567 20.3097 0
    endloop
  endfacet
  facet normal 0 0 -1
    outer loop
      vertex 63 20.5 0
      vertex 63 30.5 0
      vertex 63.9567 30.6903 0
    endloop
  endfacet
  facet normal 0 0 -1
    outer loop
      vertex 62.0433 20.3097 0
      vertex 63 30.5 0
      vertex 63 20.5 0
    endloop
  endfacet
  facet normal 0 0 -1
    outer loop
      vertex 62.0433 20.3097 0
      vertex 62.0433 30.6903 0
      vertex 63 30.5 0
    endloop
  endfacet
  facet normal 0 0 -1
    outer loop
      vertex 61.2322 19.7678 0
      vertex 62.0433 30.6903 0
      vertex 62.0433 20.3097 0
    endloop
  endfacet
  facet normal 0 0 -1
    outer loop
      vertex 61.2322 19.7678 0
      vertex 61.2322 31.2322 0
      vertex 62.0433 30.6903 0
    endloop
  endfacet
  facet normal 0 0 -1
    outer loop
      vertex 50.3097 18.9567 0
      vertex 60.6903 18.9567 0
      vertex 50.5 18 0
    endloop
  endfacet
  facet normal 0 0 -1
    outer loop
      vertex 60.6903 18.9567 0
      vertex 50.3097 18.9567 0
      vertex 61.2322 19.7678 0
    endloop
  endfacet
  facet normal 0 0 -1
    outer loop
      vertex 50.5 18 0
      vertex 60.6903 18.9567 0
      vertex 60.5 18 0
    endloop
  endfacet
  facet normal 0 0 -1
    outer loop
      vertex 49.7678 19.7678 0
      vertex 61.2322 19.7678 0
      vertex 50.3097 18.9567 0
    endloop
  endfacet
  facet normal 0 0 -1
    outer loop
      vertex 80.3097 33.9567 0
      vertex 80.5 48 0
      vertex 80.5 33 0
    endloop
  endfacet
  facet normal 0 0 -1
    outer loop
      vertex 80.3097 33.9567 0
      vertex 80.3097 47.0433 0
      vertex 80.5 48 0
    endloop
  endfacet
  facet normal 0 0 -1
    outer loop
      vertex 79.7678 34.7678 0
      vertex 80.3097 47.0433 0
      vertex 80.3097 33.9567 0
    endloop
  endfacet
  facet normal 0 0 -1
    outer loop
      vertex 79.7678 34.7678 0
      vertex 79.7678 46.2322 0
      vertex 80.3097 47.0433 0
    endloop
  endfacet
  facet normal 0 0 -1
    outer loop
      vertex 78.9567 35.3097 0
      vertex 79.7678 46.2322 0
      vertex 79.7678 34.7678 0
    endloop
  endfacet
  facet normal 0 0 -1
    outer loop
      vertex 78.9567 35.3097 0
      vertex 78.9567 45.6903 0
      vertex 79.7678 46.2322 0
    endloop
  endfacet
  facet normal 0 0 -1
    outer loop
      vertex 78 35.5 0
      vertex 78.9567 45.6903 0
      vertex 78.9567 35.3097 0
    endloop
  endfacet
  facet normal 0 0 -1
    outer loop
      vertex 78 35.5 0
      vertex 78 45.5 0
      vertex 78.9567 45.6903 0
    endloop
  endfacet
  facet normal 0 0 -1
    outer loop
      vertex 77.0433 35.3097 0
      vertex 78 45.5 0
      vertex 78 35.5 0
    endloop
  endfacet
  facet normal 0 0 -1
    outer loop
      vertex 77.0433 35.3097 0
      vertex 77.0433 45.6903 0
      vertex 78 45.5 0
    endloop
  endfacet
  facet normal 0 0 -1
    outer loop
      vertex 76.2322 34.7678 0
      vertex 77.0433 45.6903 0
      vertex 77.0433 35.3097 0
    endloop
  endfacet
  facet normal 0 0 -1
    outer loop
      vertex 76.2322 34.7678 0
      vertex 76.2322 46.2322 0
      vertex 77.0433 45.6903 0
    endloop
  endfacet
  facet normal 0 0 -1
    outer loop
      vertex 65.3097 33.9567 0
      vertex 75.6903 33.9567 0
      vertex 65.5 33 0
    endloop
  endfacet
  facet normal 0 0 -1
    outer loop
      vertex 75.6903 33.9567 0
      vertex 65.3097 33.9567 0
      vertex 76.2322 34.7678 0
    endloop
  endfacet
  facet normal 0 0 -1
    outer loop
      vertex 65.5 33 0
      vertex 75.6903 33.9567 0
      vertex 75.5 33 0
    endloop
  endfacet
  facet normal 0 0 -1
    outer loop
      vertex 64.7678 34.7678 0
      vertex 76.2322 34.7678 0
      vertex 65.3097 33.9567 0
    endloop
  endfacet
  facet normal 0 0 -1
    outer loop
      vertex 80.3097 18.9567 0
      vertex 80.5 33 0
      vertex 80.5 18 0
    endloop
  endfacet
  facet normal 0 0 -1
    outer loop
      vertex 80.3097 18.9567 0
      vertex 80.3097 32.0433 0
      vertex 80.5 33 0
    endloop
  endfacet
  facet normal 0 0 -1
    outer loop
      vertex 79.7678 19.7678 0
      vertex 80.3097 32.0433 0
      vertex 80.3097 18.9567 0
    endloop
  endfacet
  facet normal 0 0 -1
    outer loop
      vertex 79.7678 19.7678 0
      vertex 79.7678 31.2322 0
      vertex 80.3097 32.0433 0
    endloop
  endfacet
  facet normal 0 0 -1
    outer loop
      vertex 78.9567 20.3097 0
      vertex 79.7678 31.2322 0
      vertex 79.7678 19.7678 0
    endloop
  endfacet
  facet normal 0 0 -1
    outer loop
      vertex 78.9567 20.3097 0
      vertex 78.9567 30.6903 0
      vertex 79.7678 31.2322 0
    endloop
  endfacet
  facet normal 0 0 -1
    outer loop
      vertex 78 20.5 0
      vertex 78.9567 30.6903 0
      vertex 78.9567 20.3097 0
    endloop
  endfacet
  facet normal 0 0 -1
    outer loop
      vertex 78 20.5 0
      vertex 78 30.5 0
      vertex 78.9567 30.6903 0
    endloop
  endfacet
  facet normal 0 0 -1
    outer loop
      vertex 77.0433 20.3097 0
      vertex 78 30.5 0
      vertex 78 20.5 0
    endloop
  endfacet
  facet normal 0 0 -1
    outer loop
      vertex 77.0433 20.3097 0
      vertex 77.0433 30.6903 0
      vertex 78 30.5 0
    endloop
  endfacet
  facet normal 0 0 -1
    outer loop
      vertex 76.2322 19.7678 0
      vertex 77.0433 30.6903 0
      vertex 77.0433 20.3097 0
    endloop
  endfacet
  facet normal 0 0 -1
    outer loop
      vertex 76.2322 19.7678 0
      vertex 76.2322 31.2322 0
      vertex 77.0433 30.6903 0
    endloop
  endfacet
  facet normal 0 0 -1
    outer loop
      vertex 65.3097 18.9567 0
      vertex 75.6903 18.9567 0
      vertex 65.5 18 0
    endloop
  endfacet
  facet normal 0 0 -1
    outer loop
      vertex 75.6903 18.9567 0
      vertex 65.3097 18.9567 0
      vertex 76.2322 19.7678 0
    endloop
  endfacet
  facet normal 0 0 -1
    outer loop
      vertex 65.5 18 0
      vertex 75.6903 18.9567 0
      vertex 75.5 18 0
    endloop
  endfacet
  facet normal 0 0 -1
    outer loop
      vertex 64.7678 19.7678 0
      vertex 76.2322 19.7678 0
      vertex 65.3097 18.9567 0
    endloop
  endfacet
  facet normal 0 0 -1
    outer loop
      vertex 184 0 0
      vertex 87.7376 76.65 0
      vertex 184 151.65 0
    endloop
  endfacet
  facet normal 0 0 -1
    outer loop
      vertex 184 0 0
      vertex 87.6901 76.1671 0
      vertex 87.7376 76.65 0
    endloop
  endfacet
  facet normal 0 0 -1
    outer loop
      vertex 184 0 0
      vertex 87.6658 75.9208 0
      vertex 87.6901 76.1671 0
    endloop
  endfacet
  facet normal 0 0 -1
    outer loop
      vertex 184 0 0
      vertex 87.4531 75.2197 0
      vertex 87.6658 75.9208 0
    endloop
  endfacet
  facet normal 0 0 -1
    outer loop
      vertex 80.5 48 0
      vertex 87.4531 75.2197 0
      vertex 184 0 0
    endloop
  endfacet
  facet normal 0 0 -1
    outer loop
      vertex 87.4531 75.2197 0
      vertex 80.5 48 0
      vertex 87.2244 74.7917 0
    endloop
  endfacet
  facet normal 0 0 -1
    outer loop
      vertex 87.2244 74.7917 0
      vertex 80.5 48 0
      vertex 87.1077 74.5735 0
    endloop
  endfacet
  facet normal 0 0 -1
    outer loop
      vertex 87.1077 74.5735 0
      vertex 80.5 48 0
      vertex 86.9507 74.3822 0
    endloop
  endfacet
  facet normal 0 0 -1
    outer loop
      vertex 86.9507 74.3822 0
      vertex 80.5 48 0
      vertex 86.6429 74.0071 0
    endloop
  endfacet
  facet normal 0 0 -1
    outer loop
      vertex 80.3097 48.9567 0
      vertex 86.6429 74.0071 0
      vertex 80.5 48 0
    endloop
  endfacet
  facet normal 0 0 -1
    outer loop
      vertex 86.6429 74.0071 0
      vertex 80.3097 48.9567 0
      vertex 86.0765 73.5423 0
    endloop
  endfacet
  facet normal 0 0 -1
    outer loop
      vertex 79.7678 49.7678 0
      vertex 86.0765 73.5423 0
      vertex 80.3097 48.9567 0
    endloop
  endfacet
  facet normal 0 0 -1
    outer loop
      vertex 86.0765 73.5423 0
      vertex 79.7678 49.7678 0
      vertex 85.6486 73.3135 0
    endloop
  endfacet
  facet normal 0 0 -1
    outer loop
      vertex 85.6486 73.3135 0
      vertex 79.7678 49.7678 0
      vertex 85.4303 73.1969 0
    endloop
  endfacet
  facet normal 0 0 -1
    outer loop
      vertex 85.4303 73.1969 0
      vertex 79.7678 49.7678 0
      vertex 84.7292 72.9842 0
    endloop
  endfacet
  facet normal 0 0 -1
    outer loop
      vertex 78.9567 50.3097 0
      vertex 84.7292 72.9842 0
      vertex 79.7678 49.7678 0
    endloop
  endfacet
  facet normal 0 0 -1
    outer loop
      vertex 84.7292 72.9842 0
      vertex 78.9567 50.3097 0
      vertex 84.4829 72.9599 0
    endloop
  endfacet
  facet normal 0 0 -1
    outer loop
      vertex 84.4829 72.9599 0
      vertex 78.9567 50.3097 0
      vertex 84 72.9124 0
    endloop
  endfacet
  facet normal 0 0 -1
    outer loop
      vertex 63.9567 50.3097 0
      vertex 81.0493 74.3822 0
      vertex 81.3571 74.0071 0
    endloop
  endfacet
  facet normal -0 0 -1
    outer loop
      vertex 83.2708 72.9842 0
      vertex 78 50.5 0
      vertex 82.5697 73.1969 0
    endloop
  endfacet
  facet normal 0 0 -1
    outer loop
      vertex 78 50.5 0
      vertex 83.2708 72.9842 0
      vertex 78.9567 50.3097 0
    endloop
  endfacet
  facet normal -0 0 -1
    outer loop
      vertex 84 72.9124 0
      vertex 78.9567 50.3097 0
      vertex 83.2708 72.9842 0
    endloop
  endfacet
  facet normal 0 0 -1
    outer loop
      vertex 80.5 48 0
      vertex 184 0 0
      vertex 80.5 33 0
    endloop
  endfacet
  facet normal 0 0 -1
    outer loop
      vertex 80.5 33 0
      vertex 184 0 0
      vertex 80.5 18 0
    endloop
  endfacet
  facet normal 0 0 -1
    outer loop
      vertex 184 0 0
      vertex 80.3097 17.0433 0
      vertex 80.5 18 0
    endloop
  endfacet
  facet normal 0 0 -1
    outer loop
      vertex 184 0 0
      vertex 79.7678 16.2322 0
      vertex 80.3097 17.0433 0
    endloop
  endfacet
  facet normal 0 0 -1
    outer loop
      vertex 184 0 0
      vertex 78.9567 15.6903 0
      vertex 79.7678 16.2322 0
    endloop
  endfacet
  facet normal 0 0 -1
    outer loop
      vertex 184 0 0
      vertex 78 15.5 0
      vertex 78.9567 15.6903 0
    endloop
  endfacet
  facet normal 0 0 -1
    outer loop
      vertex 75.6903 32.0433 0
      vertex 65.5 33 0
      vertex 75.5 33 0
    endloop
  endfacet
  facet normal 0 0 -1
    outer loop
      vertex 76.2322 31.2322 0
      vertex 65.5 33 0
      vertex 75.6903 32.0433 0
    endloop
  endfacet
  facet normal 0 0 -1
    outer loop
      vertex 75.6903 17.0433 0
      vertex 65.5 18 0
      vertex 75.5 18 0
    endloop
  endfacet
  facet normal 0 0 -1
    outer loop
      vertex 65.3097 17.0433 0
      vertex 75.6903 17.0433 0
      vertex 76.2322 16.2322 0
    endloop
  endfacet
  facet normal 0 0 -1
    outer loop
      vertex 64.7678 16.2322 0
      vertex 76.2322 16.2322 0
      vertex 77.0433 15.6903 0
    endloop
  endfacet
  facet normal 0 0 -1
    outer loop
      vertex 75.6903 17.0433 0
      vertex 65.3097 17.0433 0
      vertex 65.5 18 0
    endloop
  endfacet
  facet normal 0 0 -1
    outer loop
      vertex 63.9567 15.6903 0
      vertex 77.0433 15.6903 0
      vertex 78 15.5 0
    endloop
  endfacet
  facet normal 0 0 -1
    outer loop
      vertex 5 0 0
      vertex 78 15.5 0
      vertex 184 0 0
    endloop
  endfacet
  facet normal 0 0 -1
    outer loop
      vertex 76.2322 16.2322 0
      vertex 64.7678 16.2322 0
      vertex 65.3097 17.0433 0
    endloop
  endfacet
  facet normal 0 0 -1
    outer loop
      vertex 77.0433 15.6903 0
      vertex 63.9567 15.6903 0
      vertex 64.7678 16.2322 0
    endloop
  endfacet
  facet normal 0 0 -1
    outer loop
      vertex 78 15.5 0
      vertex 63 15.5 0
      vertex 63.9567 15.6903 0
    endloop
  endfacet
  facet normal 0 0 -1
    outer loop
      vertex 60.6903 32.0433 0
      vertex 50.5 33 0
      vertex 60.5 33 0
    endloop
  endfacet
  facet normal 0 0 -1
    outer loop
      vertex 61.2322 31.2322 0
      vertex 50.5 33 0
      vertex 60.6903 32.0433 0
    endloop
  endfacet
  facet normal 0 0 -1
    outer loop
      vertex 60.6903 17.0433 0
      vertex 50.5 18 0
      vertex 60.5 18 0
    endloop
  endfacet
  facet normal 0 0 -1
    outer loop
      vertex 50.3097 17.0433 0
      vertex 60.6903 17.0433 0
      vertex 61.2322 16.2322 0
    endloop
  endfacet
  facet normal 0 0 -1
    outer loop
      vertex 49.7678 16.2322 0
      vertex 61.2322 16.2322 0
      vertex 62.0433 15.6903 0
    endloop
  endfacet
  facet normal 0 0 -1
    outer loop
      vertex 60.6903 17.0433 0
      vertex 50.3097 17.0433 0
      vertex 50.5 18 0
    endloop
  endfacet
  facet normal 0 0 -1
    outer loop
      vertex 48.9567 15.6903 0
      vertex 62.0433 15.6903 0
      vertex 63 15.5 0
    endloop
  endfacet
  facet normal -0 0 -1
    outer loop
      vertex 78 15.5 0
      vertex 5 0 0
      vertex 63 15.5 0
    endloop
  endfacet
  facet normal 0 0 -1
    outer loop
      vertex 61.2322 16.2322 0
      vertex 49.7678 16.2322 0
      vertex 50.3097 17.0433 0
    endloop
  endfacet
  facet normal 0 0 -1
    outer loop
      vertex 62.0433 15.6903 0
      vertex 48.9567 15.6903 0
      vertex 49.7678 16.2322 0
    endloop
  endfacet
  facet normal 0 -0 -1
    outer loop
      vertex 48 15.5 0
      vertex 63 15.5 0
      vertex 5 0 0
    endloop
  endfacet
  facet normal 0 0 -1
    outer loop
      vertex 45.6903 32.0433 0
      vertex 35.5 33 0
      vertex 45.5 33 0
    endloop
  endfacet
  facet normal 0 0 -1
    outer loop
      vertex 46.2322 31.2322 0
      vertex 35.5 33 0
      vertex 45.6903 32.0433 0
    endloop
  endfacet
  facet normal 0 0 -1
    outer loop
      vertex 45.6903 17.0433 0
      vertex 35.5 18 0
      vertex 45.5 18 0
    endloop
  endfacet
  facet normal 0 0 -1
    outer loop
      vertex 35.3097 17.0433 0
      vertex 45.6903 17.0433 0
      vertex 46.2322 16.2322 0
    endloop
  endfacet
  facet normal 0 0 -1
    outer loop
      vertex 34.7678 16.2322 0
      vertex 46.2322 16.2322 0
      vertex 47.0433 15.6903 0
    endloop
  endfacet
  facet normal 0 0 -1
    outer loop
      vertex 45.6903 17.0433 0
      vertex 35.3097 17.0433 0
      vertex 35.5 18 0
    endloop
  endfacet
  facet normal 0 0 -1
    outer loop
      vertex 33.9567 15.6903 0
      vertex 47.0433 15.6903 0
      vertex 48 15.5 0
    endloop
  endfacet
  facet normal 0 0 -1
    outer loop
      vertex 46.2322 16.2322 0
      vertex 34.7678 16.2322 0
      vertex 35.3097 17.0433 0
    endloop
  endfacet
  facet normal 0 0 -1
    outer loop
      vertex 63 15.5 0
      vertex 48 15.5 0
      vertex 48.9567 15.6903 0
    endloop
  endfacet
  facet normal 0 0 -1
    outer loop
      vertex 47.0433 15.6903 0
      vertex 33.9567 15.6903 0
      vertex 34.7678 16.2322 0
    endloop
  endfacet
  facet normal 0 -0 -1
    outer loop
      vertex 33 15.5 0
      vertex 48 15.5 0
      vertex 5 0 0
    endloop
  endfacet
  facet normal 0 0 -1
    outer loop
      vertex 30.6903 32.0433 0
      vertex 20.5 33 0
      vertex 30.5 33 0
    endloop
  endfacet
  facet normal 0 0 -1
    outer loop
      vertex 31.2322 31.2322 0
      vertex 20.5 33 0
      vertex 30.6903 32.0433 0
    endloop
  endfacet
  facet normal 0 0 -1
    outer loop
      vertex 30.6903 17.0433 0
      vertex 20.5 18 0
      vertex 30.5 18 0
    endloop
  endfacet
  facet normal 0 0 -1
    outer loop
      vertex 20.3097 17.0433 0
      vertex 30.6903 17.0433 0
      vertex 31.2322 16.2322 0
    endloop
  endfacet
  facet normal 0 0 -1
    outer loop
      vertex 19.7678 16.2322 0
      vertex 31.2322 16.2322 0
      vertex 32.0433 15.6903 0
    endloop
  endfacet
  facet normal 0 0 -1
    outer loop
      vertex 30.6903 17.0433 0
      vertex 20.3097 17.0433 0
      vertex 20.5 18 0
    endloop
  endfacet
  facet normal 0 0 -1
    outer loop
      vertex 5 0 0
      vertex 32.0433 15.6903 0
      vertex 33 15.5 0
    endloop
  endfacet
  facet normal 0 0 -1
    outer loop
      vertex 31.2322 16.2322 0
      vertex 19.7678 16.2322 0
      vertex 20.3097 17.0433 0
    endloop
  endfacet
  facet normal 0 0 -1
    outer loop
      vertex 48 15.5 0
      vertex 33 15.5 0
      vertex 33.9567 15.6903 0
    endloop
  endfacet
  facet normal -0 0 -1
    outer loop
      vertex 32.0433 15.6903 0
      vertex 5 0 0
      vertex 18.9567 15.6903 0
    endloop
  endfacet
  facet normal 0 0 -1
    outer loop
      vertex 32.0433 15.6903 0
      vertex 18.9567 15.6903 0
      vertex 19.7678 16.2322 0
    endloop
  endfacet
  facet normal -0 0 -1
    outer loop
      vertex 15.6903 32.0433 0
      vertex 0 5 0
      vertex 15.5 33 0
    endloop
  endfacet
  facet normal -0 0 -1
    outer loop
      vertex 15.6903 17.0433 0
      vertex 0 5 0
      vertex 15.5 18 0
    endloop
  endfacet
  facet normal -0 0 -1
    outer loop
      vertex 16.2322 16.2322 0
      vertex 0 5 0
      vertex 15.6903 17.0433 0
    endloop
  endfacet
  facet normal 0 0 -1
    outer loop
      vertex 0 5 0
      vertex 16.2322 16.2322 0
      vertex 5 0 0
    endloop
  endfacet
  facet normal -0 0 -1
    outer loop
      vertex 17.0433 15.6903 0
      vertex 5 0 0
      vertex 16.2322 16.2322 0
    endloop
  endfacet
  facet normal -0 0 -1
    outer loop
      vertex 18 15.5 0
      vertex 5 0 0
      vertex 17.0433 15.6903 0
    endloop
  endfacet
  facet normal 0 0 -1
    outer loop
      vertex 18.9567 15.6903 0
      vertex 5 0 0
      vertex 18 15.5 0
    endloop
  endfacet
  facet normal 0 0 -1
    outer loop
      vertex 87.6901 77.1329 0
      vertex 184 151.65 0
      vertex 87.7376 76.65 0
    endloop
  endfacet
  facet normal 0 0 -1
    outer loop
      vertex 87.6658 77.3792 0
      vertex 184 151.65 0
      vertex 87.6901 77.1329 0
    endloop
  endfacet
  facet normal 0 0 -1
    outer loop
      vertex 87.594 77.616 0
      vertex 184 151.65 0
      vertex 87.6658 77.3792 0
    endloop
  endfacet
  facet normal 0 0 -1
    outer loop
      vertex 87.4531 78.0803 0
      vertex 184 151.65 0
      vertex 87.594 77.616 0
    endloop
  endfacet
  facet normal 0 0 -1
    outer loop
      vertex 87.2244 78.5083 0
      vertex 184 151.65 0
      vertex 87.4531 78.0803 0
    endloop
  endfacet
  facet normal 0 0 -1
    outer loop
      vertex 87.1077 78.7265 0
      vertex 184 151.65 0
      vertex 87.2244 78.5083 0
    endloop
  endfacet
  facet normal 0 0 -1
    outer loop
      vertex 86.9507 78.9178 0
      vertex 184 151.65 0
      vertex 87.1077 78.7265 0
    endloop
  endfacet
  facet normal 0 0 -1
    outer loop
      vertex 86.6429 79.2929 0
      vertex 184 151.65 0
      vertex 86.9507 78.9178 0
    endloop
  endfacet
  facet normal 0 0 -1
    outer loop
      vertex 86.4516 79.4499 0
      vertex 184 151.65 0
      vertex 86.6429 79.2929 0
    endloop
  endfacet
  facet normal 0 0 -1
    outer loop
      vertex 86.0765 79.7577 0
      vertex 184 151.65 0
      vertex 86.4516 79.4499 0
    endloop
  endfacet
  facet normal 0 0 -1
    outer loop
      vertex 85.6486 79.9865 0
      vertex 184 151.65 0
      vertex 86.0765 79.7577 0
    endloop
  endfacet
  facet normal 0 0 -1
    outer loop
      vertex 85.4303 80.1031 0
      vertex 184 151.65 0
      vertex 85.6486 79.9865 0
    endloop
  endfacet
  facet normal 0 0 -1
    outer loop
      vertex 84.7292 80.3158 0
      vertex 184 151.65 0
      vertex 85.4303 80.1031 0
    endloop
  endfacet
  facet normal 0 0 -1
    outer loop
      vertex 84.2463 80.3634 0
      vertex 184 151.65 0
      vertex 84.7292 80.3158 0
    endloop
  endfacet
  facet normal 0 0 -1
    outer loop
      vertex 84 80.3876 0
      vertex 184 151.65 0
      vertex 84.2463 80.3634 0
    endloop
  endfacet
  facet normal 0 0 -1
    outer loop
      vertex 0 151.65 0
      vertex 84 80.3876 0
      vertex 83.7537 80.3634 0
    endloop
  endfacet
  facet normal 0 0 -1
    outer loop
      vertex 0 151.65 0
      vertex 83.7537 80.3634 0
      vertex 83.2708 80.3158 0
    endloop
  endfacet
  facet normal 0 0 -1
    outer loop
      vertex 0 151.65 0
      vertex 83.2708 80.3158 0
      vertex 82.5697 80.1031 0
    endloop
  endfacet
  facet normal 0 0 -1
    outer loop
      vertex 0 151.65 0
      vertex 82.5697 80.1031 0
      vertex 82.3514 79.9865 0
    endloop
  endfacet
  facet normal 0 0 -1
    outer loop
      vertex 0 151.65 0
      vertex 82.3514 79.9865 0
      vertex 81.9235 79.7577 0
    endloop
  endfacet
  facet normal 0 0 1
    outer loop
      vertex 80.3342 77.3792 0
      vertex 80.5469 78.0803 0
      vertex 80.406 77.616 0
    endloop
  endfacet
  facet normal 0 0 -1
    outer loop
      vertex 48 50.5 0
      vertex 80.3099 77.1329 0
      vertex 80.2624 76.65 0
    endloop
  endfacet
  facet normal -0 0 -1
    outer loop
      vertex 80.8923 74.5735 0
      vertex 63 50.5 0
      vertex 80.7756 74.7917 0
    endloop
  endfacet
  facet normal -0 0 -1
    outer loop
      vertex 80.7756 74.7917 0
      vertex 63 50.5 0
      vertex 80.5469 75.2197 0
    endloop
  endfacet
  facet normal -0 0 -1
    outer loop
      vertex 80.5469 75.2197 0
      vertex 63 50.5 0
      vertex 80.3342 75.9208 0
    endloop
  endfacet
  facet normal 0 0 -1
    outer loop
      vertex 62.0433 50.3097 0
      vertex 80.3342 75.9208 0
      vertex 63 50.5 0
    endloop
  endfacet
  facet normal 0 0 -1
    outer loop
      vertex 63.9567 50.3097 0
      vertex 77.0433 50.3097 0
      vertex 76.2322 49.7678 0
    endloop
  endfacet
  facet normal 0 0 -1
    outer loop
      vertex 64.7678 49.7678 0
      vertex 76.2322 49.7678 0
      vertex 75.6903 48.9567 0
    endloop
  endfacet
  facet normal 0 0 -1
    outer loop
      vertex 65.3097 48.9567 0
      vertex 75.6903 48.9567 0
      vertex 75.5 48 0
    endloop
  endfacet
  facet normal 0 0 -1
    outer loop
      vertex 76.2322 46.2322 0
      vertex 65.5 48 0
      vertex 75.6903 47.0433 0
    endloop
  endfacet
  facet normal 0 0 -1
    outer loop
      vertex 75.6903 47.0433 0
      vertex 65.5 48 0
      vertex 75.5 48 0
    endloop
  endfacet
  facet normal 0 0 -1
    outer loop
      vertex 65.3097 48.9567 0
      vertex 75.5 48 0
      vertex 65.5 48 0
    endloop
  endfacet
  facet normal 0 0 -1
    outer loop
      vertex 75.6903 48.9567 0
      vertex 65.3097 48.9567 0
      vertex 64.7678 49.7678 0
    endloop
  endfacet
  facet normal 0 0 -1
    outer loop
      vertex 76.2322 49.7678 0
      vertex 64.7678 49.7678 0
      vertex 63.9567 50.3097 0
    endloop
  endfacet
  facet normal -0 0 -1
    outer loop
      vertex 80.3342 75.9208 0
      vertex 62.0433 50.3097 0
      vertex 80.2866 76.4037 0
    endloop
  endfacet
  facet normal -0 0 -1
    outer loop
      vertex 80.2866 76.4037 0
      vertex 62.0433 50.3097 0
      vertex 80.2624 76.65 0
    endloop
  endfacet
  facet normal 0 0 -1
    outer loop
      vertex 48.9567 50.3097 0
      vertex 80.2624 76.65 0
      vertex 62.0433 50.3097 0
    endloop
  endfacet
  facet normal 0 0 -1
    outer loop
      vertex 48 50.5 0
      vertex 80.2624 76.65 0
      vertex 48.9567 50.3097 0
    endloop
  endfacet
  facet normal -0 0 -1
    outer loop
      vertex 80.3099 77.1329 0
      vertex 48 50.5 0
      vertex 80.3342 77.3792 0
    endloop
  endfacet
  facet normal -0 0 -1
    outer loop
      vertex 80.3342 77.3792 0
      vertex 48 50.5 0
      vertex 80.5469 78.0803 0
    endloop
  endfacet
  facet normal 0 0 -1
    outer loop
      vertex 48.9567 50.3097 0
      vertex 62.0433 50.3097 0
      vertex 61.2322 49.7678 0
    endloop
  endfacet
  facet normal 0 0 -1
    outer loop
      vertex 61.2322 46.2322 0
      vertex 50.5 48 0
      vertex 60.6903 47.0433 0
    endloop
  endfacet
  facet normal 0 0 -1
    outer loop
      vertex 60.6903 47.0433 0
      vertex 50.5 48 0
      vertex 60.5 48 0
    endloop
  endfacet
  facet normal 0 0 -1
    outer loop
      vertex 60.5 48 0
      vertex 50.5 48 0
      vertex 60.6903 48.9567 0
    endloop
  endfacet
  facet normal 0 0 -1
    outer loop
      vertex 50.3097 48.9567 0
      vertex 60.6903 48.9567 0
      vertex 50.5 48 0
    endloop
  endfacet
  facet normal 0 0 -1
    outer loop
      vertex 60.6903 48.9567 0
      vertex 50.3097 48.9567 0
      vertex 61.2322 49.7678 0
    endloop
  endfacet
  facet normal 0 0 -1
    outer loop
      vertex 49.7678 49.7678 0
      vertex 61.2322 49.7678 0
      vertex 50.3097 48.9567 0
    endloop
  endfacet
  facet normal 0 0 -1
    outer loop
      vertex 48.9567 50.3097 0
      vertex 61.2322 49.7678 0
      vertex 49.7678 49.7678 0
    endloop
  endfacet
  facet normal 0 0 -1
    outer loop
      vertex 33 50.5 0
      vertex 80.5469 78.0803 0
      vertex 48 50.5 0
    endloop
  endfacet
  facet normal -0 0 -1
    outer loop
      vertex 80.5469 78.0803 0
      vertex 33 50.5 0
      vertex 80.7756 78.5083 0
    endloop
  endfacet
  facet normal -0 0 -1
    outer loop
      vertex 80.7756 78.5083 0
      vertex 33 50.5 0
      vertex 80.8923 78.7265 0
    endloop
  endfacet
  facet normal 0 0 -1
    outer loop
      vertex 0 151.65 0
      vertex 80.8923 78.7265 0
      vertex 33 50.5 0
    endloop
  endfacet
  facet normal 0 0 -1
    outer loop
      vertex 33 50.5 0
      vertex 48 50.5 0
      vertex 47.0433 50.3097 0
    endloop
  endfacet
  facet normal 0 0 -1
    outer loop
      vertex 33.9567 50.3097 0
      vertex 47.0433 50.3097 0
      vertex 46.2322 49.7678 0
    endloop
  endfacet
  facet normal 0 0 -1
    outer loop
      vertex 46.2322 46.2322 0
      vertex 35.5 48 0
      vertex 45.6903 47.0433 0
    endloop
  endfacet
  facet normal 0 0 -1
    outer loop
      vertex 45.6903 47.0433 0
      vertex 35.5 48 0
      vertex 45.5 48 0
    endloop
  endfacet
  facet normal 0 0 -1
    outer loop
      vertex 45.5 48 0
      vertex 35.5 48 0
      vertex 45.6903 48.9567 0
    endloop
  endfacet
  facet normal 0 0 -1
    outer loop
      vertex 35.3097 48.9567 0
      vertex 45.6903 48.9567 0
      vertex 35.5 48 0
    endloop
  endfacet
  facet normal 0 0 -1
    outer loop
      vertex 45.6903 48.9567 0
      vertex 35.3097 48.9567 0
      vertex 46.2322 49.7678 0
    endloop
  endfacet
  facet normal 0 0 -1
    outer loop
      vertex 34.7678 49.7678 0
      vertex 46.2322 49.7678 0
      vertex 35.3097 48.9567 0
    endloop
  endfacet
  facet normal 0 0 -1
    outer loop
      vertex 33.9567 50.3097 0
      vertex 46.2322 49.7678 0
      vertex 34.7678 49.7678 0
    endloop
  endfacet
  facet normal 0 0 -1
    outer loop
      vertex 33 50.5 0
      vertex 47.0433 50.3097 0
      vertex 33.9567 50.3097 0
    endloop
  endfacet
  facet normal 0 0 -1
    outer loop
      vertex 80.8923 78.7265 0
      vertex 0 151.65 0
      vertex 81.0493 78.9178 0
    endloop
  endfacet
  facet normal 0 0 -1
    outer loop
      vertex 81.0493 78.9178 0
      vertex 0 151.65 0
      vertex 81.3571 79.2929 0
    endloop
  endfacet
  facet normal 0 0 -1
    outer loop
      vertex 81.3571 79.2929 0
      vertex 0 151.65 0
      vertex 81.5484 79.4499 0
    endloop
  endfacet
  facet normal 0 0 -1
    outer loop
      vertex 81.5484 79.4499 0
      vertex 0 151.65 0
      vertex 81.9235 79.7577 0
    endloop
  endfacet
  facet normal 0 0 -1
    outer loop
      vertex 18 50.5 0
      vertex 33 50.5 0
      vertex 32.0433 50.3097 0
    endloop
  endfacet
  facet normal 0 0 -1
    outer loop
      vertex 31.2322 46.2322 0
      vertex 20.5 48 0
      vertex 30.6903 47.0433 0
    endloop
  endfacet
  facet normal 0 0 -1
    outer loop
      vertex 30.6903 47.0433 0
      vertex 20.5 48 0
      vertex 30.5 48 0
    endloop
  endfacet
  facet normal 0 0 -1
    outer loop
      vertex 30.5 48 0
      vertex 20.5 48 0
      vertex 30.6903 48.9567 0
    endloop
  endfacet
  facet normal 0 0 -1
    outer loop
      vertex 20.3097 48.9567 0
      vertex 30.6903 48.9567 0
      vertex 20.5 48 0
    endloop
  endfacet
  facet normal 0 0 -1
    outer loop
      vertex 30.6903 48.9567 0
      vertex 20.3097 48.9567 0
      vertex 31.2322 49.7678 0
    endloop
  endfacet
  facet normal 0 0 -1
    outer loop
      vertex 19.7678 49.7678 0
      vertex 31.2322 49.7678 0
      vertex 20.3097 48.9567 0
    endloop
  endfacet
  facet normal 0 0 -1
    outer loop
      vertex 31.2322 49.7678 0
      vertex 19.7678 49.7678 0
      vertex 32.0433 50.3097 0
    endloop
  endfacet
  facet normal 0 0 -1
    outer loop
      vertex 18.9567 50.3097 0
      vertex 32.0433 50.3097 0
      vertex 19.7678 49.7678 0
    endloop
  endfacet
  facet normal 0 0 -1
    outer loop
      vertex 18 50.5 0
      vertex 32.0433 50.3097 0
      vertex 18.9567 50.3097 0
    endloop
  endfacet
  facet normal 0 0 -1
    outer loop
      vertex 33 50.5 0
      vertex 18 50.5 0
      vertex 0 151.65 0
    endloop
  endfacet
  facet normal 0 0 -1
    outer loop
      vertex 0 151.65 0
      vertex 18 50.5 0
      vertex 17.0433 50.3097 0
    endloop
  endfacet
  facet normal -0 0 -1
    outer loop
      vertex 15.5 33 0
      vertex 0 5 0
      vertex 15.5 48 0
    endloop
  endfacet
  facet normal 0 0 -1
    outer loop
      vertex 0 5 0
      vertex 5 0 0
      vertex 4.02455 0.0960732 0
    endloop
  endfacet
  facet normal 0 0 -1
    outer loop
      vertex 0 5 0
      vertex 4.02455 0.0960732 0
      vertex 3.08658 0.380602 0
    endloop
  endfacet
  facet normal 0 0 -1
    outer loop
      vertex 0 5 0
      vertex 3.08658 0.380602 0
      vertex 2.22215 0.842651 0
    endloop
  endfacet
  facet normal 0 0 -1
    outer loop
      vertex 0 5 0
      vertex 2.22215 0.842651 0
      vertex 1.46447 1.46447 0
    endloop
  endfacet
  facet normal 0 0 -1
    outer loop
      vertex 0 5 0
      vertex 1.46447 1.46447 0
      vertex 0.842651 2.22215 0
    endloop
  endfacet
  facet normal 0 0 -1
    outer loop
      vertex 0 5 0
      vertex 0.842651 2.22215 0
      vertex 0.380602 3.08658 0
    endloop
  endfacet
  facet normal 0 0 -1
    outer loop
      vertex 0 5 0
      vertex 0.380602 3.08658 0
      vertex 0.0960732 4.02455 0
    endloop
  endfacet
  facet normal -0 0 -1
    outer loop
      vertex 15.5 48 0
      vertex 0 5 0
      vertex 15.6903 48.9567 0
    endloop
  endfacet
  facet normal 0 0 -1
    outer loop
      vertex 84 80.3876 0
      vertex 0 151.65 0
      vertex 184 151.65 0
    endloop
  endfacet
  facet normal 0 0 -1
    outer loop
      vertex 16.2322 49.7678 0
      vertex 0 151.65 0
      vertex 17.0433 50.3097 0
    endloop
  endfacet
  facet normal 0 0 -1
    outer loop
      vertex 15.6903 48.9567 0
      vertex 0 151.65 0
      vertex 16.2322 49.7678 0
    endloop
  endfacet
  facet normal 0 0 -1
    outer loop
      vertex 0 151.65 0
      vertex 15.6903 48.9567 0
      vertex 0 5 0
    endloop
  endfacet
  facet normal -0 0 -1
    outer loop
      vertex 82.5697 73.1969 0
      vertex 78 50.5 0
      vertex 82.3514 73.3135 0
    endloop
  endfacet
  facet normal -0 0 -1
    outer loop
      vertex 82.3514 73.3135 0
      vertex 78 50.5 0
      vertex 81.9235 73.5423 0
    endloop
  endfacet
  facet normal 0 0 -1
    outer loop
      vertex 77.0433 50.3097 0
      vertex 81.9235 73.5423 0
      vertex 78 50.5 0
    endloop
  endfacet
  facet normal -0 0 -1
    outer loop
      vertex 81.9235 73.5423 0
      vertex 77.0433 50.3097 0
      vertex 81.3571 74.0071 0
    endloop
  endfacet
  facet normal 0 0 -1
    outer loop
      vertex 63.9567 50.3097 0
      vertex 81.3571 74.0071 0
      vertex 77.0433 50.3097 0
    endloop
  endfacet
  facet normal -0 0 -1
    outer loop
      vertex 81.0493 74.3822 0
      vertex 63.9567 50.3097 0
      vertex 80.8923 74.5735 0
    endloop
  endfacet
  facet normal 0 0 -1
    outer loop
      vertex 63 50.5 0
      vertex 80.8923 74.5735 0
      vertex 63.9567 50.3097 0
    endloop
  endfacet
  facet normal 0 -1 0
    outer loop
      vertex 5 0 0
      vertex 184 0 5
      vertex 5 0 5
    endloop
  endfacet
  facet normal 0 -1 -0
    outer loop
      vertex 184 0 5
      vertex 5 0 0
      vertex 184 0 0
    endloop
  endfacet
  facet normal -0.634398 -0.773007 0
    outer loop
      vertex 1.46447 1.46447 0
      vertex 2.22215 0.842651 5
      vertex 1.46447 1.46447 5
    endloop
  endfacet
  facet normal -0.634398 -0.773007 -0
    outer loop
      vertex 2.22215 0.842651 5
      vertex 1.46447 1.46447 0
      vertex 2.22215 0.842651 0
    endloop
  endfacet
  facet normal -0.290283 -0.956941 0
    outer loop
      vertex 3.08658 0.380602 0
      vertex 4.02455 0.0960732 5
      vertex 3.08658 0.380602 5
    endloop
  endfacet
  facet normal -0.290283 -0.956941 -0
    outer loop
      vertex 4.02455 0.0960732 5
      vertex 3.08658 0.380602 0
      vertex 4.02455 0.0960732 0
    endloop
  endfacet
  facet normal -0.773007 -0.634398 0
    outer loop
      vertex 1.46447 1.46447 0
      vertex 0.842651 2.22215 5
      vertex 0.842651 2.22215 0
    endloop
  endfacet
  facet normal -0.773007 -0.634398 0
    outer loop
      vertex 0.842651 2.22215 5
      vertex 1.46447 1.46447 0
      vertex 1.46447 1.46447 5
    endloop
  endfacet
  facet normal -0.881921 -0.471398 0
    outer loop
      vertex 0.842651 2.22215 0
      vertex 0.380602 3.08658 5
      vertex 0.380602 3.08658 0
    endloop
  endfacet
  facet normal -0.881921 -0.471398 0
    outer loop
      vertex 0.380602 3.08658 5
      vertex 0.842651 2.22215 0
      vertex 0.842651 2.22215 5
    endloop
  endfacet
  facet normal -0.956941 -0.290283 0
    outer loop
      vertex 0.380602 3.08658 0
      vertex 0.0960732 4.02455 5
      vertex 0.0960732 4.02455 0
    endloop
  endfacet
  facet normal -0.956941 -0.290283 0
    outer loop
      vertex 0.0960732 4.02455 5
      vertex 0.380602 3.08658 0
      vertex 0.380602 3.08658 5
    endloop
  endfacet
  facet normal -0.471398 -0.881921 0
    outer loop
      vertex 2.22215 0.842651 0
      vertex 3.08658 0.380602 5
      vertex 2.22215 0.842651 5
    endloop
  endfacet
  facet normal -0.471398 -0.881921 -0
    outer loop
      vertex 3.08658 0.380602 5
      vertex 2.22215 0.842651 0
      vertex 3.08658 0.380602 0
    endloop
  endfacet
  facet normal -0.0980169 -0.995185 0
    outer loop
      vertex 4.02455 0.0960732 0
      vertex 5 0 5
      vertex 4.02455 0.0960732 5
    endloop
  endfacet
  facet normal -0.0980169 -0.995185 -0
    outer loop
      vertex 5 0 5
      vertex 4.02455 0.0960732 0
      vertex 5 0 0
    endloop
  endfacet
  facet normal 1 0 0
    outer loop
      vertex 184 85.3 27
      vertex 184 82.3 27
      vertex 184 85.3 5
    endloop
  endfacet
  facet normal 1 -0 0
    outer loop
      vertex 184 85.3 5
      vertex 184 151.65 0
      vertex 184 151.65 5
    endloop
  endfacet
  facet normal 1 0 0
    outer loop
      vertex 184 82.3 5
      vertex 184 85.3 5
      vertex 184 82.3 27
    endloop
  endfacet
  facet normal 1 -0 0
    outer loop
      vertex 184 82.3 5
      vertex 184 151.65 0
      vertex 184 85.3 5
    endloop
  endfacet
  facet normal 1 0 0
    outer loop
      vertex 184 0 0
      vertex 184 82.3 5
      vertex 184 0 5
    endloop
  endfacet
  facet normal 1 0 0
    outer loop
      vertex 184 82.3 5
      vertex 184 0 0
      vertex 184 151.65 0
    endloop
  endfacet
  facet normal 0 1 -0
    outer loop
      vertex 184 151.65 0
      vertex 6 151.65 5
      vertex 184 151.65 5
    endloop
  endfacet
  facet normal 0 1 0
    outer loop
      vertex 0 151.65 0
      vertex 6 151.65 5
      vertex 184 151.65 0
    endloop
  endfacet
  facet normal 0 1 0
    outer loop
      vertex 6 151.65 5
      vertex 0 151.65 0
      vertex 3 151.65 5
    endloop
  endfacet
  facet normal 0 1 0
    outer loop
      vertex 3 151.65 5
      vertex 0 151.65 0
      vertex 0 151.65 5
    endloop
  endfacet
  facet normal 0 1 -0
    outer loop
      vertex 6 151.65 5
      vertex 3 151.65 27
      vertex 6 151.65 27
    endloop
  endfacet
  facet normal 0 1 0
    outer loop
      vertex 3 151.65 27
      vertex 6 151.65 5
      vertex 3 151.65 5
    endloop
  endfacet
  facet normal -0.980785 -0.195091 0
    outer loop
      vertex 20.5 18 0
      vertex 20.3097 18.9567 5
      vertex 20.3097 18.9567 0
    endloop
  endfacet
  facet normal -0.980785 -0.195091 0
    outer loop
      vertex 20.3097 18.9567 5
      vertex 20.5 18 0
      vertex 20.5 18 5
    endloop
  endfacet
  facet normal 0.195091 -0.980785 0
    outer loop
      vertex 17.0433 20.3097 0
      vertex 18 20.5 5
      vertex 17.0433 20.3097 5
    endloop
  endfacet
  facet normal 0.195091 -0.980785 0
    outer loop
      vertex 18 20.5 5
      vertex 17.0433 20.3097 0
      vertex 18 20.5 0
    endloop
  endfacet
  facet normal -0.555528 0.831498 0
    outer loop
      vertex 19.7678 16.2322 0
      vertex 18.9567 15.6903 5
      vertex 19.7678 16.2322 5
    endloop
  endfacet
  facet normal -0.555528 0.831498 0
    outer loop
      vertex 18.9567 15.6903 5
      vertex 19.7678 16.2322 0
      vertex 18.9567 15.6903 0
    endloop
  endfacet
  facet normal -0.555528 -0.831498 0
    outer loop
      vertex 18.9567 20.3097 0
      vertex 19.7678 19.7678 5
      vertex 18.9567 20.3097 5
    endloop
  endfacet
  facet normal -0.555528 -0.831498 -0
    outer loop
      vertex 19.7678 19.7678 5
      vertex 18.9567 20.3097 0
      vertex 19.7678 19.7678 0
    endloop
  endfacet
  facet normal -0.831498 -0.555528 0
    outer loop
      vertex 20.3097 18.9567 0
      vertex 19.7678 19.7678 5
      vertex 19.7678 19.7678 0
    endloop
  endfacet
  facet normal -0.831498 -0.555528 0
    outer loop
      vertex 19.7678 19.7678 5
      vertex 20.3097 18.9567 0
      vertex 20.3097 18.9567 5
    endloop
  endfacet
  facet normal -0.195091 -0.980785 0
    outer loop
      vertex 18 20.5 0
      vertex 18.9567 20.3097 5
      vertex 18 20.5 5
    endloop
  endfacet
  facet normal -0.195091 -0.980785 -0
    outer loop
      vertex 18.9567 20.3097 5
      vertex 18 20.5 0
      vertex 18.9567 20.3097 0
    endloop
  endfacet
  facet normal 0.831498 -0.555528 0
    outer loop
      vertex 15.6903 18.9567 5
      vertex 16.2322 19.7678 0
      vertex 16.2322 19.7678 5
    endloop
  endfacet
  facet normal 0.831498 -0.555528 0
    outer loop
      vertex 16.2322 19.7678 0
      vertex 15.6903 18.9567 5
      vertex 15.6903 18.9567 0
    endloop
  endfacet
  facet normal 0.980785 -0.195091 0
    outer loop
      vertex 15.5 18 5
      vertex 15.6903 18.9567 0
      vertex 15.6903 18.9567 5
    endloop
  endfacet
  facet normal 0.980785 -0.195091 0
    outer loop
      vertex 15.6903 18.9567 0
      vertex 15.5 18 5
      vertex 15.5 18 0
    endloop
  endfacet
  facet normal 0.555528 -0.831498 0
    outer loop
      vertex 16.2322 19.7678 0
      vertex 17.0433 20.3097 5
      vertex 16.2322 19.7678 5
    endloop
  endfacet
  facet normal 0.555528 -0.831498 0
    outer loop
      vertex 17.0433 20.3097 5
      vertex 16.2322 19.7678 0
      vertex 17.0433 20.3097 0
    endloop
  endfacet
  facet normal -0.980785 0.195091 0
    outer loop
      vertex 20.3097 17.0433 0
      vertex 20.5 18 5
      vertex 20.5 18 0
    endloop
  endfacet
  facet normal -0.980785 0.195091 0
    outer loop
      vertex 20.5 18 5
      vertex 20.3097 17.0433 0
      vertex 20.3097 17.0433 5
    endloop
  endfacet
  facet normal 0.195091 0.980785 -0
    outer loop
      vertex 18 15.5 0
      vertex 17.0433 15.6903 5
      vertex 18 15.5 5
    endloop
  endfacet
  facet normal 0.195091 0.980785 0
    outer loop
      vertex 17.0433 15.6903 5
      vertex 18 15.5 0
      vertex 17.0433 15.6903 0
    endloop
  endfacet
  facet normal 0.831498 0.555528 0
    outer loop
      vertex 16.2322 16.2322 5
      vertex 15.6903 17.0433 0
      vertex 15.6903 17.0433 5
    endloop
  endfacet
  facet normal 0.831498 0.555528 0
    outer loop
      vertex 15.6903 17.0433 0
      vertex 16.2322 16.2322 5
      vertex 16.2322 16.2322 0
    endloop
  endfacet
  facet normal 0.980785 0.195091 0
    outer loop
      vertex 15.6903 17.0433 5
      vertex 15.5 18 0
      vertex 15.5 18 5
    endloop
  endfacet
  facet normal 0.980785 0.195091 0
    outer loop
      vertex 15.5 18 0
      vertex 15.6903 17.0433 5
      vertex 15.6903 17.0433 0
    endloop
  endfacet
  facet normal -0.831498 0.555528 0
    outer loop
      vertex 19.7678 16.2322 0
      vertex 20.3097 17.0433 5
      vertex 20.3097 17.0433 0
    endloop
  endfacet
  facet normal -0.831498 0.555528 0
    outer loop
      vertex 20.3097 17.0433 5
      vertex 19.7678 16.2322 0
      vertex 19.7678 16.2322 5
    endloop
  endfacet
  facet normal -0.195091 0.980785 0
    outer loop
      vertex 18.9567 15.6903 0
      vertex 18 15.5 5
      vertex 18.9567 15.6903 5
    endloop
  endfacet
  facet normal -0.195091 0.980785 0
    outer loop
      vertex 18 15.5 5
      vertex 18.9567 15.6903 0
      vertex 18 15.5 0
    endloop
  endfacet
  facet normal 0.555528 0.831498 -0
    outer loop
      vertex 17.0433 15.6903 0
      vertex 16.2322 16.2322 5
      vertex 17.0433 15.6903 5
    endloop
  endfacet
  facet normal 0.555528 0.831498 0
    outer loop
      vertex 16.2322 16.2322 5
      vertex 17.0433 15.6903 0
      vertex 16.2322 16.2322 0
    endloop
  endfacet
  facet normal -0.980785 -0.195091 0
    outer loop
      vertex 20.5 33 0
      vertex 20.3097 33.9567 5
      vertex 20.3097 33.9567 0
    endloop
  endfacet
  facet normal -0.980785 -0.195091 0
    outer loop
      vertex 20.3097 33.9567 5
      vertex 20.5 33 0
      vertex 20.5 33 5
    endloop
  endfacet
  facet normal 0.195091 -0.980785 0
    outer loop
      vertex 17.0433 35.3097 0
      vertex 18 35.5 5
      vertex 17.0433 35.3097 5
    endloop
  endfacet
  facet normal 0.195091 -0.980785 0
    outer loop
      vertex 18 35.5 5
      vertex 17.0433 35.3097 0
      vertex 18 35.5 0
    endloop
  endfacet
  facet normal -0.555528 0.831498 0
    outer loop
      vertex 19.7678 31.2322 0
      vertex 18.9567 30.6903 5
      vertex 19.7678 31.2322 5
    endloop
  endfacet
  facet normal -0.555528 0.831498 0
    outer loop
      vertex 18.9567 30.6903 5
      vertex 19.7678 31.2322 0
      vertex 18.9567 30.6903 0
    endloop
  endfacet
  facet normal -0.555528 -0.831498 0
    outer loop
      vertex 18.9567 35.3097 0
      vertex 19.7678 34.7678 5
      vertex 18.9567 35.3097 5
    endloop
  endfacet
  facet normal -0.555528 -0.831498 -0
    outer loop
      vertex 19.7678 34.7678 5
      vertex 18.9567 35.3097 0
      vertex 19.7678 34.7678 0
    endloop
  endfacet
  facet normal -0.831498 -0.555528 0
    outer loop
      vertex 20.3097 33.9567 0
      vertex 19.7678 34.7678 5
      vertex 19.7678 34.7678 0
    endloop
  endfacet
  facet normal -0.831498 -0.555528 0
    outer loop
      vertex 19.7678 34.7678 5
      vertex 20.3097 33.9567 0
      vertex 20.3097 33.9567 5
    endloop
  endfacet
  facet normal -0.195091 -0.980785 0
    outer loop
      vertex 18 35.5 0
      vertex 18.9567 35.3097 5
      vertex 18 35.5 5
    endloop
  endfacet
  facet normal -0.195091 -0.980785 -0
    outer loop
      vertex 18.9567 35.3097 5
      vertex 18 35.5 0
      vertex 18.9567 35.3097 0
    endloop
  endfacet
  facet normal 0.831498 -0.555528 0
    outer loop
      vertex 15.6903 33.9567 5
      vertex 16.2322 34.7678 0
      vertex 16.2322 34.7678 5
    endloop
  endfacet
  facet normal 0.831498 -0.555528 0
    outer loop
      vertex 16.2322 34.7678 0
      vertex 15.6903 33.9567 5
      vertex 15.6903 33.9567 0
    endloop
  endfacet
  facet normal 0.980785 -0.195091 0
    outer loop
      vertex 15.5 33 5
      vertex 15.6903 33.9567 0
      vertex 15.6903 33.9567 5
    endloop
  endfacet
  facet normal 0.980785 -0.195091 0
    outer loop
      vertex 15.6903 33.9567 0
      vertex 15.5 33 5
      vertex 15.5 33 0
    endloop
  endfacet
  facet normal 0.555528 -0.831498 0
    outer loop
      vertex 16.2322 34.7678 0
      vertex 17.0433 35.3097 5
      vertex 16.2322 34.7678 5
    endloop
  endfacet
  facet normal 0.555528 -0.831498 0
    outer loop
      vertex 17.0433 35.3097 5
      vertex 16.2322 34.7678 0
      vertex 17.0433 35.3097 0
    endloop
  endfacet
  facet normal -0.980785 0.195091 0
    outer loop
      vertex 20.3097 32.0433 0
      vertex 20.5 33 5
      vertex 20.5 33 0
    endloop
  endfacet
  facet normal -0.980785 0.195091 0
    outer loop
      vertex 20.5 33 5
      vertex 20.3097 32.0433 0
      vertex 20.3097 32.0433 5
    endloop
  endfacet
  facet normal 0.195091 0.980785 -0
    outer loop
      vertex 18 30.5 0
      vertex 17.0433 30.6903 5
      vertex 18 30.5 5
    endloop
  endfacet
  facet normal 0.195091 0.980785 0
    outer loop
      vertex 17.0433 30.6903 5
      vertex 18 30.5 0
      vertex 17.0433 30.6903 0
    endloop
  endfacet
  facet normal 0.831498 0.555528 0
    outer loop
      vertex 16.2322 31.2322 5
      vertex 15.6903 32.0433 0
      vertex 15.6903 32.0433 5
    endloop
  endfacet
  facet normal 0.831498 0.555528 0
    outer loop
      vertex 15.6903 32.0433 0
      vertex 16.2322 31.2322 5
      vertex 16.2322 31.2322 0
    endloop
  endfacet
  facet normal 0.980785 0.195091 0
    outer loop
      vertex 15.6903 32.0433 5
      vertex 15.5 33 0
      vertex 15.5 33 5
    endloop
  endfacet
  facet normal 0.980785 0.195091 0
    outer loop
      vertex 15.5 33 0
      vertex 15.6903 32.0433 5
      vertex 15.6903 32.0433 0
    endloop
  endfacet
  facet normal -0.831498 0.555528 0
    outer loop
      vertex 19.7678 31.2322 0
      vertex 20.3097 32.0433 5
      vertex 20.3097 32.0433 0
    endloop
  endfacet
  facet normal -0.831498 0.555528 0
    outer loop
      vertex 20.3097 32.0433 5
      vertex 19.7678 31.2322 0
      vertex 19.7678 31.2322 5
    endloop
  endfacet
  facet normal -0.195091 0.980785 0
    outer loop
      vertex 18.9567 30.6903 0
      vertex 18 30.5 5
      vertex 18.9567 30.6903 5
    endloop
  endfacet
  facet normal -0.195091 0.980785 0
    outer loop
      vertex 18 30.5 5
      vertex 18.9567 30.6903 0
      vertex 18 30.5 0
    endloop
  endfacet
  facet normal 0.555528 0.831498 -0
    outer loop
      vertex 17.0433 30.6903 0
      vertex 16.2322 31.2322 5
      vertex 17.0433 30.6903 5
    endloop
  endfacet
  facet normal 0.555528 0.831498 0
    outer loop
      vertex 16.2322 31.2322 5
      vertex 17.0433 30.6903 0
      vertex 16.2322 31.2322 0
    endloop
  endfacet
  facet normal -0.980785 -0.195091 0
    outer loop
      vertex 20.5 48 0
      vertex 20.3097 48.9567 5
      vertex 20.3097 48.9567 0
    endloop
  endfacet
  facet normal -0.980785 -0.195091 0
    outer loop
      vertex 20.3097 48.9567 5
      vertex 20.5 48 0
      vertex 20.5 48 5
    endloop
  endfacet
  facet normal -0.195091 -0.980785 0
    outer loop
      vertex 18 50.5 0
      vertex 18.9567 50.3097 5
      vertex 18 50.5 5
    endloop
  endfacet
  facet normal -0.195091 -0.980785 -0
    outer loop
      vertex 18.9567 50.3097 5
      vertex 18 50.5 0
      vertex 18.9567 50.3097 0
    endloop
  endfacet
  facet normal 0.980785 0.195091 0
    outer loop
      vertex 15.6903 47.0433 5
      vertex 15.5 48 0
      vertex 15.5 48 5
    endloop
  endfacet
  facet normal 0.980785 0.195091 0
    outer loop
      vertex 15.5 48 0
      vertex 15.6903 47.0433 5
      vertex 15.6903 47.0433 0
    endloop
  endfacet
  facet normal -0.831498 0.555528 0
    outer loop
      vertex 19.7678 46.2322 0
      vertex 20.3097 47.0433 5
      vertex 20.3097 47.0433 0
    endloop
  endfacet
  facet normal -0.831498 0.555528 0
    outer loop
      vertex 20.3097 47.0433 5
      vertex 19.7678 46.2322 0
      vertex 19.7678 46.2322 5
    endloop
  endfacet
  facet normal -0.555528 0.831498 0
    outer loop
      vertex 19.7678 46.2322 0
      vertex 18.9567 45.6903 5
      vertex 19.7678 46.2322 5
    endloop
  endfacet
  facet normal -0.555528 0.831498 0
    outer loop
      vertex 18.9567 45.6903 5
      vertex 19.7678 46.2322 0
      vertex 18.9567 45.6903 0
    endloop
  endfacet
  facet normal -0.195091 0.980785 0
    outer loop
      vertex 18.9567 45.6903 0
      vertex 18 45.5 5
      vertex 18.9567 45.6903 5
    endloop
  endfacet
  facet normal -0.195091 0.980785 0
    outer loop
      vertex 18 45.5 5
      vertex 18.9567 45.6903 0
      vertex 18 45.5 0
    endloop
  endfacet
  facet normal -0.555528 -0.831498 0
    outer loop
      vertex 18.9567 50.3097 0
      vertex 19.7678 49.7678 5
      vertex 18.9567 50.3097 5
    endloop
  endfacet
  facet normal -0.555528 -0.831498 -0
    outer loop
      vertex 19.7678 49.7678 5
      vertex 18.9567 50.3097 0
      vertex 19.7678 49.7678 0
    endloop
  endfacet
  facet normal -0.831498 -0.555528 0
    outer loop
      vertex 20.3097 48.9567 0
      vertex 19.7678 49.7678 5
      vertex 19.7678 49.7678 0
    endloop
  endfacet
  facet normal -0.831498 -0.555528 0
    outer loop
      vertex 19.7678 49.7678 5
      vertex 20.3097 48.9567 0
      vertex 20.3097 48.9567 5
    endloop
  endfacet
  facet normal 0.195091 -0.980785 0
    outer loop
      vertex 17.0433 50.3097 0
      vertex 18 50.5 5
      vertex 17.0433 50.3097 5
    endloop
  endfacet
  facet normal 0.195091 -0.980785 0
    outer loop
      vertex 18 50.5 5
      vertex 17.0433 50.3097 0
      vertex 18 50.5 0
    endloop
  endfacet
  facet normal 0.555528 -0.831498 0
    outer loop
      vertex 16.2322 49.7678 0
      vertex 17.0433 50.3097 5
      vertex 16.2322 49.7678 5
    endloop
  endfacet
  facet normal 0.555528 -0.831498 0
    outer loop
      vertex 17.0433 50.3097 5
      vertex 16.2322 49.7678 0
      vertex 17.0433 50.3097 0
    endloop
  endfacet
  facet normal 0.831498 -0.555528 0
    outer loop
      vertex 15.6903 48.9567 5
      vertex 16.2322 49.7678 0
      vertex 16.2322 49.7678 5
    endloop
  endfacet
  facet normal 0.831498 -0.555528 0
    outer loop
      vertex 16.2322 49.7678 0
      vertex 15.6903 48.9567 5
      vertex 15.6903 48.9567 0
    endloop
  endfacet
  facet normal 0.831498 0.555528 0
    outer loop
      vertex 16.2322 46.2322 5
      vertex 15.6903 47.0433 0
      vertex 15.6903 47.0433 5
    endloop
  endfacet
  facet normal 0.831498 0.555528 0
    outer loop
      vertex 15.6903 47.0433 0
      vertex 16.2322 46.2322 5
      vertex 16.2322 46.2322 0
    endloop
  endfacet
  facet normal 0.195091 0.980785 -0
    outer loop
      vertex 18 45.5 0
      vertex 17.0433 45.6903 5
      vertex 18 45.5 5
    endloop
  endfacet
  facet normal 0.195091 0.980785 0
    outer loop
      vertex 17.0433 45.6903 5
      vertex 18 45.5 0
      vertex 17.0433 45.6903 0
    endloop
  endfacet
  facet normal 0.980785 -0.195091 0
    outer loop
      vertex 15.5 48 5
      vertex 15.6903 48.9567 0
      vertex 15.6903 48.9567 5
    endloop
  endfacet
  facet normal 0.980785 -0.195091 0
    outer loop
      vertex 15.6903 48.9567 0
      vertex 15.5 48 5
      vertex 15.5 48 0
    endloop
  endfacet
  facet normal 0.555528 0.831498 -0
    outer loop
      vertex 17.0433 45.6903 0
      vertex 16.2322 46.2322 5
      vertex 17.0433 45.6903 5
    endloop
  endfacet
  facet normal 0.555528 0.831498 0
    outer loop
      vertex 16.2322 46.2322 5
      vertex 17.0433 45.6903 0
      vertex 16.2322 46.2322 0
    endloop
  endfacet
  facet normal -0.980785 0.195091 0
    outer loop
      vertex 20.3097 47.0433 0
      vertex 20.5 48 5
      vertex 20.5 48 0
    endloop
  endfacet
  facet normal -0.980785 0.195091 0
    outer loop
      vertex 20.5 48 5
      vertex 20.3097 47.0433 0
      vertex 20.3097 47.0433 5
    endloop
  endfacet
  facet normal -0.980785 -0.195091 0
    outer loop
      vertex 35.5 18 0
      vertex 35.3097 18.9567 5
      vertex 35.3097 18.9567 0
    endloop
  endfacet
  facet normal -0.980785 -0.195091 0
    outer loop
      vertex 35.3097 18.9567 5
      vertex 35.5 18 0
      vertex 35.5 18 5
    endloop
  endfacet
  facet normal -0.195091 -0.980785 0
    outer loop
      vertex 33 20.5 0
      vertex 33.9567 20.3097 5
      vertex 33 20.5 5
    endloop
  endfacet
  facet normal -0.195091 -0.980785 -0
    outer loop
      vertex 33.9567 20.3097 5
      vertex 33 20.5 0
      vertex 33.9567 20.3097 0
    endloop
  endfacet
  facet normal 0.980785 0.195091 0
    outer loop
      vertex 30.6903 17.0433 5
      vertex 30.5 18 0
      vertex 30.5 18 5
    endloop
  endfacet
  facet normal 0.980785 0.195091 0
    outer loop
      vertex 30.5 18 0
      vertex 30.6903 17.0433 5
      vertex 30.6903 17.0433 0
    endloop
  endfacet
  facet normal -0.831498 0.555528 0
    outer loop
      vertex 34.7678 16.2322 0
      vertex 35.3097 17.0433 5
      vertex 35.3097 17.0433 0
    endloop
  endfacet
  facet normal -0.831498 0.555528 0
    outer loop
      vertex 35.3097 17.0433 5
      vertex 34.7678 16.2322 0
      vertex 34.7678 16.2322 5
    endloop
  endfacet
  facet normal -0.555528 0.831498 0
    outer loop
      vertex 34.7678 16.2322 0
      vertex 33.9567 15.6903 5
      vertex 34.7678 16.2322 5
    endloop
  endfacet
  facet normal -0.555528 0.831498 0
    outer loop
      vertex 33.9567 15.6903 5
      vertex 34.7678 16.2322 0
      vertex 33.9567 15.6903 0
    endloop
  endfacet
  facet normal -0.195091 0.980785 0
    outer loop
      vertex 33.9567 15.6903 0
      vertex 33 15.5 5
      vertex 33.9567 15.6903 5
    endloop
  endfacet
  facet normal -0.195091 0.980785 0
    outer loop
      vertex 33 15.5 5
      vertex 33.9567 15.6903 0
      vertex 33 15.5 0
    endloop
  endfacet
  facet normal -0.555528 -0.831498 0
    outer loop
      vertex 33.9567 20.3097 0
      vertex 34.7678 19.7678 5
      vertex 33.9567 20.3097 5
    endloop
  endfacet
  facet normal -0.555528 -0.831498 -0
    outer loop
      vertex 34.7678 19.7678 5
      vertex 33.9567 20.3097 0
      vertex 34.7678 19.7678 0
    endloop
  endfacet
  facet normal -0.831498 -0.555528 0
    outer loop
      vertex 35.3097 18.9567 0
      vertex 34.7678 19.7678 5
      vertex 34.7678 19.7678 0
    endloop
  endfacet
  facet normal -0.831498 -0.555528 0
    outer loop
      vertex 34.7678 19.7678 5
      vertex 35.3097 18.9567 0
      vertex 35.3097 18.9567 5
    endloop
  endfacet
  facet normal 0.195091 -0.980785 0
    outer loop
      vertex 32.0433 20.3097 0
      vertex 33 20.5 5
      vertex 32.0433 20.3097 5
    endloop
  endfacet
  facet normal 0.195091 -0.980785 0
    outer loop
      vertex 33 20.5 5
      vertex 32.0433 20.3097 0
      vertex 33 20.5 0
    endloop
  endfacet
  facet normal 0.555528 -0.831498 0
    outer loop
      vertex 31.2322 19.7678 0
      vertex 32.0433 20.3097 5
      vertex 31.2322 19.7678 5
    endloop
  endfacet
  facet normal 0.555528 -0.831498 0
    outer loop
      vertex 32.0433 20.3097 5
      vertex 31.2322 19.7678 0
      vertex 32.0433 20.3097 0
    endloop
  endfacet
  facet normal 0.831498 -0.555528 0
    outer loop
      vertex 30.6903 18.9567 5
      vertex 31.2322 19.7678 0
      vertex 31.2322 19.7678 5
    endloop
  endfacet
  facet normal 0.831498 -0.555528 0
    outer loop
      vertex 31.2322 19.7678 0
      vertex 30.6903 18.9567 5
      vertex 30.6903 18.9567 0
    endloop
  endfacet
  facet normal 0.831498 0.555528 0
    outer loop
      vertex 31.2322 16.2322 5
      vertex 30.6903 17.0433 0
      vertex 30.6903 17.0433 5
    endloop
  endfacet
  facet normal 0.831498 0.555528 0
    outer loop
      vertex 30.6903 17.0433 0
      vertex 31.2322 16.2322 5
      vertex 31.2322 16.2322 0
    endloop
  endfacet
  facet normal 0.195091 0.980785 -0
    outer loop
      vertex 33 15.5 0
      vertex 32.0433 15.6903 5
      vertex 33 15.5 5
    endloop
  endfacet
  facet normal 0.195091 0.980785 0
    outer loop
      vertex 32.0433 15.6903 5
      vertex 33 15.5 0
      vertex 32.0433 15.6903 0
    endloop
  endfacet
  facet normal 0.555528 0.831498 -0
    outer loop
      vertex 32.0433 15.6903 0
      vertex 31.2322 16.2322 5
      vertex 32.0433 15.6903 5
    endloop
  endfacet
  facet normal 0.555528 0.831498 0
    outer loop
      vertex 31.2322 16.2322 5
      vertex 32.0433 15.6903 0
      vertex 31.2322 16.2322 0
    endloop
  endfacet
  facet normal 0.980785 -0.195091 0
    outer loop
      vertex 30.5 18 5
      vertex 30.6903 18.9567 0
      vertex 30.6903 18.9567 5
    endloop
  endfacet
  facet normal 0.980785 -0.195091 0
    outer loop
      vertex 30.6903 18.9567 0
      vertex 30.5 18 5
      vertex 30.5 18 0
    endloop
  endfacet
  facet normal -0.980785 0.195091 0
    outer loop
      vertex 35.3097 17.0433 0
      vertex 35.5 18 5
      vertex 35.5 18 0
    endloop
  endfacet
  facet normal -0.980785 0.195091 0
    outer loop
      vertex 35.5 18 5
      vertex 35.3097 17.0433 0
      vertex 35.3097 17.0433 5
    endloop
  endfacet
  facet normal -0.980785 -0.195091 0
    outer loop
      vertex 35.5 33 0
      vertex 35.3097 33.9567 5
      vertex 35.3097 33.9567 0
    endloop
  endfacet
  facet normal -0.980785 -0.195091 0
    outer loop
      vertex 35.3097 33.9567 5
      vertex 35.5 33 0
      vertex 35.5 33 5
    endloop
  endfacet
  facet normal -0.195091 -0.980785 0
    outer loop
      vertex 33 35.5 0
      vertex 33.9567 35.3097 5
      vertex 33 35.5 5
    endloop
  endfacet
  facet normal -0.195091 -0.980785 -0
    outer loop
      vertex 33.9567 35.3097 5
      vertex 33 35.5 0
      vertex 33.9567 35.3097 0
    endloop
  endfacet
  facet normal 0.980785 0.195091 0
    outer loop
      vertex 30.6903 32.0433 5
      vertex 30.5 33 0
      vertex 30.5 33 5
    endloop
  endfacet
  facet normal 0.980785 0.195091 0
    outer loop
      vertex 30.5 33 0
      vertex 30.6903 32.0433 5
      vertex 30.6903 32.0433 0
    endloop
  endfacet
  facet normal -0.831498 0.555528 0
    outer loop
      vertex 34.7678 31.2322 0
      vertex 35.3097 32.0433 5
      vertex 35.3097 32.0433 0
    endloop
  endfacet
  facet normal -0.831498 0.555528 0
    outer loop
      vertex 35.3097 32.0433 5
      vertex 34.7678 31.2322 0
      vertex 34.7678 31.2322 5
    endloop
  endfacet
  facet normal -0.555528 0.831498 0
    outer loop
      vertex 34.7678 31.2322 0
      vertex 33.9567 30.6903 5
      vertex 34.7678 31.2322 5
    endloop
  endfacet
  facet normal -0.555528 0.831498 0
    outer loop
      vertex 33.9567 30.6903 5
      vertex 34.7678 31.2322 0
      vertex 33.9567 30.6903 0
    endloop
  endfacet
  facet normal -0.195091 0.980785 0
    outer loop
      vertex 33.9567 30.6903 0
      vertex 33 30.5 5
      vertex 33.9567 30.6903 5
    endloop
  endfacet
  facet normal -0.195091 0.980785 0
    outer loop
      vertex 33 30.5 5
      vertex 33.9567 30.6903 0
      vertex 33 30.5 0
    endloop
  endfacet
  facet normal -0.555528 -0.831498 0
    outer loop
      vertex 33.9567 35.3097 0
      vertex 34.7678 34.7678 5
      vertex 33.9567 35.3097 5
    endloop
  endfacet
  facet normal -0.555528 -0.831498 -0
    outer loop
      vertex 34.7678 34.7678 5
      vertex 33.9567 35.3097 0
      vertex 34.7678 34.7678 0
    endloop
  endfacet
  facet normal -0.831498 -0.555528 0
    outer loop
      vertex 35.3097 33.9567 0
      vertex 34.7678 34.7678 5
      vertex 34.7678 34.7678 0
    endloop
  endfacet
  facet normal -0.831498 -0.555528 0
    outer loop
      vertex 34.7678 34.7678 5
      vertex 35.3097 33.9567 0
      vertex 35.3097 33.9567 5
    endloop
  endfacet
  facet normal 0.195091 -0.980785 0
    outer loop
      vertex 32.0433 35.3097 0
      vertex 33 35.5 5
      vertex 32.0433 35.3097 5
    endloop
  endfacet
  facet normal 0.195091 -0.980785 0
    outer loop
      vertex 33 35.5 5
      vertex 32.0433 35.3097 0
      vertex 33 35.5 0
    endloop
  endfacet
  facet normal 0.555528 -0.831498 0
    outer loop
      vertex 31.2322 34.7678 0
      vertex 32.0433 35.3097 5
      vertex 31.2322 34.7678 5
    endloop
  endfacet
  facet normal 0.555528 -0.831498 0
    outer loop
      vertex 32.0433 35.3097 5
      vertex 31.2322 34.7678 0
      vertex 32.0433 35.3097 0
    endloop
  endfacet
  facet normal 0.980785 -0.195091 0
    outer loop
      vertex 30.5 33 5
      vertex 30.6903 33.9567 0
      vertex 30.6903 33.9567 5
    endloop
  endfacet
  facet normal 0.980785 -0.195091 0
    outer loop
      vertex 30.6903 33.9567 0
      vertex 30.5 33 5
      vertex 30.5 33 0
    endloop
  endfacet
  facet normal 0.831498 -0.555528 0
    outer loop
      vertex 30.6903 33.9567 5
      vertex 31.2322 34.7678 0
      vertex 31.2322 34.7678 5
    endloop
  endfacet
  facet normal 0.831498 -0.555528 0
    outer loop
      vertex 31.2322 34.7678 0
      vertex 30.6903 33.9567 5
      vertex 30.6903 33.9567 0
    endloop
  endfacet
  facet normal 0.831498 0.555528 0
    outer loop
      vertex 31.2322 31.2322 5
      vertex 30.6903 32.0433 0
      vertex 30.6903 32.0433 5
    endloop
  endfacet
  facet normal 0.831498 0.555528 0
    outer loop
      vertex 30.6903 32.0433 0
      vertex 31.2322 31.2322 5
      vertex 31.2322 31.2322 0
    endloop
  endfacet
  facet normal 0.195091 0.980785 -0
    outer loop
      vertex 33 30.5 0
      vertex 32.0433 30.6903 5
      vertex 33 30.5 5
    endloop
  endfacet
  facet normal 0.195091 0.980785 0
    outer loop
      vertex 32.0433 30.6903 5
      vertex 33 30.5 0
      vertex 32.0433 30.6903 0
    endloop
  endfacet
  facet normal 0.555528 0.831498 -0
    outer loop
      vertex 32.0433 30.6903 0
      vertex 31.2322 31.2322 5
      vertex 32.0433 30.6903 5
    endloop
  endfacet
  facet normal 0.555528 0.831498 0
    outer loop
      vertex 31.2322 31.2322 5
      vertex 32.0433 30.6903 0
      vertex 31.2322 31.2322 0
    endloop
  endfacet
  facet normal -0.980785 0.195091 0
    outer loop
      vertex 35.3097 32.0433 0
      vertex 35.5 33 5
      vertex 35.5 33 0
    endloop
  endfacet
  facet normal -0.980785 0.195091 0
    outer loop
      vertex 35.5 33 5
      vertex 35.3097 32.0433 0
      vertex 35.3097 32.0433 5
    endloop
  endfacet
  facet normal -0.980785 -0.195091 0
    outer loop
      vertex 35.5 48 0
      vertex 35.3097 48.9567 5
      vertex 35.3097 48.9567 0
    endloop
  endfacet
  facet normal -0.980785 -0.195091 0
    outer loop
      vertex 35.3097 48.9567 5
      vertex 35.5 48 0
      vertex 35.5 48 5
    endloop
  endfacet
  facet normal -0.195091 -0.980785 0
    outer loop
      vertex 33 50.5 0
      vertex 33.9567 50.3097 5
      vertex 33 50.5 5
    endloop
  endfacet
  facet normal -0.195091 -0.980785 -0
    outer loop
      vertex 33.9567 50.3097 5
      vertex 33 50.5 0
      vertex 33.9567 50.3097 0
    endloop
  endfacet
  facet normal 0.980785 0.195091 0
    outer loop
      vertex 30.6903 47.0433 5
      vertex 30.5 48 0
      vertex 30.5 48 5
    endloop
  endfacet
  facet normal 0.980785 0.195091 0
    outer loop
      vertex 30.5 48 0
      vertex 30.6903 47.0433 5
      vertex 30.6903 47.0433 0
    endloop
  endfacet
  facet normal -0.831498 0.555528 0
    outer loop
      vertex 34.7678 46.2322 0
      vertex 35.3097 47.0433 5
      vertex 35.3097 47.0433 0
    endloop
  endfacet
  facet normal -0.831498 0.555528 0
    outer loop
      vertex 35.3097 47.0433 5
      vertex 34.7678 46.2322 0
      vertex 34.7678 46.2322 5
    endloop
  endfacet
  facet normal -0.555528 0.831498 0
    outer loop
      vertex 34.7678 46.2322 0
      vertex 33.9567 45.6903 5
      vertex 34.7678 46.2322 5
    endloop
  endfacet
  facet normal -0.555528 0.831498 0
    outer loop
      vertex 33.9567 45.6903 5
      vertex 34.7678 46.2322 0
      vertex 33.9567 45.6903 0
    endloop
  endfacet
  facet normal -0.195091 0.980785 0
    outer loop
      vertex 33.9567 45.6903 0
      vertex 33 45.5 5
      vertex 33.9567 45.6903 5
    endloop
  endfacet
  facet normal -0.195091 0.980785 0
    outer loop
      vertex 33 45.5 5
      vertex 33.9567 45.6903 0
      vertex 33 45.5 0
    endloop
  endfacet
  facet normal -0.555528 -0.831498 0
    outer loop
      vertex 33.9567 50.3097 0
      vertex 34.7678 49.7678 5
      vertex 33.9567 50.3097 5
    endloop
  endfacet
  facet normal -0.555528 -0.831498 -0
    outer loop
      vertex 34.7678 49.7678 5
      vertex 33.9567 50.3097 0
      vertex 34.7678 49.7678 0
    endloop
  endfacet
  facet normal -0.831498 -0.555528 0
    outer loop
      vertex 35.3097 48.9567 0
      vertex 34.7678 49.7678 5
      vertex 34.7678 49.7678 0
    endloop
  endfacet
  facet normal -0.831498 -0.555528 0
    outer loop
      vertex 34.7678 49.7678 5
      vertex 35.3097 48.9567 0
      vertex 35.3097 48.9567 5
    endloop
  endfacet
  facet normal 0.195091 -0.980785 0
    outer loop
      vertex 32.0433 50.3097 0
      vertex 33 50.5 5
      vertex 32.0433 50.3097 5
    endloop
  endfacet
  facet normal 0.195091 -0.980785 0
    outer loop
      vertex 33 50.5 5
      vertex 32.0433 50.3097 0
      vertex 33 50.5 0
    endloop
  endfacet
  facet normal 0.555528 -0.831498 0
    outer loop
      vertex 31.2322 49.7678 0
      vertex 32.0433 50.3097 5
      vertex 31.2322 49.7678 5
    endloop
  endfacet
  facet normal 0.555528 -0.831498 0
    outer loop
      vertex 32.0433 50.3097 5
      vertex 31.2322 49.7678 0
      vertex 32.0433 50.3097 0
    endloop
  endfacet
  facet normal 0.831498 -0.555528 0
    outer loop
      vertex 30.6903 48.9567 5
      vertex 31.2322 49.7678 0
      vertex 31.2322 49.7678 5
    endloop
  endfacet
  facet normal 0.831498 -0.555528 0
    outer loop
      vertex 31.2322 49.7678 0
      vertex 30.6903 48.9567 5
      vertex 30.6903 48.9567 0
    endloop
  endfacet
  facet normal 0.831498 0.555528 0
    outer loop
      vertex 31.2322 46.2322 5
      vertex 30.6903 47.0433 0
      vertex 30.6903 47.0433 5
    endloop
  endfacet
  facet normal 0.831498 0.555528 0
    outer loop
      vertex 30.6903 47.0433 0
      vertex 31.2322 46.2322 5
      vertex 31.2322 46.2322 0
    endloop
  endfacet
  facet normal 0.195091 0.980785 -0
    outer loop
      vertex 33 45.5 0
      vertex 32.0433 45.6903 5
      vertex 33 45.5 5
    endloop
  endfacet
  facet normal 0.195091 0.980785 0
    outer loop
      vertex 32.0433 45.6903 5
      vertex 33 45.5 0
      vertex 32.0433 45.6903 0
    endloop
  endfacet
  facet normal 0.980785 -0.195091 0
    outer loop
      vertex 30.5 48 5
      vertex 30.6903 48.9567 0
      vertex 30.6903 48.9567 5
    endloop
  endfacet
  facet normal 0.980785 -0.195091 0
    outer loop
      vertex 30.6903 48.9567 0
      vertex 30.5 48 5
      vertex 30.5 48 0
    endloop
  endfacet
  facet normal 0.555528 0.831498 -0
    outer loop
      vertex 32.0433 45.6903 0
      vertex 31.2322 46.2322 5
      vertex 32.0433 45.6903 5
    endloop
  endfacet
  facet normal 0.555528 0.831498 0
    outer loop
      vertex 31.2322 46.2322 5
      vertex 32.0433 45.6903 0
      vertex 31.2322 46.2322 0
    endloop
  endfacet
  facet normal -0.980785 0.195091 0
    outer loop
      vertex 35.3097 47.0433 0
      vertex 35.5 48 5
      vertex 35.5 48 0
    endloop
  endfacet
  facet normal -0.980785 0.195091 0
    outer loop
      vertex 35.5 48 5
      vertex 35.3097 47.0433 0
      vertex 35.3097 47.0433 5
    endloop
  endfacet
  facet normal -0.980785 -0.195091 0
    outer loop
      vertex 50.5 18 0
      vertex 50.3097 18.9567 5
      vertex 50.3097 18.9567 0
    endloop
  endfacet
  facet normal -0.980785 -0.195091 0
    outer loop
      vertex 50.3097 18.9567 5
      vertex 50.5 18 0
      vertex 50.5 18 5
    endloop
  endfacet
  facet normal -0.195091 -0.980785 0
    outer loop
      vertex 48 20.5 0
      vertex 48.9567 20.3097 5
      vertex 48 20.5 5
    endloop
  endfacet
  facet normal -0.195091 -0.980785 -0
    outer loop
      vertex 48.9567 20.3097 5
      vertex 48 20.5 0
      vertex 48.9567 20.3097 0
    endloop
  endfacet
  facet normal 0.980785 0.195091 0
    outer loop
      vertex 45.6903 17.0433 5
      vertex 45.5 18 0
      vertex 45.5 18 5
    endloop
  endfacet
  facet normal 0.980785 0.195091 0
    outer loop
      vertex 45.5 18 0
      vertex 45.6903 17.0433 5
      vertex 45.6903 17.0433 0
    endloop
  endfacet
  facet normal -0.831498 0.555528 0
    outer loop
      vertex 49.7678 16.2322 0
      vertex 50.3097 17.0433 5
      vertex 50.3097 17.0433 0
    endloop
  endfacet
  facet normal -0.831498 0.555528 0
    outer loop
      vertex 50.3097 17.0433 5
      vertex 49.7678 16.2322 0
      vertex 49.7678 16.2322 5
    endloop
  endfacet
  facet normal -0.555528 0.831498 0
    outer loop
      vertex 49.7678 16.2322 0
      vertex 48.9567 15.6903 5
      vertex 49.7678 16.2322 5
    endloop
  endfacet
  facet normal -0.555528 0.831498 0
    outer loop
      vertex 48.9567 15.6903 5
      vertex 49.7678 16.2322 0
      vertex 48.9567 15.6903 0
    endloop
  endfacet
  facet normal -0.195091 0.980785 0
    outer loop
      vertex 48.9567 15.6903 0
      vertex 48 15.5 5
      vertex 48.9567 15.6903 5
    endloop
  endfacet
  facet normal -0.195091 0.980785 0
    outer loop
      vertex 48 15.5 5
      vertex 48.9567 15.6903 0
      vertex 48 15.5 0
    endloop
  endfacet
  facet normal -0.555528 -0.831498 0
    outer loop
      vertex 48.9567 20.3097 0
      vertex 49.7678 19.7678 5
      vertex 48.9567 20.3097 5
    endloop
  endfacet
  facet normal -0.555528 -0.831498 -0
    outer loop
      vertex 49.7678 19.7678 5
      vertex 48.9567 20.3097 0
      vertex 49.7678 19.7678 0
    endloop
  endfacet
  facet normal -0.831498 -0.555528 0
    outer loop
      vertex 50.3097 18.9567 0
      vertex 49.7678 19.7678 5
      vertex 49.7678 19.7678 0
    endloop
  endfacet
  facet normal -0.831498 -0.555528 0
    outer loop
      vertex 49.7678 19.7678 5
      vertex 50.3097 18.9567 0
      vertex 50.3097 18.9567 5
    endloop
  endfacet
  facet normal 0.195091 -0.980785 0
    outer loop
      vertex 47.0433 20.3097 0
      vertex 48 20.5 5
      vertex 47.0433 20.3097 5
    endloop
  endfacet
  facet normal 0.195091 -0.980785 0
    outer loop
      vertex 48 20.5 5
      vertex 47.0433 20.3097 0
      vertex 48 20.5 0
    endloop
  endfacet
  facet normal 0.555528 -0.831498 0
    outer loop
      vertex 46.2322 19.7678 0
      vertex 47.0433 20.3097 5
      vertex 46.2322 19.7678 5
    endloop
  endfacet
  facet normal 0.555528 -0.831498 0
    outer loop
      vertex 47.0433 20.3097 5
      vertex 46.2322 19.7678 0
      vertex 47.0433 20.3097 0
    endloop
  endfacet
  facet normal 0.980785 -0.195091 0
    outer loop
      vertex 45.5 18 5
      vertex 45.6903 18.9567 0
      vertex 45.6903 18.9567 5
    endloop
  endfacet
  facet normal 0.980785 -0.195091 0
    outer loop
      vertex 45.6903 18.9567 0
      vertex 45.5 18 5
      vertex 45.5 18 0
    endloop
  endfacet
  facet normal 0.831498 -0.555528 0
    outer loop
      vertex 45.6903 18.9567 5
      vertex 46.2322 19.7678 0
      vertex 46.2322 19.7678 5
    endloop
  endfacet
  facet normal 0.831498 -0.555528 0
    outer loop
      vertex 46.2322 19.7678 0
      vertex 45.6903 18.9567 5
      vertex 45.6903 18.9567 0
    endloop
  endfacet
  facet normal 0.831498 0.555528 0
    outer loop
      vertex 46.2322 16.2322 5
      vertex 45.6903 17.0433 0
      vertex 45.6903 17.0433 5
    endloop
  endfacet
  facet normal 0.831498 0.555528 0
    outer loop
      vertex 45.6903 17.0433 0
      vertex 46.2322 16.2322 5
      vertex 46.2322 16.2322 0
    endloop
  endfacet
  facet normal 0.195091 0.980785 -0
    outer loop
      vertex 48 15.5 0
      vertex 47.0433 15.6903 5
      vertex 48 15.5 5
    endloop
  endfacet
  facet normal 0.195091 0.980785 0
    outer loop
      vertex 47.0433 15.6903 5
      vertex 48 15.5 0
      vertex 47.0433 15.6903 0
    endloop
  endfacet
  facet normal 0.555528 0.831498 -0
    outer loop
      vertex 47.0433 15.6903 0
      vertex 46.2322 16.2322 5
      vertex 47.0433 15.6903 5
    endloop
  endfacet
  facet normal 0.555528 0.831498 0
    outer loop
      vertex 46.2322 16.2322 5
      vertex 47.0433 15.6903 0
      vertex 46.2322 16.2322 0
    endloop
  endfacet
  facet normal -0.980785 0.195091 0
    outer loop
      vertex 50.3097 17.0433 0
      vertex 50.5 18 5
      vertex 50.5 18 0
    endloop
  endfacet
  facet normal -0.980785 0.195091 0
    outer loop
      vertex 50.5 18 5
      vertex 50.3097 17.0433 0
      vertex 50.3097 17.0433 5
    endloop
  endfacet
  facet normal -0.980785 -0.195091 0
    outer loop
      vertex 50.5 33 0
      vertex 50.3097 33.9567 5
      vertex 50.3097 33.9567 0
    endloop
  endfacet
  facet normal -0.980785 -0.195091 0
    outer loop
      vertex 50.3097 33.9567 5
      vertex 50.5 33 0
      vertex 50.5 33 5
    endloop
  endfacet
  facet normal -0.195091 -0.980785 0
    outer loop
      vertex 48 35.5 0
      vertex 48.9567 35.3097 5
      vertex 48 35.5 5
    endloop
  endfacet
  facet normal -0.195091 -0.980785 -0
    outer loop
      vertex 48.9567 35.3097 5
      vertex 48 35.5 0
      vertex 48.9567 35.3097 0
    endloop
  endfacet
  facet normal 0.980785 0.195091 0
    outer loop
      vertex 45.6903 32.0433 5
      vertex 45.5 33 0
      vertex 45.5 33 5
    endloop
  endfacet
  facet normal 0.980785 0.195091 0
    outer loop
      vertex 45.5 33 0
      vertex 45.6903 32.0433 5
      vertex 45.6903 32.0433 0
    endloop
  endfacet
  facet normal -0.831498 0.555528 0
    outer loop
      vertex 49.7678 31.2322 0
      vertex 50.3097 32.0433 5
      vertex 50.3097 32.0433 0
    endloop
  endfacet
  facet normal -0.831498 0.555528 0
    outer loop
      vertex 50.3097 32.0433 5
      vertex 49.7678 31.2322 0
      vertex 49.7678 31.2322 5
    endloop
  endfacet
  facet normal -0.555528 0.831498 0
    outer loop
      vertex 49.7678 31.2322 0
      vertex 48.9567 30.6903 5
      vertex 49.7678 31.2322 5
    endloop
  endfacet
  facet normal -0.555528 0.831498 0
    outer loop
      vertex 48.9567 30.6903 5
      vertex 49.7678 31.2322 0
      vertex 48.9567 30.6903 0
    endloop
  endfacet
  facet normal -0.195091 0.980785 0
    outer loop
      vertex 48.9567 30.6903 0
      vertex 48 30.5 5
      vertex 48.9567 30.6903 5
    endloop
  endfacet
  facet normal -0.195091 0.980785 0
    outer loop
      vertex 48 30.5 5
      vertex 48.9567 30.6903 0
      vertex 48 30.5 0
    endloop
  endfacet
  facet normal -0.555528 -0.831498 0
    outer loop
      vertex 48.9567 35.3097 0
      vertex 49.7678 34.7678 5
      vertex 48.9567 35.3097 5
    endloop
  endfacet
  facet normal -0.555528 -0.831498 -0
    outer loop
      vertex 49.7678 34.7678 5
      vertex 48.9567 35.3097 0
      vertex 49.7678 34.7678 0
    endloop
  endfacet
  facet normal -0.831498 -0.555528 0
    outer loop
      vertex 50.3097 33.9567 0
      vertex 49.7678 34.7678 5
      vertex 49.7678 34.7678 0
    endloop
  endfacet
  facet normal -0.831498 -0.555528 0
    outer loop
      vertex 49.7678 34.7678 5
      vertex 50.3097 33.9567 0
      vertex 50.3097 33.9567 5
    endloop
  endfacet
  facet normal 0.195091 -0.980785 0
    outer loop
      vertex 47.0433 35.3097 0
      vertex 48 35.5 5
      vertex 47.0433 35.3097 5
    endloop
  endfacet
  facet normal 0.195091 -0.980785 0
    outer loop
      vertex 48 35.5 5
      vertex 47.0433 35.3097 0
      vertex 48 35.5 0
    endloop
  endfacet
  facet normal 0.555528 -0.831498 0
    outer loop
      vertex 46.2322 34.7678 0
      vertex 47.0433 35.3097 5
      vertex 46.2322 34.7678 5
    endloop
  endfacet
  facet normal 0.555528 -0.831498 0
    outer loop
      vertex 47.0433 35.3097 5
      vertex 46.2322 34.7678 0
      vertex 47.0433 35.3097 0
    endloop
  endfacet
  facet normal 0.831498 -0.555528 0
    outer loop
      vertex 45.6903 33.9567 5
      vertex 46.2322 34.7678 0
      vertex 46.2322 34.7678 5
    endloop
  endfacet
  facet normal 0.831498 -0.555528 0
    outer loop
      vertex 46.2322 34.7678 0
      vertex 45.6903 33.9567 5
      vertex 45.6903 33.9567 0
    endloop
  endfacet
  facet normal 0.831498 0.555528 0
    outer loop
      vertex 46.2322 31.2322 5
      vertex 45.6903 32.0433 0
      vertex 45.6903 32.0433 5
    endloop
  endfacet
  facet normal 0.831498 0.555528 0
    outer loop
      vertex 45.6903 32.0433 0
      vertex 46.2322 31.2322 5
      vertex 46.2322 31.2322 0
    endloop
  endfacet
  facet normal 0.195091 0.980785 -0
    outer loop
      vertex 48 30.5 0
      vertex 47.0433 30.6903 5
      vertex 48 30.5 5
    endloop
  endfacet
  facet normal 0.195091 0.980785 0
    outer loop
      vertex 47.0433 30.6903 5
      vertex 48 30.5 0
      vertex 47.0433 30.6903 0
    endloop
  endfacet
  facet normal 0.980785 -0.195091 0
    outer loop
      vertex 45.5 33 5
      vertex 45.6903 33.9567 0
      vertex 45.6903 33.9567 5
    endloop
  endfacet
  facet normal 0.980785 -0.195091 0
    outer loop
      vertex 45.6903 33.9567 0
      vertex 45.5 33 5
      vertex 45.5 33 0
    endloop
  endfacet
  facet normal 0.555528 0.831498 -0
    outer loop
      vertex 47.0433 30.6903 0
      vertex 46.2322 31.2322 5
      vertex 47.0433 30.6903 5
    endloop
  endfacet
  facet normal 0.555528 0.831498 0
    outer loop
      vertex 46.2322 31.2322 5
      vertex 47.0433 30.6903 0
      vertex 46.2322 31.2322 0
    endloop
  endfacet
  facet normal -0.980785 0.195091 0
    outer loop
      vertex 50.3097 32.0433 0
      vertex 50.5 33 5
      vertex 50.5 33 0
    endloop
  endfacet
  facet normal -0.980785 0.195091 0
    outer loop
      vertex 50.5 33 5
      vertex 50.3097 32.0433 0
      vertex 50.3097 32.0433 5
    endloop
  endfacet
  facet normal -0.980785 -0.195091 0
    outer loop
      vertex 50.5 48 0
      vertex 50.3097 48.9567 5
      vertex 50.3097 48.9567 0
    endloop
  endfacet
  facet normal -0.980785 -0.195091 0
    outer loop
      vertex 50.3097 48.9567 5
      vertex 50.5 48 0
      vertex 50.5 48 5
    endloop
  endfacet
  facet normal -0.195091 -0.980785 0
    outer loop
      vertex 48 50.5 0
      vertex 48.9567 50.3097 5
      vertex 48 50.5 5
    endloop
  endfacet
  facet normal -0.195091 -0.980785 -0
    outer loop
      vertex 48.9567 50.3097 5
      vertex 48 50.5 0
      vertex 48.9567 50.3097 0
    endloop
  endfacet
  facet normal 0.980785 0.195091 0
    outer loop
      vertex 45.6903 47.0433 5
      vertex 45.5 48 0
      vertex 45.5 48 5
    endloop
  endfacet
  facet normal 0.980785 0.195091 0
    outer loop
      vertex 45.5 48 0
      vertex 45.6903 47.0433 5
      vertex 45.6903 47.0433 0
    endloop
  endfacet
  facet normal -0.831498 0.555528 0
    outer loop
      vertex 49.7678 46.2322 0
      vertex 50.3097 47.0433 5
      vertex 50.3097 47.0433 0
    endloop
  endfacet
  facet normal -0.831498 0.555528 0
    outer loop
      vertex 50.3097 47.0433 5
      vertex 49.7678 46.2322 0
      vertex 49.7678 46.2322 5
    endloop
  endfacet
  facet normal -0.555528 0.831498 0
    outer loop
      vertex 49.7678 46.2322 0
      vertex 48.9567 45.6903 5
      vertex 49.7678 46.2322 5
    endloop
  endfacet
  facet normal -0.555528 0.831498 0
    outer loop
      vertex 48.9567 45.6903 5
      vertex 49.7678 46.2322 0
      vertex 48.9567 45.6903 0
    endloop
  endfacet
  facet normal -0.195091 0.980785 0
    outer loop
      vertex 48.9567 45.6903 0
      vertex 48 45.5 5
      vertex 48.9567 45.6903 5
    endloop
  endfacet
  facet normal -0.195091 0.980785 0
    outer loop
      vertex 48 45.5 5
      vertex 48.9567 45.6903 0
      vertex 48 45.5 0
    endloop
  endfacet
  facet normal -0.555528 -0.831498 0
    outer loop
      vertex 48.9567 50.3097 0
      vertex 49.7678 49.7678 5
      vertex 48.9567 50.3097 5
    endloop
  endfacet
  facet normal -0.555528 -0.831498 -0
    outer loop
      vertex 49.7678 49.7678 5
      vertex 48.9567 50.3097 0
      vertex 49.7678 49.7678 0
    endloop
  endfacet
  facet normal -0.831498 -0.555528 0
    outer loop
      vertex 50.3097 48.9567 0
      vertex 49.7678 49.7678 5
      vertex 49.7678 49.7678 0
    endloop
  endfacet
  facet normal -0.831498 -0.555528 0
    outer loop
      vertex 49.7678 49.7678 5
      vertex 50.3097 48.9567 0
      vertex 50.3097 48.9567 5
    endloop
  endfacet
  facet normal 0.195091 -0.980785 0
    outer loop
      vertex 47.0433 50.3097 0
      vertex 48 50.5 5
      vertex 47.0433 50.3097 5
    endloop
  endfacet
  facet normal 0.195091 -0.980785 0
    outer loop
      vertex 48 50.5 5
      vertex 47.0433 50.3097 0
      vertex 48 50.5 0
    endloop
  endfacet
  facet normal 0.555528 -0.831498 0
    outer loop
      vertex 46.2322 49.7678 0
      vertex 47.0433 50.3097 5
      vertex 46.2322 49.7678 5
    endloop
  endfacet
  facet normal 0.555528 -0.831498 0
    outer loop
      vertex 47.0433 50.3097 5
      vertex 46.2322 49.7678 0
      vertex 47.0433 50.3097 0
    endloop
  endfacet
  facet normal 0.831498 -0.555528 0
    outer loop
      vertex 45.6903 48.9567 5
      vertex 46.2322 49.7678 0
      vertex 46.2322 49.7678 5
    endloop
  endfacet
  facet normal 0.831498 -0.555528 0
    outer loop
      vertex 46.2322 49.7678 0
      vertex 45.6903 48.9567 5
      vertex 45.6903 48.9567 0
    endloop
  endfacet
  facet normal 0.831498 0.555528 0
    outer loop
      vertex 46.2322 46.2322 5
      vertex 45.6903 47.0433 0
      vertex 45.6903 47.0433 5
    endloop
  endfacet
  facet normal 0.831498 0.555528 0
    outer loop
      vertex 45.6903 47.0433 0
      vertex 46.2322 46.2322 5
      vertex 46.2322 46.2322 0
    endloop
  endfacet
  facet normal 0.195091 0.980785 -0
    outer loop
      vertex 48 45.5 0
      vertex 47.0433 45.6903 5
      vertex 48 45.5 5
    endloop
  endfacet
  facet normal 0.195091 0.980785 0
    outer loop
      vertex 47.0433 45.6903 5
      vertex 48 45.5 0
      vertex 47.0433 45.6903 0
    endloop
  endfacet
  facet normal 0.980785 -0.195091 0
    outer loop
      vertex 45.5 48 5
      vertex 45.6903 48.9567 0
      vertex 45.6903 48.9567 5
    endloop
  endfacet
  facet normal 0.980785 -0.195091 0
    outer loop
      vertex 45.6903 48.9567 0
      vertex 45.5 48 5
      vertex 45.5 48 0
    endloop
  endfacet
  facet normal 0.555528 0.831498 -0
    outer loop
      vertex 47.0433 45.6903 0
      vertex 46.2322 46.2322 5
      vertex 47.0433 45.6903 5
    endloop
  endfacet
  facet normal 0.555528 0.831498 0
    outer loop
      vertex 46.2322 46.2322 5
      vertex 47.0433 45.6903 0
      vertex 46.2322 46.2322 0
    endloop
  endfacet
  facet normal -0.980785 0.195091 0
    outer loop
      vertex 50.3097 47.0433 0
      vertex 50.5 48 5
      vertex 50.5 48 0
    endloop
  endfacet
  facet normal -0.980785 0.195091 0
    outer loop
      vertex 50.5 48 5
      vertex 50.3097 47.0433 0
      vertex 50.3097 47.0433 5
    endloop
  endfacet
  facet normal -0.980785 -0.195091 0
    outer loop
      vertex 65.5 18 0
      vertex 65.3097 18.9567 5
      vertex 65.3097 18.9567 0
    endloop
  endfacet
  facet normal -0.980785 -0.195091 0
    outer loop
      vertex 65.3097 18.9567 5
      vertex 65.5 18 0
      vertex 65.5 18 5
    endloop
  endfacet
  facet normal 0.195091 -0.980785 0
    outer loop
      vertex 62.0433 20.3097 0
      vertex 63 20.5 5
      vertex 62.0433 20.3097 5
    endloop
  endfacet
  facet normal 0.195091 -0.980785 0
    outer loop
      vertex 63 20.5 5
      vertex 62.0433 20.3097 0
      vertex 63 20.5 0
    endloop
  endfacet
  facet normal -0.555528 0.831498 0
    outer loop
      vertex 64.7678 16.2322 0
      vertex 63.9567 15.6903 5
      vertex 64.7678 16.2322 5
    endloop
  endfacet
  facet normal -0.555528 0.831498 0
    outer loop
      vertex 63.9567 15.6903 5
      vertex 64.7678 16.2322 0
      vertex 63.9567 15.6903 0
    endloop
  endfacet
  facet normal -0.555528 -0.831498 0
    outer loop
      vertex 63.9567 20.3097 0
      vertex 64.7678 19.7678 5
      vertex 63.9567 20.3097 5
    endloop
  endfacet
  facet normal -0.555528 -0.831498 -0
    outer loop
      vertex 64.7678 19.7678 5
      vertex 63.9567 20.3097 0
      vertex 64.7678 19.7678 0
    endloop
  endfacet
  facet normal -0.831498 -0.555528 0
    outer loop
      vertex 65.3097 18.9567 0
      vertex 64.7678 19.7678 5
      vertex 64.7678 19.7678 0
    endloop
  endfacet
  facet normal -0.831498 -0.555528 0
    outer loop
      vertex 64.7678 19.7678 5
      vertex 65.3097 18.9567 0
      vertex 65.3097 18.9567 5
    endloop
  endfacet
  facet normal -0.195091 -0.980785 0
    outer loop
      vertex 63 20.5 0
      vertex 63.9567 20.3097 5
      vertex 63 20.5 5
    endloop
  endfacet
  facet normal -0.195091 -0.980785 -0
    outer loop
      vertex 63.9567 20.3097 5
      vertex 63 20.5 0
      vertex 63.9567 20.3097 0
    endloop
  endfacet
  facet normal 0.831498 -0.555528 0
    outer loop
      vertex 60.6903 18.9567 5
      vertex 61.2322 19.7678 0
      vertex 61.2322 19.7678 5
    endloop
  endfacet
  facet normal 0.831498 -0.555528 0
    outer loop
      vertex 61.2322 19.7678 0
      vertex 60.6903 18.9567 5
      vertex 60.6903 18.9567 0
    endloop
  endfacet
  facet normal 0.980785 -0.195091 0
    outer loop
      vertex 60.5 18 5
      vertex 60.6903 18.9567 0
      vertex 60.6903 18.9567 5
    endloop
  endfacet
  facet normal 0.980785 -0.195091 0
    outer loop
      vertex 60.6903 18.9567 0
      vertex 60.5 18 5
      vertex 60.5 18 0
    endloop
  endfacet
  facet normal 0.555528 -0.831498 0
    outer loop
      vertex 61.2322 19.7678 0
      vertex 62.0433 20.3097 5
      vertex 61.2322 19.7678 5
    endloop
  endfacet
  facet normal 0.555528 -0.831498 0
    outer loop
      vertex 62.0433 20.3097 5
      vertex 61.2322 19.7678 0
      vertex 62.0433 20.3097 0
    endloop
  endfacet
  facet normal -0.980785 0.195091 0
    outer loop
      vertex 65.3097 17.0433 0
      vertex 65.5 18 5
      vertex 65.5 18 0
    endloop
  endfacet
  facet normal -0.980785 0.195091 0
    outer loop
      vertex 65.5 18 5
      vertex 65.3097 17.0433 0
      vertex 65.3097 17.0433 5
    endloop
  endfacet
  facet normal 0.195091 0.980785 -0
    outer loop
      vertex 63 15.5 0
      vertex 62.0433 15.6903 5
      vertex 63 15.5 5
    endloop
  endfacet
  facet normal 0.195091 0.980785 0
    outer loop
      vertex 62.0433 15.6903 5
      vertex 63 15.5 0
      vertex 62.0433 15.6903 0
    endloop
  endfacet
  facet normal 0.831498 0.555528 0
    outer loop
      vertex 61.2322 16.2322 5
      vertex 60.6903 17.0433 0
      vertex 60.6903 17.0433 5
    endloop
  endfacet
  facet normal 0.831498 0.555528 0
    outer loop
      vertex 60.6903 17.0433 0
      vertex 61.2322 16.2322 5
      vertex 61.2322 16.2322 0
    endloop
  endfacet
  facet normal 0.980785 0.195091 0
    outer loop
      vertex 60.6903 17.0433 5
      vertex 60.5 18 0
      vertex 60.5 18 5
    endloop
  endfacet
  facet normal 0.980785 0.195091 0
    outer loop
      vertex 60.5 18 0
      vertex 60.6903 17.0433 5
      vertex 60.6903 17.0433 0
    endloop
  endfacet
  facet normal -0.831498 0.555528 0
    outer loop
      vertex 64.7678 16.2322 0
      vertex 65.3097 17.0433 5
      vertex 65.3097 17.0433 0
    endloop
  endfacet
  facet normal -0.831498 0.555528 0
    outer loop
      vertex 65.3097 17.0433 5
      vertex 64.7678 16.2322 0
      vertex 64.7678 16.2322 5
    endloop
  endfacet
  facet normal -0.195091 0.980785 0
    outer loop
      vertex 63.9567 15.6903 0
      vertex 63 15.5 5
      vertex 63.9567 15.6903 5
    endloop
  endfacet
  facet normal -0.195091 0.980785 0
    outer loop
      vertex 63 15.5 5
      vertex 63.9567 15.6903 0
      vertex 63 15.5 0
    endloop
  endfacet
  facet normal 0.555528 0.831498 -0
    outer loop
      vertex 62.0433 15.6903 0
      vertex 61.2322 16.2322 5
      vertex 62.0433 15.6903 5
    endloop
  endfacet
  facet normal 0.555528 0.831498 0
    outer loop
      vertex 61.2322 16.2322 5
      vertex 62.0433 15.6903 0
      vertex 61.2322 16.2322 0
    endloop
  endfacet
  facet normal -0.980785 -0.195091 0
    outer loop
      vertex 65.5 33 0
      vertex 65.3097 33.9567 5
      vertex 65.3097 33.9567 0
    endloop
  endfacet
  facet normal -0.980785 -0.195091 0
    outer loop
      vertex 65.3097 33.9567 5
      vertex 65.5 33 0
      vertex 65.5 33 5
    endloop
  endfacet
  facet normal 0.195091 -0.980785 0
    outer loop
      vertex 62.0433 35.3097 0
      vertex 63 35.5 5
      vertex 62.0433 35.3097 5
    endloop
  endfacet
  facet normal 0.195091 -0.980785 0
    outer loop
      vertex 63 35.5 5
      vertex 62.0433 35.3097 0
      vertex 63 35.5 0
    endloop
  endfacet
  facet normal -0.195091 0.980785 0
    outer loop
      vertex 63.9567 30.6903 0
      vertex 63 30.5 5
      vertex 63.9567 30.6903 5
    endloop
  endfacet
  facet normal -0.195091 0.980785 0
    outer loop
      vertex 63 30.5 5
      vertex 63.9567 30.6903 0
      vertex 63 30.5 0
    endloop
  endfacet
  facet normal -0.555528 0.831498 0
    outer loop
      vertex 64.7678 31.2322 0
      vertex 63.9567 30.6903 5
      vertex 64.7678 31.2322 5
    endloop
  endfacet
  facet normal -0.555528 0.831498 0
    outer loop
      vertex 63.9567 30.6903 5
      vertex 64.7678 31.2322 0
      vertex 63.9567 30.6903 0
    endloop
  endfacet
  facet normal -0.555528 -0.831498 0
    outer loop
      vertex 63.9567 35.3097 0
      vertex 64.7678 34.7678 5
      vertex 63.9567 35.3097 5
    endloop
  endfacet
  facet normal -0.555528 -0.831498 -0
    outer loop
      vertex 64.7678 34.7678 5
      vertex 63.9567 35.3097 0
      vertex 64.7678 34.7678 0
    endloop
  endfacet
  facet normal -0.831498 -0.555528 0
    outer loop
      vertex 65.3097 33.9567 0
      vertex 64.7678 34.7678 5
      vertex 64.7678 34.7678 0
    endloop
  endfacet
  facet normal -0.831498 -0.555528 0
    outer loop
      vertex 64.7678 34.7678 5
      vertex 65.3097 33.9567 0
      vertex 65.3097 33.9567 5
    endloop
  endfacet
  facet normal -0.195091 -0.980785 0
    outer loop
      vertex 63 35.5 0
      vertex 63.9567 35.3097 5
      vertex 63 35.5 5
    endloop
  endfacet
  facet normal -0.195091 -0.980785 -0
    outer loop
      vertex 63.9567 35.3097 5
      vertex 63 35.5 0
      vertex 63.9567 35.3097 0
    endloop
  endfacet
  facet normal 0.831498 -0.555528 0
    outer loop
      vertex 60.6903 33.9567 5
      vertex 61.2322 34.7678 0
      vertex 61.2322 34.7678 5
    endloop
  endfacet
  facet normal 0.831498 -0.555528 0
    outer loop
      vertex 61.2322 34.7678 0
      vertex 60.6903 33.9567 5
      vertex 60.6903 33.9567 0
    endloop
  endfacet
  facet normal 0.980785 -0.195091 0
    outer loop
      vertex 60.5 33 5
      vertex 60.6903 33.9567 0
      vertex 60.6903 33.9567 5
    endloop
  endfacet
  facet normal 0.980785 -0.195091 0
    outer loop
      vertex 60.6903 33.9567 0
      vertex 60.5 33 5
      vertex 60.5 33 0
    endloop
  endfacet
  facet normal 0.555528 -0.831498 0
    outer loop
      vertex 61.2322 34.7678 0
      vertex 62.0433 35.3097 5
      vertex 61.2322 34.7678 5
    endloop
  endfacet
  facet normal 0.555528 -0.831498 0
    outer loop
      vertex 62.0433 35.3097 5
      vertex 61.2322 34.7678 0
      vertex 62.0433 35.3097 0
    endloop
  endfacet
  facet normal 0.195091 0.980785 -0
    outer loop
      vertex 63 30.5 0
      vertex 62.0433 30.6903 5
      vertex 63 30.5 5
    endloop
  endfacet
  facet normal 0.195091 0.980785 0
    outer loop
      vertex 62.0433 30.6903 5
      vertex 63 30.5 0
      vertex 62.0433 30.6903 0
    endloop
  endfacet
  facet normal 0.831498 0.555528 0
    outer loop
      vertex 61.2322 31.2322 5
      vertex 60.6903 32.0433 0
      vertex 60.6903 32.0433 5
    endloop
  endfacet
  facet normal 0.831498 0.555528 0
    outer loop
      vertex 60.6903 32.0433 0
      vertex 61.2322 31.2322 5
      vertex 61.2322 31.2322 0
    endloop
  endfacet
  facet normal 0.980785 0.195091 0
    outer loop
      vertex 60.6903 32.0433 5
      vertex 60.5 33 0
      vertex 60.5 33 5
    endloop
  endfacet
  facet normal 0.980785 0.195091 0
    outer loop
      vertex 60.5 33 0
      vertex 60.6903 32.0433 5
      vertex 60.6903 32.0433 0
    endloop
  endfacet
  facet normal -0.831498 0.555528 0
    outer loop
      vertex 64.7678 31.2322 0
      vertex 65.3097 32.0433 5
      vertex 65.3097 32.0433 0
    endloop
  endfacet
  facet normal -0.831498 0.555528 0
    outer loop
      vertex 65.3097 32.0433 5
      vertex 64.7678 31.2322 0
      vertex 64.7678 31.2322 5
    endloop
  endfacet
  facet normal 0.555528 0.831498 -0
    outer loop
      vertex 62.0433 30.6903 0
      vertex 61.2322 31.2322 5
      vertex 62.0433 30.6903 5
    endloop
  endfacet
  facet normal 0.555528 0.831498 0
    outer loop
      vertex 61.2322 31.2322 5
      vertex 62.0433 30.6903 0
      vertex 61.2322 31.2322 0
    endloop
  endfacet
  facet normal -0.980785 0.195091 0
    outer loop
      vertex 65.3097 32.0433 0
      vertex 65.5 33 5
      vertex 65.5 33 0
    endloop
  endfacet
  facet normal -0.980785 0.195091 0
    outer loop
      vertex 65.5 33 5
      vertex 65.3097 32.0433 0
      vertex 65.3097 32.0433 5
    endloop
  endfacet
  facet normal -0.980785 -0.195091 0
    outer loop
      vertex 65.5 48 0
      vertex 65.3097 48.9567 5
      vertex 65.3097 48.9567 0
    endloop
  endfacet
  facet normal -0.980785 -0.195091 0
    outer loop
      vertex 65.3097 48.9567 5
      vertex 65.5 48 0
      vertex 65.5 48 5
    endloop
  endfacet
  facet normal 0.195091 -0.980785 0
    outer loop
      vertex 62.0433 50.3097 0
      vertex 63 50.5 5
      vertex 62.0433 50.3097 5
    endloop
  endfacet
  facet normal 0.195091 -0.980785 0
    outer loop
      vertex 63 50.5 5
      vertex 62.0433 50.3097 0
      vertex 63 50.5 0
    endloop
  endfacet
  facet normal -0.195091 0.980785 0
    outer loop
      vertex 63.9567 45.6903 0
      vertex 63 45.5 5
      vertex 63.9567 45.6903 5
    endloop
  endfacet
  facet normal -0.195091 0.980785 0
    outer loop
      vertex 63 45.5 5
      vertex 63.9567 45.6903 0
      vertex 63 45.5 0
    endloop
  endfacet
  facet normal -0.555528 0.831498 0
    outer loop
      vertex 64.7678 46.2322 0
      vertex 63.9567 45.6903 5
      vertex 64.7678 46.2322 5
    endloop
  endfacet
  facet normal -0.555528 0.831498 0
    outer loop
      vertex 63.9567 45.6903 5
      vertex 64.7678 46.2322 0
      vertex 63.9567 45.6903 0
    endloop
  endfacet
  facet normal -0.555528 -0.831498 0
    outer loop
      vertex 63.9567 50.3097 0
      vertex 64.7678 49.7678 5
      vertex 63.9567 50.3097 5
    endloop
  endfacet
  facet normal -0.555528 -0.831498 -0
    outer loop
      vertex 64.7678 49.7678 5
      vertex 63.9567 50.3097 0
      vertex 64.7678 49.7678 0
    endloop
  endfacet
  facet normal -0.831498 -0.555528 0
    outer loop
      vertex 65.3097 48.9567 0
      vertex 64.7678 49.7678 5
      vertex 64.7678 49.7678 0
    endloop
  endfacet
  facet normal -0.831498 -0.555528 0
    outer loop
      vertex 64.7678 49.7678 5
      vertex 65.3097 48.9567 0
      vertex 65.3097 48.9567 5
    endloop
  endfacet
  facet normal -0.195091 -0.980785 0
    outer loop
      vertex 63 50.5 0
      vertex 63.9567 50.3097 5
      vertex 63 50.5 5
    endloop
  endfacet
  facet normal -0.195091 -0.980785 -0
    outer loop
      vertex 63.9567 50.3097 5
      vertex 63 50.5 0
      vertex 63.9567 50.3097 0
    endloop
  endfacet
  facet normal 0.831498 -0.555528 0
    outer loop
      vertex 60.6903 48.9567 5
      vertex 61.2322 49.7678 0
      vertex 61.2322 49.7678 5
    endloop
  endfacet
  facet normal 0.831498 -0.555528 0
    outer loop
      vertex 61.2322 49.7678 0
      vertex 60.6903 48.9567 5
      vertex 60.6903 48.9567 0
    endloop
  endfacet
  facet normal 0.980785 -0.195091 0
    outer loop
      vertex 60.5 48 5
      vertex 60.6903 48.9567 0
      vertex 60.6903 48.9567 5
    endloop
  endfacet
  facet normal 0.980785 -0.195091 0
    outer loop
      vertex 60.6903 48.9567 0
      vertex 60.5 48 5
      vertex 60.5 48 0
    endloop
  endfacet
  facet normal 0.555528 -0.831498 0
    outer loop
      vertex 61.2322 49.7678 0
      vertex 62.0433 50.3097 5
      vertex 61.2322 49.7678 5
    endloop
  endfacet
  facet normal 0.555528 -0.831498 0
    outer loop
      vertex 62.0433 50.3097 5
      vertex 61.2322 49.7678 0
      vertex 62.0433 50.3097 0
    endloop
  endfacet
  facet normal 0.195091 0.980785 -0
    outer loop
      vertex 63 45.5 0
      vertex 62.0433 45.6903 5
      vertex 63 45.5 5
    endloop
  endfacet
  facet normal 0.195091 0.980785 0
    outer loop
      vertex 62.0433 45.6903 5
      vertex 63 45.5 0
      vertex 62.0433 45.6903 0
    endloop
  endfacet
  facet normal 0.831498 0.555528 0
    outer loop
      vertex 61.2322 46.2322 5
      vertex 60.6903 47.0433 0
      vertex 60.6903 47.0433 5
    endloop
  endfacet
  facet normal 0.831498 0.555528 0
    outer loop
      vertex 60.6903 47.0433 0
      vertex 61.2322 46.2322 5
      vertex 61.2322 46.2322 0
    endloop
  endfacet
  facet normal 0.980785 0.195091 0
    outer loop
      vertex 60.6903 47.0433 5
      vertex 60.5 48 0
      vertex 60.5 48 5
    endloop
  endfacet
  facet normal 0.980785 0.195091 0
    outer loop
      vertex 60.5 48 0
      vertex 60.6903 47.0433 5
      vertex 60.6903 47.0433 0
    endloop
  endfacet
  facet normal -0.831498 0.555528 0
    outer loop
      vertex 64.7678 46.2322 0
      vertex 65.3097 47.0433 5
      vertex 65.3097 47.0433 0
    endloop
  endfacet
  facet normal -0.831498 0.555528 0
    outer loop
      vertex 65.3097 47.0433 5
      vertex 64.7678 46.2322 0
      vertex 64.7678 46.2322 5
    endloop
  endfacet
  facet normal 0.555528 0.831498 -0
    outer loop
      vertex 62.0433 45.6903 0
      vertex 61.2322 46.2322 5
      vertex 62.0433 45.6903 5
    endloop
  endfacet
  facet normal 0.555528 0.831498 0
    outer loop
      vertex 61.2322 46.2322 5
      vertex 62.0433 45.6903 0
      vertex 61.2322 46.2322 0
    endloop
  endfacet
  facet normal -0.980785 0.195091 0
    outer loop
      vertex 65.3097 47.0433 0
      vertex 65.5 48 5
      vertex 65.5 48 0
    endloop
  endfacet
  facet normal -0.980785 0.195091 0
    outer loop
      vertex 65.5 48 5
      vertex 65.3097 47.0433 0
      vertex 65.3097 47.0433 5
    endloop
  endfacet
  facet normal -0.980785 -0.195091 0
    outer loop
      vertex 80.5 18 0
      vertex 80.3097 18.9567 5
      vertex 80.3097 18.9567 0
    endloop
  endfacet
  facet normal -0.980785 -0.195091 0
    outer loop
      vertex 80.3097 18.9567 5
      vertex 80.5 18 0
      vertex 80.5 18 5
    endloop
  endfacet
  facet normal -0.195091 -0.980785 0
    outer loop
      vertex 78 20.5 0
      vertex 78.9567 20.3097 5
      vertex 78 20.5 5
    endloop
  endfacet
  facet normal -0.195091 -0.980785 -0
    outer loop
      vertex 78.9567 20.3097 5
      vertex 78 20.5 0
      vertex 78.9567 20.3097 0
    endloop
  endfacet
  facet normal 0.980785 0.195091 0
    outer loop
      vertex 75.6903 17.0433 5
      vertex 75.5 18 0
      vertex 75.5 18 5
    endloop
  endfacet
  facet normal 0.980785 0.195091 0
    outer loop
      vertex 75.5 18 0
      vertex 75.6903 17.0433 5
      vertex 75.6903 17.0433 0
    endloop
  endfacet
  facet normal -0.831498 0.555528 0
    outer loop
      vertex 79.7678 16.2322 0
      vertex 80.3097 17.0433 5
      vertex 80.3097 17.0433 0
    endloop
  endfacet
  facet normal -0.831498 0.555528 0
    outer loop
      vertex 80.3097 17.0433 5
      vertex 79.7678 16.2322 0
      vertex 79.7678 16.2322 5
    endloop
  endfacet
  facet normal -0.555528 0.831498 0
    outer loop
      vertex 79.7678 16.2322 0
      vertex 78.9567 15.6903 5
      vertex 79.7678 16.2322 5
    endloop
  endfacet
  facet normal -0.555528 0.831498 0
    outer loop
      vertex 78.9567 15.6903 5
      vertex 79.7678 16.2322 0
      vertex 78.9567 15.6903 0
    endloop
  endfacet
  facet normal -0.195091 0.980785 0
    outer loop
      vertex 78.9567 15.6903 0
      vertex 78 15.5 5
      vertex 78.9567 15.6903 5
    endloop
  endfacet
  facet normal -0.195091 0.980785 0
    outer loop
      vertex 78 15.5 5
      vertex 78.9567 15.6903 0
      vertex 78 15.5 0
    endloop
  endfacet
  facet normal -0.555528 -0.831498 0
    outer loop
      vertex 78.9567 20.3097 0
      vertex 79.7678 19.7678 5
      vertex 78.9567 20.3097 5
    endloop
  endfacet
  facet normal -0.555528 -0.831498 -0
    outer loop
      vertex 79.7678 19.7678 5
      vertex 78.9567 20.3097 0
      vertex 79.7678 19.7678 0
    endloop
  endfacet
  facet normal -0.831498 -0.555528 0
    outer loop
      vertex 80.3097 18.9567 0
      vertex 79.7678 19.7678 5
      vertex 79.7678 19.7678 0
    endloop
  endfacet
  facet normal -0.831498 -0.555528 0
    outer loop
      vertex 79.7678 19.7678 5
      vertex 80.3097 18.9567 0
      vertex 80.3097 18.9567 5
    endloop
  endfacet
  facet normal 0.195091 -0.980785 0
    outer loop
      vertex 77.0433 20.3097 0
      vertex 78 20.5 5
      vertex 77.0433 20.3097 5
    endloop
  endfacet
  facet normal 0.195091 -0.980785 0
    outer loop
      vertex 78 20.5 5
      vertex 77.0433 20.3097 0
      vertex 78 20.5 0
    endloop
  endfacet
  facet normal 0.555528 -0.831498 0
    outer loop
      vertex 76.2322 19.7678 0
      vertex 77.0433 20.3097 5
      vertex 76.2322 19.7678 5
    endloop
  endfacet
  facet normal 0.555528 -0.831498 0
    outer loop
      vertex 77.0433 20.3097 5
      vertex 76.2322 19.7678 0
      vertex 77.0433 20.3097 0
    endloop
  endfacet
  facet normal 0.831498 -0.555528 0
    outer loop
      vertex 75.6903 18.9567 5
      vertex 76.2322 19.7678 0
      vertex 76.2322 19.7678 5
    endloop
  endfacet
  facet normal 0.831498 -0.555528 0
    outer loop
      vertex 76.2322 19.7678 0
      vertex 75.6903 18.9567 5
      vertex 75.6903 18.9567 0
    endloop
  endfacet
  facet normal 0.831498 0.555528 0
    outer loop
      vertex 76.2322 16.2322 5
      vertex 75.6903 17.0433 0
      vertex 75.6903 17.0433 5
    endloop
  endfacet
  facet normal 0.831498 0.555528 0
    outer loop
      vertex 75.6903 17.0433 0
      vertex 76.2322 16.2322 5
      vertex 76.2322 16.2322 0
    endloop
  endfacet
  facet normal 0.195091 0.980785 -0
    outer loop
      vertex 78 15.5 0
      vertex 77.0433 15.6903 5
      vertex 78 15.5 5
    endloop
  endfacet
  facet normal 0.195091 0.980785 0
    outer loop
      vertex 77.0433 15.6903 5
      vertex 78 15.5 0
      vertex 77.0433 15.6903 0
    endloop
  endfacet
  facet normal 0.555528 0.831498 -0
    outer loop
      vertex 77.0433 15.6903 0
      vertex 76.2322 16.2322 5
      vertex 77.0433 15.6903 5
    endloop
  endfacet
  facet normal 0.555528 0.831498 0
    outer loop
      vertex 76.2322 16.2322 5
      vertex 77.0433 15.6903 0
      vertex 76.2322 16.2322 0
    endloop
  endfacet
  facet normal 0.980785 -0.195091 0
    outer loop
      vertex 75.5 18 5
      vertex 75.6903 18.9567 0
      vertex 75.6903 18.9567 5
    endloop
  endfacet
  facet normal 0.980785 -0.195091 0
    outer loop
      vertex 75.6903 18.9567 0
      vertex 75.5 18 5
      vertex 75.5 18 0
    endloop
  endfacet
  facet normal -0.980785 0.195091 0
    outer loop
      vertex 80.3097 17.0433 0
      vertex 80.5 18 5
      vertex 80.5 18 0
    endloop
  endfacet
  facet normal -0.980785 0.195091 0
    outer loop
      vertex 80.5 18 5
      vertex 80.3097 17.0433 0
      vertex 80.3097 17.0433 5
    endloop
  endfacet
  facet normal -0.980785 -0.195091 0
    outer loop
      vertex 80.5 33 0
      vertex 80.3097 33.9567 5
      vertex 80.3097 33.9567 0
    endloop
  endfacet
  facet normal -0.980785 -0.195091 0
    outer loop
      vertex 80.3097 33.9567 5
      vertex 80.5 33 0
      vertex 80.5 33 5
    endloop
  endfacet
  facet normal 0.195091 -0.980785 0
    outer loop
      vertex 77.0433 35.3097 0
      vertex 78 35.5 5
      vertex 77.0433 35.3097 5
    endloop
  endfacet
  facet normal 0.195091 -0.980785 0
    outer loop
      vertex 78 35.5 5
      vertex 77.0433 35.3097 0
      vertex 78 35.5 0
    endloop
  endfacet
  facet normal -0.555528 0.831498 0
    outer loop
      vertex 79.7678 31.2322 0
      vertex 78.9567 30.6903 5
      vertex 79.7678 31.2322 5
    endloop
  endfacet
  facet normal -0.555528 0.831498 0
    outer loop
      vertex 78.9567 30.6903 5
      vertex 79.7678 31.2322 0
      vertex 78.9567 30.6903 0
    endloop
  endfacet
  facet normal -0.555528 -0.831498 0
    outer loop
      vertex 78.9567 35.3097 0
      vertex 79.7678 34.7678 5
      vertex 78.9567 35.3097 5
    endloop
  endfacet
  facet normal -0.555528 -0.831498 -0
    outer loop
      vertex 79.7678 34.7678 5
      vertex 78.9567 35.3097 0
      vertex 79.7678 34.7678 0
    endloop
  endfacet
  facet normal -0.831498 -0.555528 0
    outer loop
      vertex 80.3097 33.9567 0
      vertex 79.7678 34.7678 5
      vertex 79.7678 34.7678 0
    endloop
  endfacet
  facet normal -0.831498 -0.555528 0
    outer loop
      vertex 79.7678 34.7678 5
      vertex 80.3097 33.9567 0
      vertex 80.3097 33.9567 5
    endloop
  endfacet
  facet normal -0.195091 -0.980785 0
    outer loop
      vertex 78 35.5 0
      vertex 78.9567 35.3097 5
      vertex 78 35.5 5
    endloop
  endfacet
  facet normal -0.195091 -0.980785 -0
    outer loop
      vertex 78.9567 35.3097 5
      vertex 78 35.5 0
      vertex 78.9567 35.3097 0
    endloop
  endfacet
  facet normal 0.831498 -0.555528 0
    outer loop
      vertex 75.6903 33.9567 5
      vertex 76.2322 34.7678 0
      vertex 76.2322 34.7678 5
    endloop
  endfacet
  facet normal 0.831498 -0.555528 0
    outer loop
      vertex 76.2322 34.7678 0
      vertex 75.6903 33.9567 5
      vertex 75.6903 33.9567 0
    endloop
  endfacet
  facet normal 0.980785 -0.195091 0
    outer loop
      vertex 75.5 33 5
      vertex 75.6903 33.9567 0
      vertex 75.6903 33.9567 5
    endloop
  endfacet
  facet normal 0.980785 -0.195091 0
    outer loop
      vertex 75.6903 33.9567 0
      vertex 75.5 33 5
      vertex 75.5 33 0
    endloop
  endfacet
  facet normal 0.555528 -0.831498 0
    outer loop
      vertex 76.2322 34.7678 0
      vertex 77.0433 35.3097 5
      vertex 76.2322 34.7678 5
    endloop
  endfacet
  facet normal 0.555528 -0.831498 0
    outer loop
      vertex 77.0433 35.3097 5
      vertex 76.2322 34.7678 0
      vertex 77.0433 35.3097 0
    endloop
  endfacet
  facet normal -0.980785 0.195091 0
    outer loop
      vertex 80.3097 32.0433 0
      vertex 80.5 33 5
      vertex 80.5 33 0
    endloop
  endfacet
  facet normal -0.980785 0.195091 0
    outer loop
      vertex 80.5 33 5
      vertex 80.3097 32.0433 0
      vertex 80.3097 32.0433 5
    endloop
  endfacet
  facet normal 0.195091 0.980785 -0
    outer loop
      vertex 78 30.5 0
      vertex 77.0433 30.6903 5
      vertex 78 30.5 5
    endloop
  endfacet
  facet normal 0.195091 0.980785 0
    outer loop
      vertex 77.0433 30.6903 5
      vertex 78 30.5 0
      vertex 77.0433 30.6903 0
    endloop
  endfacet
  facet normal 0.831498 0.555528 0
    outer loop
      vertex 76.2322 31.2322 5
      vertex 75.6903 32.0433 0
      vertex 75.6903 32.0433 5
    endloop
  endfacet
  facet normal 0.831498 0.555528 0
    outer loop
      vertex 75.6903 32.0433 0
      vertex 76.2322 31.2322 5
      vertex 76.2322 31.2322 0
    endloop
  endfacet
  facet normal 0.980785 0.195091 0
    outer loop
      vertex 75.6903 32.0433 5
      vertex 75.5 33 0
      vertex 75.5 33 5
    endloop
  endfacet
  facet normal 0.980785 0.195091 0
    outer loop
      vertex 75.5 33 0
      vertex 75.6903 32.0433 5
      vertex 75.6903 32.0433 0
    endloop
  endfacet
  facet normal -0.831498 0.555528 0
    outer loop
      vertex 79.7678 31.2322 0
      vertex 80.3097 32.0433 5
      vertex 80.3097 32.0433 0
    endloop
  endfacet
  facet normal -0.831498 0.555528 0
    outer loop
      vertex 80.3097 32.0433 5
      vertex 79.7678 31.2322 0
      vertex 79.7678 31.2322 5
    endloop
  endfacet
  facet normal -0.195091 0.980785 0
    outer loop
      vertex 78.9567 30.6903 0
      vertex 78 30.5 5
      vertex 78.9567 30.6903 5
    endloop
  endfacet
  facet normal -0.195091 0.980785 0
    outer loop
      vertex 78 30.5 5
      vertex 78.9567 30.6903 0
      vertex 78 30.5 0
    endloop
  endfacet
  facet normal 0.555528 0.831498 -0
    outer loop
      vertex 77.0433 30.6903 0
      vertex 76.2322 31.2322 5
      vertex 77.0433 30.6903 5
    endloop
  endfacet
  facet normal 0.555528 0.831498 0
    outer loop
      vertex 76.2322 31.2322 5
      vertex 77.0433 30.6903 0
      vertex 76.2322 31.2322 0
    endloop
  endfacet
  facet normal -0.980785 -0.195091 0
    outer loop
      vertex 80.5 48 0
      vertex 80.3097 48.9567 5
      vertex 80.3097 48.9567 0
    endloop
  endfacet
  facet normal -0.980785 -0.195091 0
    outer loop
      vertex 80.3097 48.9567 5
      vertex 80.5 48 0
      vertex 80.5 48 5
    endloop
  endfacet
  facet normal 0.195091 -0.980785 0
    outer loop
      vertex 77.0433 50.3097 0
      vertex 78 50.5 5
      vertex 77.0433 50.3097 5
    endloop
  endfacet
  facet normal 0.195091 -0.980785 0
    outer loop
      vertex 78 50.5 5
      vertex 77.0433 50.3097 0
      vertex 78 50.5 0
    endloop
  endfacet
  facet normal -0.555528 0.831498 0
    outer loop
      vertex 79.7678 46.2322 0
      vertex 78.9567 45.6903 5
      vertex 79.7678 46.2322 5
    endloop
  endfacet
  facet normal -0.555528 0.831498 0
    outer loop
      vertex 78.9567 45.6903 5
      vertex 79.7678 46.2322 0
      vertex 78.9567 45.6903 0
    endloop
  endfacet
  facet normal -0.555528 -0.831498 0
    outer loop
      vertex 78.9567 50.3097 0
      vertex 79.7678 49.7678 5
      vertex 78.9567 50.3097 5
    endloop
  endfacet
  facet normal -0.555528 -0.831498 -0
    outer loop
      vertex 79.7678 49.7678 5
      vertex 78.9567 50.3097 0
      vertex 79.7678 49.7678 0
    endloop
  endfacet
  facet normal -0.831498 -0.555528 0
    outer loop
      vertex 80.3097 48.9567 0
      vertex 79.7678 49.7678 5
      vertex 79.7678 49.7678 0
    endloop
  endfacet
  facet normal -0.831498 -0.555528 0
    outer loop
      vertex 79.7678 49.7678 5
      vertex 80.3097 48.9567 0
      vertex 80.3097 48.9567 5
    endloop
  endfacet
  facet normal -0.195091 -0.980785 0
    outer loop
      vertex 78 50.5 0
      vertex 78.9567 50.3097 5
      vertex 78 50.5 5
    endloop
  endfacet
  facet normal -0.195091 -0.980785 -0
    outer loop
      vertex 78.9567 50.3097 5
      vertex 78 50.5 0
      vertex 78.9567 50.3097 0
    endloop
  endfacet
  facet normal 0.831498 -0.555528 0
    outer loop
      vertex 75.6903 48.9567 5
      vertex 76.2322 49.7678 0
      vertex 76.2322 49.7678 5
    endloop
  endfacet
  facet normal 0.831498 -0.555528 0
    outer loop
      vertex 76.2322 49.7678 0
      vertex 75.6903 48.9567 5
      vertex 75.6903 48.9567 0
    endloop
  endfacet
  facet normal 0.980785 -0.195091 0
    outer loop
      vertex 75.5 48 5
      vertex 75.6903 48.9567 0
      vertex 75.6903 48.9567 5
    endloop
  endfacet
  facet normal 0.980785 -0.195091 0
    outer loop
      vertex 75.6903 48.9567 0
      vertex 75.5 48 5
      vertex 75.5 48 0
    endloop
  endfacet
  facet normal 0.555528 -0.831498 0
    outer loop
      vertex 76.2322 49.7678 0
      vertex 77.0433 50.3097 5
      vertex 76.2322 49.7678 5
    endloop
  endfacet
  facet normal 0.555528 -0.831498 0
    outer loop
      vertex 77.0433 50.3097 5
      vertex 76.2322 49.7678 0
      vertex 77.0433 50.3097 0
    endloop
  endfacet
  facet normal -0.980785 0.195091 0
    outer loop
      vertex 80.3097 47.0433 0
      vertex 80.5 48 5
      vertex 80.5 48 0
    endloop
  endfacet
  facet normal -0.980785 0.195091 0
    outer loop
      vertex 80.5 48 5
      vertex 80.3097 47.0433 0
      vertex 80.3097 47.0433 5
    endloop
  endfacet
  facet normal 0.195091 0.980785 -0
    outer loop
      vertex 78 45.5 0
      vertex 77.0433 45.6903 5
      vertex 78 45.5 5
    endloop
  endfacet
  facet normal 0.195091 0.980785 0
    outer loop
      vertex 77.0433 45.6903 5
      vertex 78 45.5 0
      vertex 77.0433 45.6903 0
    endloop
  endfacet
  facet normal 0.831498 0.555528 0
    outer loop
      vertex 76.2322 46.2322 5
      vertex 75.6903 47.0433 0
      vertex 75.6903 47.0433 5
    endloop
  endfacet
  facet normal 0.831498 0.555528 0
    outer loop
      vertex 75.6903 47.0433 0
      vertex 76.2322 46.2322 5
      vertex 76.2322 46.2322 0
    endloop
  endfacet
  facet normal 0.980785 0.195091 0
    outer loop
      vertex 75.6903 47.0433 5
      vertex 75.5 48 0
      vertex 75.5 48 5
    endloop
  endfacet
  facet normal 0.980785 0.195091 0
    outer loop
      vertex 75.5 48 0
      vertex 75.6903 47.0433 5
      vertex 75.6903 47.0433 0
    endloop
  endfacet
  facet normal -0.831498 0.555528 0
    outer loop
      vertex 79.7678 46.2322 0
      vertex 80.3097 47.0433 5
      vertex 80.3097 47.0433 0
    endloop
  endfacet
  facet normal -0.831498 0.555528 0
    outer loop
      vertex 80.3097 47.0433 5
      vertex 79.7678 46.2322 0
      vertex 79.7678 46.2322 5
    endloop
  endfacet
  facet normal -0.195091 0.980785 0
    outer loop
      vertex 78.9567 45.6903 0
      vertex 78 45.5 5
      vertex 78.9567 45.6903 5
    endloop
  endfacet
  facet normal -0.195091 0.980785 0
    outer loop
      vertex 78 45.5 5
      vertex 78.9567 45.6903 0
      vertex 78 45.5 0
    endloop
  endfacet
  facet normal 0.555528 0.831498 -0
    outer loop
      vertex 77.0433 45.6903 0
      vertex 76.2322 46.2322 5
      vertex 77.0433 45.6903 5
    endloop
  endfacet
  facet normal 0.555528 0.831498 0
    outer loop
      vertex 76.2322 46.2322 5
      vertex 77.0433 45.6903 0
      vertex 76.2322 46.2322 0
    endloop
  endfacet
  facet normal 0.966293 0.0952486 0.239176
    outer loop
      vertex 79.0252 76.6452 5
      vertex 80.3342 75.9208 0
      vertex 80.2866 76.4037 0
    endloop
  endfacet
  facet normal 0.966299 0.0951491 0.239192
    outer loop
      vertex 80.3342 75.9208 0
      vertex 79.0252 76.6452 5
      vertex 79.1203 75.6794 5
    endloop
  endfacet
  facet normal -0.966307 -0.0951287 0.239169
    outer loop
      vertex 87.6901 77.1329 0
      vertex 88.8915 77.5 5
      vertex 88.8801 77.6158 5
    endloop
  endfacet
  facet normal -0.966307 -0.0950499 0.2392
    outer loop
      vertex 88.9753 76.65 5
      vertex 87.6901 77.1329 0
      vertex 87.7376 76.65 0
    endloop
  endfacet
  facet normal -0.966292 -0.095265 0.239175
    outer loop
      vertex 87.6901 77.1329 0
      vertex 88.9753 76.65 5
      vertex 88.8915 77.5 5
    endloop
  endfacet
  facet normal -0.965722 -0.100596 0.239295
    outer loop
      vertex 87.6658 77.3792 0
      vertex 88.8801 77.6158 5
      vertex 88.8796 77.6206 5
    endloop
  endfacet
  facet normal -0.966283 -0.0953337 0.239183
    outer loop
      vertex 88.8801 77.6158 5
      vertex 87.6658 77.3792 0
      vertex 87.6901 77.1329 0
    endloop
  endfacet
  facet normal -0.0951497 0.966304 0.23917
    outer loop
      vertex 84.4829 72.9599 0
      vertex 84 71.6748 5
      vertex 84.9658 71.7699 5
    endloop
  endfacet
  facet normal -0.0950503 0.966311 0.239181
    outer loop
      vertex 84 71.6748 5
      vertex 84.4829 72.9599 0
      vertex 84 72.9124 0
    endloop
  endfacet
  facet normal -0.856361 -0.457646 0.239176
    outer loop
      vertex 87.2244 78.5083 0
      vertex 88.5965 78.5539 5
      vertex 88.1391 79.4098 5
    endloop
  endfacet
  facet normal -0.856382 -0.457604 0.239182
    outer loop
      vertex 88.5965 78.5539 5
      vertex 87.2244 78.5083 0
      vertex 87.4531 78.0803 0
    endloop
  endfacet
  facet normal -0.856206 0.457925 0.239198
    outer loop
      vertex 87.1077 74.5735 0
      vertex 88.1391 73.8902 5
      vertex 87.2244 74.7917 0
    endloop
  endfacet
  facet normal -0.856187 0.45796 0.239199
    outer loop
      vertex 88.1391 73.8902 5
      vertex 87.1077 74.5735 0
      vertex 88.1368 73.8859 5
    endloop
  endfacet
  facet normal -0.616034 0.750531 0.239176
    outer loop
      vertex 86.6429 74.0071 0
      vertex 86.7641 72.5132 5
      vertex 87.518 73.132 5
    endloop
  endfacet
  facet normal -0.615952 0.750593 0.239193
    outer loop
      vertex 86.7641 72.5132 5
      vertex 86.6429 74.0071 0
      vertex 86.0765 73.5423 0
    endloop
  endfacet
  facet normal 0.856382 0.457604 0.239182
    outer loop
      vertex 79.4035 74.7461 5
      vertex 80.7756 74.7917 0
      vertex 80.5469 75.2197 0
    endloop
  endfacet
  facet normal 0.856361 0.457647 0.239176
    outer loop
      vertex 79.6419 74.3 5
      vertex 80.7756 74.7917 0
      vertex 79.4035 74.7461 5
    endloop
  endfacet
  facet normal 0.856362 0.457646 0.239176
    outer loop
      vertex 80.7756 74.7917 0
      vertex 79.6419 74.3 5
      vertex 79.8609 73.8902 5
    endloop
  endfacet
  facet normal -0.929162 -0.281871 0.23918
    outer loop
      vertex 87.4531 78.0803 0
      vertex 88.8782 77.6253 5
      vertex 88.5965 78.5539 5
    endloop
  endfacet
  facet normal -0.929138 -0.281963 0.239164
    outer loop
      vertex 88.8782 77.6253 5
      vertex 87.4531 78.0803 0
      vertex 87.594 77.616 0
    endloop
  endfacet
  facet normal -0.750564 0.615988 0.239192
    outer loop
      vertex 86.9507 74.3822 0
      vertex 88.1368 73.8859 5
      vertex 87.1077 74.5735 0
    endloop
  endfacet
  facet normal -0.752335 0.613747 0.239389
    outer loop
      vertex 88.1368 73.8859 5
      vertex 86.9507 74.3822 0
      vertex 88.1337 73.8821 5
    endloop
  endfacet
  facet normal -0.966307 0.0950499 0.2392
    outer loop
      vertex 87.6901 76.1671 0
      vertex 88.9753 76.65 5
      vertex 87.7376 76.65 0
    endloop
  endfacet
  facet normal -0.966293 0.0952486 0.239177
    outer loop
      vertex 88.9753 76.65 5
      vertex 87.6901 76.1671 0
      vertex 88.8801 75.6842 5
    endloop
  endfacet
  facet normal -0.930492 -0.277168 0.239503
    outer loop
      vertex 87.594 77.616 0
      vertex 88.8796 77.6206 5
      vertex 88.8782 77.6253 5
    endloop
  endfacet
  facet normal -0.929202 -0.281743 0.239176
    outer loop
      vertex 88.8796 77.6206 5
      vertex 87.594 77.616 0
      vertex 87.6658 77.3792 0
    endloop
  endfacet
  facet normal -0.457645 0.856358 0.239191
    outer loop
      vertex 86.0765 73.5423 0
      vertex 85.9082 72.0558 5
      vertex 86.7641 72.5132 5
    endloop
  endfacet
  facet normal -0.457846 0.85626 0.239155
    outer loop
      vertex 85.9082 72.0558 5
      vertex 86.0765 73.5423 0
      vertex 85.6486 73.3135 0
    endloop
  endfacet
  facet normal -0.281938 0.929141 0.239181
    outer loop
      vertex 85.4303 73.1969 0
      vertex 84.9706 71.7703 5
      vertex 85.9039 72.0535 5
    endloop
  endfacet
  facet normal -0.281887 0.929154 0.23919
    outer loop
      vertex 84.9706 71.7703 5
      vertex 85.4303 73.1969 0
      vertex 84.7292 72.9842 0
    endloop
  endfacet
  facet normal -0.0806422 0.967706 0.238833
    outer loop
      vertex 84.7292 72.9842 0
      vertex 84.9658 71.7699 5
      vertex 84.9706 71.7703 5
    endloop
  endfacet
  facet normal -0.0953337 0.966283 0.239183
    outer loop
      vertex 84.9658 71.7699 5
      vertex 84.7292 72.9842 0
      vertex 84.4829 72.9599 0
    endloop
  endfacet
  facet normal 0.615952 0.750593 0.239193
    outer loop
      vertex 81.3571 74.0071 0
      vertex 81.2359 72.5132 5
      vertex 81.9235 73.5423 0
    endloop
  endfacet
  facet normal 0.616034 0.750531 0.239176
    outer loop
      vertex 81.2359 72.5132 5
      vertex 81.3571 74.0071 0
      vertex 80.482 73.132 5
    endloop
  endfacet
  facet normal 0.929154 0.281887 0.23919
    outer loop
      vertex 79.1203 75.6794 5
      vertex 80.5469 75.2197 0
      vertex 80.3342 75.9208 0
    endloop
  endfacet
  facet normal 0.929141 0.281938 0.239181
    outer loop
      vertex 80.5469 75.2197 0
      vertex 79.1203 75.6794 5
      vertex 79.4035 74.7461 5
    endloop
  endfacet
  facet normal 0.856187 -0.45796 0.239199
    outer loop
      vertex 79.8609 79.4098 5
      vertex 80.8923 78.7265 0
      vertex 79.8632 79.4141 5
    endloop
  endfacet
  facet normal 0.856206 -0.457925 0.239198
    outer loop
      vertex 80.8923 78.7265 0
      vertex 79.8609 79.4098 5
      vertex 80.7756 78.5083 0
    endloop
  endfacet
  facet normal 0.750564 0.615988 0.239192
    outer loop
      vertex 79.8632 73.8859 5
      vertex 81.0493 74.3822 0
      vertex 80.8923 74.5735 0
    endloop
  endfacet
  facet normal 0.752335 0.613747 0.239389
    outer loop
      vertex 81.0493 74.3822 0
      vertex 79.8632 73.8859 5
      vertex 79.8663 73.8821 5
    endloop
  endfacet
  facet normal 0.457645 -0.856358 0.239191
    outer loop
      vertex 81.9235 79.7577 0
      vertex 82.0918 81.2442 5
      vertex 81.2359 80.7868 5
    endloop
  endfacet
  facet normal 0.457846 -0.85626 0.239155
    outer loop
      vertex 82.0918 81.2442 5
      vertex 81.9235 79.7577 0
      vertex 82.3514 79.9865 0
    endloop
  endfacet
  facet normal -0.750562 -0.615997 0.239175
    outer loop
      vertex 86.6429 79.2929 0
      vertex 88.1337 79.4178 5
      vertex 87.518 80.168 5
    endloop
  endfacet
  facet normal -0.750609 -0.615935 0.239187
    outer loop
      vertex 88.1337 79.4178 5
      vertex 86.6429 79.2929 0
      vertex 86.9507 78.9178 0
    endloop
  endfacet
  facet normal -0.929159 0.281888 0.239172
    outer loop
      vertex 87.4531 75.2197 0
      vertex 88.8796 75.6794 5
      vertex 87.6658 75.9208 0
    endloop
  endfacet
  facet normal -0.929169 0.281847 0.239179
    outer loop
      vertex 88.8796 75.6794 5
      vertex 87.4531 75.2197 0
      vertex 88.5965 74.7461 5
    endloop
  endfacet
  facet normal -0.856382 0.457604 0.239182
    outer loop
      vertex 87.2244 74.7917 0
      vertex 88.5965 74.7461 5
      vertex 87.4531 75.2197 0
    endloop
  endfacet
  facet normal -0.856361 0.457647 0.239176
    outer loop
      vertex 87.2244 74.7917 0
      vertex 88.3581 74.3 5
      vertex 88.5965 74.7461 5
    endloop
  endfacet
  facet normal -0.856362 0.457646 0.239176
    outer loop
      vertex 88.3581 74.3 5
      vertex 87.2244 74.7917 0
      vertex 88.1391 73.8902 5
    endloop
  endfacet
  facet normal -0.750606 0.615933 0.239199
    outer loop
      vertex 86.6429 74.0071 0
      vertex 88.1337 73.8821 5
      vertex 86.9507 74.3822 0
    endloop
  endfacet
  facet normal -0.750521 0.616046 0.239177
    outer loop
      vertex 88.1337 73.8821 5
      vertex 86.6429 74.0071 0
      vertex 87.518 73.132 5
    endloop
  endfacet
  facet normal 0.0951461 0.966303 0.239179
    outer loop
      vertex 83.2708 72.9842 0
      vertex 84 71.6748 5
      vertex 84 72.9124 0
    endloop
  endfacet
  facet normal 0.0950776 0.966307 0.23919
    outer loop
      vertex 84 71.6748 5
      vertex 83.2708 72.9842 0
      vertex 83.0294 71.7703 5
    endloop
  endfacet
  facet normal 0.457846 0.85626 0.239155
    outer loop
      vertex 81.9235 73.5423 0
      vertex 82.0918 72.0558 5
      vertex 82.3514 73.3135 0
    endloop
  endfacet
  facet normal 0.457645 0.856358 0.239191
    outer loop
      vertex 82.0918 72.0558 5
      vertex 81.9235 73.5423 0
      vertex 81.2359 72.5132 5
    endloop
  endfacet
  facet normal 0.457458 0.856459 0.239186
    outer loop
      vertex 82.3514 73.3135 0
      vertex 82.0961 72.0535 5
      vertex 82.5697 73.1969 0
    endloop
  endfacet
  facet normal 0.457967 0.856198 0.239146
    outer loop
      vertex 82.0961 72.0535 5
      vertex 82.3514 73.3135 0
      vertex 82.0918 72.0558 5
    endloop
  endfacet
  facet normal -0.457967 0.856198 0.239146
    outer loop
      vertex 85.6486 73.3135 0
      vertex 85.9039 72.0535 5
      vertex 85.9082 72.0558 5
    endloop
  endfacet
  facet normal -0.457458 0.856459 0.239186
    outer loop
      vertex 85.9039 72.0535 5
      vertex 85.6486 73.3135 0
      vertex 85.4303 73.1969 0
    endloop
  endfacet
  facet normal 0.965777 0.100602 0.239068
    outer loop
      vertex 79.0252 76.6452 5
      vertex 80.2624 76.65 0
      vertex 79.0247 76.65 5
    endloop
  endfacet
  facet normal 0.966318 0.0949448 0.239197
    outer loop
      vertex 80.2624 76.65 0
      vertex 79.0252 76.6452 5
      vertex 80.2866 76.4037 0
    endloop
  endfacet
  facet normal 0.856361 -0.457646 0.239176
    outer loop
      vertex 79.4035 78.5539 5
      vertex 80.7756 78.5083 0
      vertex 79.8609 79.4098 5
    endloop
  endfacet
  facet normal 0.856382 -0.457604 0.239182
    outer loop
      vertex 80.7756 78.5083 0
      vertex 79.4035 78.5539 5
      vertex 80.5469 78.0803 0
    endloop
  endfacet
  facet normal 0.925241 -0.29529 0.238188
    outer loop
      vertex 79.1203 77.6206 5
      vertex 80.406 77.616 0
      vertex 79.1218 77.6253 5
    endloop
  endfacet
  facet normal 0.929198 -0.281742 0.239193
    outer loop
      vertex 80.406 77.616 0
      vertex 79.1203 77.6206 5
      vertex 80.3342 77.3792 0
    endloop
  endfacet
  facet normal 0.856206 0.457925 0.239198
    outer loop
      vertex 79.8609 73.8902 5
      vertex 80.8923 74.5735 0
      vertex 80.7756 74.7917 0
    endloop
  endfacet
  facet normal 0.856187 0.45796 0.239199
    outer loop
      vertex 80.8923 74.5735 0
      vertex 79.8609 73.8902 5
      vertex 79.8632 73.8859 5
    endloop
  endfacet
  facet normal 0.750606 0.615933 0.239199
    outer loop
      vertex 79.8663 73.8821 5
      vertex 81.3571 74.0071 0
      vertex 81.0493 74.3822 0
    endloop
  endfacet
  facet normal 0.750521 0.616046 0.239177
    outer loop
      vertex 81.3571 74.0071 0
      vertex 79.8663 73.8821 5
      vertex 80.482 73.132 5
    endloop
  endfacet
  facet normal 0.457967 -0.856198 0.239146
    outer loop
      vertex 82.3514 79.9865 0
      vertex 82.0961 81.2465 5
      vertex 82.0918 81.2442 5
    endloop
  endfacet
  facet normal 0.457458 -0.856459 0.239186
    outer loop
      vertex 82.0961 81.2465 5
      vertex 82.3514 79.9865 0
      vertex 82.5697 80.1031 0
    endloop
  endfacet
  facet normal 0.623547 -0.744233 0.239389
    outer loop
      vertex 81.3571 79.2929 0
      vertex 80.4857 80.1711 5
      vertex 80.482 80.168 5
    endloop
  endfacet
  facet normal 0.615989 -0.750565 0.239184
    outer loop
      vertex 80.4857 80.1711 5
      vertex 81.3571 79.2929 0
      vertex 81.5484 79.4499 0
    endloop
  endfacet
  facet normal -0.856187 -0.45796 0.239199
    outer loop
      vertex 87.1077 78.7265 0
      vertex 88.1391 79.4098 5
      vertex 88.1368 79.4141 5
    endloop
  endfacet
  facet normal -0.856206 -0.457925 0.239198
    outer loop
      vertex 88.1391 79.4098 5
      vertex 87.1077 78.7265 0
      vertex 87.2244 78.5083 0
    endloop
  endfacet
  facet normal -0.615989 -0.750565 0.239184
    outer loop
      vertex 86.6429 79.2929 0
      vertex 87.5143 80.1711 5
      vertex 86.4516 79.4499 0
    endloop
  endfacet
  facet normal -0.623547 -0.744233 0.239389
    outer loop
      vertex 87.5143 80.1711 5
      vertex 86.6429 79.2929 0
      vertex 87.518 80.168 5
    endloop
  endfacet
  facet normal -0.615934 -0.750607 0.239193
    outer loop
      vertex 86.4516 79.4499 0
      vertex 86.7641 80.7868 5
      vertex 86.0765 79.7577 0
    endloop
  endfacet
  facet normal -0.615995 -0.75056 0.239184
    outer loop
      vertex 86.7641 80.7868 5
      vertex 86.4516 79.4499 0
      vertex 87.5143 80.1711 5
    endloop
  endfacet
  facet normal -0.0952486 -0.966293 0.239176
    outer loop
      vertex 84.2463 80.3634 0
      vertex 84.9706 81.5296 5
      vertex 84.0048 81.6248 5
    endloop
  endfacet
  facet normal -0.0952486 -0.966293 0.239176
    outer loop
      vertex 84.9706 81.5296 5
      vertex 84.2463 80.3634 0
      vertex 84.7292 80.3158 0
    endloop
  endfacet
  facet normal -0.966283 0.0953337 0.239183
    outer loop
      vertex 87.6658 75.9208 0
      vertex 88.8801 75.6842 5
      vertex 87.6901 76.1671 0
    endloop
  endfacet
  facet normal -0.965722 0.100596 0.239295
    outer loop
      vertex 88.8801 75.6842 5
      vertex 87.6658 75.9208 0
      vertex 88.8796 75.6794 5
    endloop
  endfacet
  facet normal 0.281887 0.929154 0.23919
    outer loop
      vertex 82.5697 73.1969 0
      vertex 83.0294 71.7703 5
      vertex 83.2708 72.9842 0
    endloop
  endfacet
  facet normal 0.281938 0.929141 0.239181
    outer loop
      vertex 83.0294 71.7703 5
      vertex 82.5697 73.1969 0
      vertex 82.0961 72.0535 5
    endloop
  endfacet
  facet normal 0.967706 -0.0806422 0.238833
    outer loop
      vertex 79.1199 77.6158 5
      vertex 80.3342 77.3792 0
      vertex 79.1203 77.6206 5
    endloop
  endfacet
  facet normal 0.966283 -0.0953337 0.239183
    outer loop
      vertex 80.3342 77.3792 0
      vertex 79.1199 77.6158 5
      vertex 80.3099 77.1329 0
    endloop
  endfacet
  facet normal 0.966307 -0.0951287 0.239169
    outer loop
      vertex 79.1085 77.5 5
      vertex 80.3099 77.1329 0
      vertex 79.1199 77.6158 5
    endloop
  endfacet
  facet normal 0.966292 -0.095265 0.239175
    outer loop
      vertex 79.0247 76.65 5
      vertex 80.3099 77.1329 0
      vertex 79.1085 77.5 5
    endloop
  endfacet
  facet normal 0.966307 -0.0950499 0.2392
    outer loop
      vertex 80.3099 77.1329 0
      vertex 79.0247 76.65 5
      vertex 80.2624 76.65 0
    endloop
  endfacet
  facet normal 0.281847 -0.929169 0.239179
    outer loop
      vertex 82.5697 80.1031 0
      vertex 83.0294 81.5296 5
      vertex 82.0961 81.2465 5
    endloop
  endfacet
  facet normal 0.281888 -0.929159 0.239172
    outer loop
      vertex 83.0294 81.5296 5
      vertex 82.5697 80.1031 0
      vertex 83.2708 80.3158 0
    endloop
  endfacet
  facet normal 0.750562 -0.615997 0.239175
    outer loop
      vertex 79.8663 79.4178 5
      vertex 81.3571 79.2929 0
      vertex 80.482 80.168 5
    endloop
  endfacet
  facet normal 0.750609 -0.615935 0.239187
    outer loop
      vertex 81.3571 79.2929 0
      vertex 79.8663 79.4178 5
      vertex 81.0493 78.9178 0
    endloop
  endfacet
  facet normal 0.615995 -0.75056 0.239184
    outer loop
      vertex 81.5484 79.4499 0
      vertex 81.2359 80.7868 5
      vertex 80.4857 80.1711 5
    endloop
  endfacet
  facet normal 0.615934 -0.750607 0.239193
    outer loop
      vertex 81.2359 80.7868 5
      vertex 81.5484 79.4499 0
      vertex 81.9235 79.7577 0
    endloop
  endfacet
  facet normal -0.744402 -0.623688 0.238494
    outer loop
      vertex 86.9507 78.9178 0
      vertex 88.1368 79.4141 5
      vertex 88.1337 79.4178 5
    endloop
  endfacet
  facet normal -0.750564 -0.615988 0.239192
    outer loop
      vertex 88.1368 79.4141 5
      vertex 86.9507 78.9178 0
      vertex 87.1077 78.7265 0
    endloop
  endfacet
  facet normal -0.457846 -0.85626 0.239155
    outer loop
      vertex 86.0765 79.7577 0
      vertex 85.9082 81.2442 5
      vertex 85.6486 79.9865 0
    endloop
  endfacet
  facet normal -0.457645 -0.856358 0.239191
    outer loop
      vertex 85.9082 81.2442 5
      vertex 86.0765 79.7577 0
      vertex 86.7641 80.7868 5
    endloop
  endfacet
  facet normal -0.281888 -0.929159 0.239172
    outer loop
      vertex 85.4303 80.1031 0
      vertex 84.9706 81.5296 5
      vertex 84.7292 80.3158 0
    endloop
  endfacet
  facet normal -0.281847 -0.929169 0.239179
    outer loop
      vertex 84.9706 81.5296 5
      vertex 85.4303 80.1031 0
      vertex 85.9039 81.2465 5
    endloop
  endfacet
  facet normal 0.0952486 -0.966293 0.239176
    outer loop
      vertex 83.2708 80.3158 0
      vertex 83.9952 81.6248 5
      vertex 83.0294 81.5296 5
    endloop
  endfacet
  facet normal 0.0952486 -0.966293 0.239176
    outer loop
      vertex 83.9952 81.6248 5
      vertex 83.2708 80.3158 0
      vertex 83.7537 80.3634 0
    endloop
  endfacet
  facet normal 0.929162 -0.281871 0.23918
    outer loop
      vertex 79.1218 77.6253 5
      vertex 80.5469 78.0803 0
      vertex 79.4035 78.5539 5
    endloop
  endfacet
  facet normal 0.929138 -0.281963 0.239164
    outer loop
      vertex 80.5469 78.0803 0
      vertex 79.1218 77.6253 5
      vertex 80.406 77.616 0
    endloop
  endfacet
  facet normal 0.744402 -0.623688 0.238494
    outer loop
      vertex 79.8632 79.4141 5
      vertex 81.0493 78.9178 0
      vertex 79.8663 79.4178 5
    endloop
  endfacet
  facet normal 0.750564 -0.615988 0.239192
    outer loop
      vertex 81.0493 78.9178 0
      vertex 79.8632 79.4141 5
      vertex 80.8923 78.7265 0
    endloop
  endfacet
  facet normal -0.457458 -0.856459 0.239186
    outer loop
      vertex 85.6486 79.9865 0
      vertex 85.9039 81.2465 5
      vertex 85.4303 80.1031 0
    endloop
  endfacet
  facet normal -0.457967 -0.856198 0.239146
    outer loop
      vertex 85.9039 81.2465 5
      vertex 85.6486 79.9865 0
      vertex 85.9082 81.2442 5
    endloop
  endfacet
  facet normal 0.0949448 -0.966318 0.239197
    outer loop
      vertex 84 80.3876 0
      vertex 83.9952 81.6248 5
      vertex 83.7537 80.3634 0
    endloop
  endfacet
  facet normal 0.0806288 -0.967546 0.239487
    outer loop
      vertex 83.9952 81.6248 5
      vertex 84 80.3876 0
      vertex 84 81.6252 5
    endloop
  endfacet
  facet normal -0.0806288 -0.967546 0.239487
    outer loop
      vertex 84 80.3876 0
      vertex 84.0048 81.6248 5
      vertex 84 81.6252 5
    endloop
  endfacet
  facet normal -0.0949448 -0.966318 0.239197
    outer loop
      vertex 84.0048 81.6248 5
      vertex 84 80.3876 0
      vertex 84.2463 80.3634 0
    endloop
  endfacet
  facet normal 0 -0.195095 -0.980784
    outer loop
      vertex 0 20 4.6
      vertex 2.5 20.8036 4.44015
      vertex 2.5 20 4.6
    endloop
  endfacet
  facet normal -0 -0.195095 -0.980784
    outer loop
      vertex 2.5 20.8036 4.44015
      vertex 0 20 4.6
      vertex 0 20.8036 4.44015
    endloop
  endfacet
  facet normal 0 -0.55557 -0.83147
    outer loop
      vertex 0 20.8036 4.44015
      vertex 2.5 21.4849 3.98492
      vertex 2.5 20.8036 4.44015
    endloop
  endfacet
  facet normal -0 -0.55557 -0.83147
    outer loop
      vertex 2.5 21.4849 3.98492
      vertex 0 20.8036 4.44015
      vertex 0 21.4849 3.98492
    endloop
  endfacet
  facet normal -0 0.195099 0.980784
    outer loop
      vertex 0 20 0.4
      vertex 2.5 19.1964 0.559853
      vertex 2.5 20 0.4
    endloop
  endfacet
  facet normal 0 0.195099 0.980784
    outer loop
      vertex 2.5 19.1964 0.559853
      vertex 0 20 0.4
      vertex 0 19.1964 0.559853
    endloop
  endfacet
  facet normal 0 -0.980775 0.195144
    outer loop
      vertex 0 21.9401 1.69636
      vertex 2.5 22.1 2.5
      vertex 0 22.1 2.5
    endloop
  endfacet
  facet normal 0 -0.980775 0.195144
    outer loop
      vertex 2.5 22.1 2.5
      vertex 0 21.9401 1.69636
      vertex 2.5 21.9401 1.69636
    endloop
  endfacet
  facet normal 0 -0.980774 -0.195147
    outer loop
      vertex 0 22.1 2.5
      vertex 2.5 21.9401 3.30363
      vertex 0 21.9401 3.30363
    endloop
  endfacet
  facet normal 0 -0.980774 -0.195147
    outer loop
      vertex 2.5 21.9401 3.30363
      vertex 0 22.1 2.5
      vertex 2.5 22.1 2.5
    endloop
  endfacet
  facet normal 0 0.55557 -0.83147
    outer loop
      vertex 0 18.5151 3.98492
      vertex 2.5 19.1964 4.44015
      vertex 2.5 18.5151 3.98492
    endloop
  endfacet
  facet normal 0 0.55557 -0.83147
    outer loop
      vertex 2.5 19.1964 4.44015
      vertex 0 18.5151 3.98492
      vertex 0 19.1964 4.44015
    endloop
  endfacet
  facet normal 0 -0.831483 -0.55555
    outer loop
      vertex 0 21.9401 3.30363
      vertex 2.5 21.4849 3.98492
      vertex 0 21.4849 3.98492
    endloop
  endfacet
  facet normal 0 -0.831483 -0.55555
    outer loop
      vertex 2.5 21.4849 3.98492
      vertex 0 21.9401 3.30363
      vertex 2.5 21.9401 3.30363
    endloop
  endfacet
  facet normal 0 -0.195099 0.980784
    outer loop
      vertex 0 20.8036 0.559853
      vertex 2.5 20 0.4
      vertex 2.5 20.8036 0.559853
    endloop
  endfacet
  facet normal 0 -0.195099 0.980784
    outer loop
      vertex 2.5 20 0.4
      vertex 0 20.8036 0.559853
      vertex 0 20 0.4
    endloop
  endfacet
  facet normal 0 -0.831479 0.555556
    outer loop
      vertex 0 21.4849 1.01508
      vertex 2.5 21.9401 1.69636
      vertex 0 21.9401 1.69636
    endloop
  endfacet
  facet normal 0 -0.831479 0.555556
    outer loop
      vertex 2.5 21.9401 1.69636
      vertex 0 21.4849 1.01508
      vertex 2.5 21.4849 1.01508
    endloop
  endfacet
  facet normal 0 -0.555568 0.831471
    outer loop
      vertex 0 21.4849 1.01508
      vertex 2.5 20.8036 0.559853
      vertex 2.5 21.4849 1.01508
    endloop
  endfacet
  facet normal 0 -0.555568 0.831471
    outer loop
      vertex 2.5 20.8036 0.559853
      vertex 0 21.4849 1.01508
      vertex 0 20.8036 0.559853
    endloop
  endfacet
  facet normal -1 0 0
    outer loop
      vertex 2.5 21.9401 1.69636
      vertex 2.5 21.9401 3.30363
      vertex 2.5 22.1 2.5
    endloop
  endfacet
  facet normal -1 0 0
    outer loop
      vertex 2.5 21.4849 1.01508
      vertex 2.5 21.9401 3.30363
      vertex 2.5 21.9401 1.69636
    endloop
  endfacet
  facet normal -1 0 0
    outer loop
      vertex 2.5 21.4849 1.01508
      vertex 2.5 21.4849 3.98492
      vertex 2.5 21.9401 3.30363
    endloop
  endfacet
  facet normal -1 0 0
    outer loop
      vertex 2.5 20.8036 0.559853
      vertex 2.5 21.4849 3.98492
      vertex 2.5 21.4849 1.01508
    endloop
  endfacet
  facet normal -1 0 0
    outer loop
      vertex 2.5 20.8036 0.559853
      vertex 2.5 20.8036 4.44015
      vertex 2.5 21.4849 3.98492
    endloop
  endfacet
  facet normal -1 0 0
    outer loop
      vertex 2.5 20 0.4
      vertex 2.5 20.8036 4.44015
      vertex 2.5 20.8036 0.559853
    endloop
  endfacet
  facet normal -1 0 0
    outer loop
      vertex 2.5 20 0.4
      vertex 2.5 20 4.6
      vertex 2.5 20.8036 4.44015
    endloop
  endfacet
  facet normal -1 0 0
    outer loop
      vertex 2.5 19.1964 0.559853
      vertex 2.5 20 4.6
      vertex 2.5 20 0.4
    endloop
  endfacet
  facet normal -1 0 0
    outer loop
      vertex 2.5 19.1964 0.559853
      vertex 2.5 19.1964 4.44015
      vertex 2.5 20 4.6
    endloop
  endfacet
  facet normal -1 0 0
    outer loop
      vertex 2.5 18.5151 1.01508
      vertex 2.5 19.1964 4.44015
      vertex 2.5 19.1964 0.559853
    endloop
  endfacet
  facet normal -1 0 0
    outer loop
      vertex 2.5 18.5151 1.01508
      vertex 2.5 18.5151 3.98492
      vertex 2.5 19.1964 4.44015
    endloop
  endfacet
  facet normal -1 0 0
    outer loop
      vertex 2.5 18.0599 1.69636
      vertex 2.5 18.5151 3.98492
      vertex 2.5 18.5151 1.01508
    endloop
  endfacet
  facet normal -1 0 0
    outer loop
      vertex 2.5 18.0599 1.69636
      vertex 2.5 18.0599 3.30363
      vertex 2.5 18.5151 3.98492
    endloop
  endfacet
  facet normal -1 0 -0
    outer loop
      vertex 2.5 18.0599 3.30363
      vertex 2.5 18.0599 1.69636
      vertex 2.5 17.9 2.5
    endloop
  endfacet
  facet normal 0 0.831479 0.555556
    outer loop
      vertex 2.5 18.5151 1.01508
      vertex 0 18.0599 1.69636
      vertex 2.5 18.0599 1.69636
    endloop
  endfacet
  facet normal 0 0.831479 0.555556
    outer loop
      vertex 0 18.0599 1.69636
      vertex 2.5 18.5151 1.01508
      vertex 0 18.5151 1.01508
    endloop
  endfacet
  facet normal 0 0.980774 -0.195147
    outer loop
      vertex 2.5 17.9 2.5
      vertex 0 18.0599 3.30363
      vertex 2.5 18.0599 3.30363
    endloop
  endfacet
  facet normal 0 0.980774 -0.195147
    outer loop
      vertex 0 18.0599 3.30363
      vertex 2.5 17.9 2.5
      vertex 0 17.9 2.5
    endloop
  endfacet
  facet normal 0 0.831483 -0.55555
    outer loop
      vertex 2.5 18.0599 3.30363
      vertex 0 18.5151 3.98492
      vertex 2.5 18.5151 3.98492
    endloop
  endfacet
  facet normal 0 0.831483 -0.55555
    outer loop
      vertex 0 18.5151 3.98492
      vertex 2.5 18.0599 3.30363
      vertex 0 18.0599 3.30363
    endloop
  endfacet
  facet normal 0 0.195095 -0.980784
    outer loop
      vertex 0 19.1964 4.44015
      vertex 2.5 20 4.6
      vertex 2.5 19.1964 4.44015
    endloop
  endfacet
  facet normal 0 0.195095 -0.980784
    outer loop
      vertex 2.5 20 4.6
      vertex 0 19.1964 4.44015
      vertex 0 20 4.6
    endloop
  endfacet
  facet normal 0 0.980775 0.195144
    outer loop
      vertex 2.5 18.0599 1.69636
      vertex 0 17.9 2.5
      vertex 2.5 17.9 2.5
    endloop
  endfacet
  facet normal 0 0.980775 0.195144
    outer loop
      vertex 0 17.9 2.5
      vertex 2.5 18.0599 1.69636
      vertex 0 18.0599 1.69636
    endloop
  endfacet
  facet normal -0 0.555568 0.831471
    outer loop
      vertex 0 19.1964 0.559853
      vertex 2.5 18.5151 1.01508
      vertex 2.5 19.1964 0.559853
    endloop
  endfacet
  facet normal 0 0.555568 0.831471
    outer loop
      vertex 2.5 18.5151 1.01508
      vertex 0 19.1964 0.559853
      vertex 0 18.5151 1.01508
    endloop
  endfacet
  facet normal 0 -0.195095 -0.980784
    outer loop
      vertex 0 50 4.6
      vertex 2.5 50.8036 4.44015
      vertex 2.5 50 4.6
    endloop
  endfacet
  facet normal -0 -0.195095 -0.980784
    outer loop
      vertex 2.5 50.8036 4.44015
      vertex 0 50 4.6
      vertex 0 50.8036 4.44015
    endloop
  endfacet
  facet normal 0 -0.55557 -0.83147
    outer loop
      vertex 0 50.8036 4.44015
      vertex 2.5 51.4849 3.98492
      vertex 2.5 50.8036 4.44015
    endloop
  endfacet
  facet normal -0 -0.55557 -0.83147
    outer loop
      vertex 2.5 51.4849 3.98492
      vertex 0 50.8036 4.44015
      vertex 0 51.4849 3.98492
    endloop
  endfacet
  facet normal -0 0.195099 0.980784
    outer loop
      vertex 0 50 0.4
      vertex 2.5 49.1964 0.559853
      vertex 2.5 50 0.4
    endloop
  endfacet
  facet normal 0 0.195099 0.980784
    outer loop
      vertex 2.5 49.1964 0.559853
      vertex 0 50 0.4
      vertex 0 49.1964 0.559853
    endloop
  endfacet
  facet normal 0 -0.980775 0.195144
    outer loop
      vertex 0 51.9401 1.69636
      vertex 2.5 52.1 2.5
      vertex 0 52.1 2.5
    endloop
  endfacet
  facet normal 0 -0.980775 0.195144
    outer loop
      vertex 2.5 52.1 2.5
      vertex 0 51.9401 1.69636
      vertex 2.5 51.9401 1.69636
    endloop
  endfacet
  facet normal 0 -0.980774 -0.195147
    outer loop
      vertex 0 52.1 2.5
      vertex 2.5 51.9401 3.30363
      vertex 0 51.9401 3.30363
    endloop
  endfacet
  facet normal 0 -0.980774 -0.195147
    outer loop
      vertex 2.5 51.9401 3.30363
      vertex 0 52.1 2.5
      vertex 2.5 52.1 2.5
    endloop
  endfacet
  facet normal 0 0.55557 -0.83147
    outer loop
      vertex 0 48.5151 3.98492
      vertex 2.5 49.1964 4.44015
      vertex 2.5 48.5151 3.98492
    endloop
  endfacet
  facet normal 0 0.55557 -0.83147
    outer loop
      vertex 2.5 49.1964 4.44015
      vertex 0 48.5151 3.98492
      vertex 0 49.1964 4.44015
    endloop
  endfacet
  facet normal 0 -0.831483 -0.55555
    outer loop
      vertex 0 51.9401 3.30363
      vertex 2.5 51.4849 3.98492
      vertex 0 51.4849 3.98492
    endloop
  endfacet
  facet normal 0 -0.831483 -0.55555
    outer loop
      vertex 2.5 51.4849 3.98492
      vertex 0 51.9401 3.30363
      vertex 2.5 51.9401 3.30363
    endloop
  endfacet
  facet normal 0 -0.195099 0.980784
    outer loop
      vertex 0 50.8036 0.559853
      vertex 2.5 50 0.4
      vertex 2.5 50.8036 0.559853
    endloop
  endfacet
  facet normal 0 -0.195099 0.980784
    outer loop
      vertex 2.5 50 0.4
      vertex 0 50.8036 0.559853
      vertex 0 50 0.4
    endloop
  endfacet
  facet normal 0 -0.831479 0.555556
    outer loop
      vertex 0 51.4849 1.01508
      vertex 2.5 51.9401 1.69636
      vertex 0 51.9401 1.69636
    endloop
  endfacet
  facet normal 0 -0.831479 0.555556
    outer loop
      vertex 2.5 51.9401 1.69636
      vertex 0 51.4849 1.01508
      vertex 2.5 51.4849 1.01508
    endloop
  endfacet
  facet normal 0 -0.555568 0.831471
    outer loop
      vertex 0 51.4849 1.01508
      vertex 2.5 50.8036 0.559853
      vertex 2.5 51.4849 1.01508
    endloop
  endfacet
  facet normal 0 -0.555568 0.831471
    outer loop
      vertex 2.5 50.8036 0.559853
      vertex 0 51.4849 1.01508
      vertex 0 50.8036 0.559853
    endloop
  endfacet
  facet normal -1 0 0
    outer loop
      vertex 2.5 51.9401 1.69636
      vertex 2.5 51.9401 3.30363
      vertex 2.5 52.1 2.5
    endloop
  endfacet
  facet normal -1 0 0
    outer loop
      vertex 2.5 51.4849 1.01508
      vertex 2.5 51.9401 3.30363
      vertex 2.5 51.9401 1.69636
    endloop
  endfacet
  facet normal -1 0 0
    outer loop
      vertex 2.5 51.4849 1.01508
      vertex 2.5 51.4849 3.98492
      vertex 2.5 51.9401 3.30363
    endloop
  endfacet
  facet normal -1 0 0
    outer loop
      vertex 2.5 50.8036 0.559853
      vertex 2.5 51.4849 3.98492
      vertex 2.5 51.4849 1.01508
    endloop
  endfacet
  facet normal -1 0 0
    outer loop
      vertex 2.5 50.8036 0.559853
      vertex 2.5 50.8036 4.44015
      vertex 2.5 51.4849 3.98492
    endloop
  endfacet
  facet normal -1 0 0
    outer loop
      vertex 2.5 50 0.4
      vertex 2.5 50.8036 4.44015
      vertex 2.5 50.8036 0.559853
    endloop
  endfacet
  facet normal -1 0 0
    outer loop
      vertex 2.5 50 0.4
      vertex 2.5 50 4.6
      vertex 2.5 50.8036 4.44015
    endloop
  endfacet
  facet normal -1 0 0
    outer loop
      vertex 2.5 49.1964 0.559853
      vertex 2.5 50 4.6
      vertex 2.5 50 0.4
    endloop
  endfacet
  facet normal -1 0 0
    outer loop
      vertex 2.5 49.1964 0.559853
      vertex 2.5 49.1964 4.44015
      vertex 2.5 50 4.6
    endloop
  endfacet
  facet normal -1 0 0
    outer loop
      vertex 2.5 48.5151 1.01508
      vertex 2.5 49.1964 4.44015
      vertex 2.5 49.1964 0.559853
    endloop
  endfacet
  facet normal -1 0 0
    outer loop
      vertex 2.5 48.5151 1.01508
      vertex 2.5 48.5151 3.98492
      vertex 2.5 49.1964 4.44015
    endloop
  endfacet
  facet normal -1 0 0
    outer loop
      vertex 2.5 48.0599 1.69636
      vertex 2.5 48.5151 3.98492
      vertex 2.5 48.5151 1.01508
    endloop
  endfacet
  facet normal -1 0 0
    outer loop
      vertex 2.5 48.0599 1.69636
      vertex 2.5 48.0599 3.30363
      vertex 2.5 48.5151 3.98492
    endloop
  endfacet
  facet normal -1 0 -0
    outer loop
      vertex 2.5 48.0599 3.30363
      vertex 2.5 48.0599 1.69636
      vertex 2.5 47.9 2.5
    endloop
  endfacet
  facet normal 0 0.831479 0.555556
    outer loop
      vertex 2.5 48.5151 1.01508
      vertex 0 48.0599 1.69636
      vertex 2.5 48.0599 1.69636
    endloop
  endfacet
  facet normal 0 0.831479 0.555556
    outer loop
      vertex 0 48.0599 1.69636
      vertex 2.5 48.5151 1.01508
      vertex 0 48.5151 1.01508
    endloop
  endfacet
  facet normal 0 0.980774 -0.195147
    outer loop
      vertex 2.5 47.9 2.5
      vertex 0 48.0599 3.30363
      vertex 2.5 48.0599 3.30363
    endloop
  endfacet
  facet normal 0 0.980774 -0.195147
    outer loop
      vertex 0 48.0599 3.30363
      vertex 2.5 47.9 2.5
      vertex 0 47.9 2.5
    endloop
  endfacet
  facet normal 0 0.831483 -0.55555
    outer loop
      vertex 2.5 48.0599 3.30363
      vertex 0 48.5151 3.98492
      vertex 2.5 48.5151 3.98492
    endloop
  endfacet
  facet normal 0 0.831483 -0.55555
    outer loop
      vertex 0 48.5151 3.98492
      vertex 2.5 48.0599 3.30363
      vertex 0 48.0599 3.30363
    endloop
  endfacet
  facet normal 0 0.195095 -0.980784
    outer loop
      vertex 0 49.1964 4.44015
      vertex 2.5 50 4.6
      vertex 2.5 49.1964 4.44015
    endloop
  endfacet
  facet normal 0 0.195095 -0.980784
    outer loop
      vertex 2.5 50 4.6
      vertex 0 49.1964 4.44015
      vertex 0 50 4.6
    endloop
  endfacet
  facet normal 0 0.980775 0.195144
    outer loop
      vertex 2.5 48.0599 1.69636
      vertex 0 47.9 2.5
      vertex 2.5 47.9 2.5
    endloop
  endfacet
  facet normal 0 0.980775 0.195144
    outer loop
      vertex 0 47.9 2.5
      vertex 2.5 48.0599 1.69636
      vertex 0 48.0599 1.69636
    endloop
  endfacet
  facet normal -0 0.555568 0.831471
    outer loop
      vertex 0 49.1964 0.559853
      vertex 2.5 48.5151 1.01508
      vertex 2.5 49.1964 0.559853
    endloop
  endfacet
  facet normal 0 0.555568 0.831471
    outer loop
      vertex 2.5 48.5151 1.01508
      vertex 0 49.1964 0.559853
      vertex 0 48.5151 1.01508
    endloop
  endfacet
  facet normal 0 -0.195095 -0.980784
    outer loop
      vertex 0 80 4.6
      vertex 2.5 80.8036 4.44015
      vertex 2.5 80 4.6
    endloop
  endfacet
  facet normal -0 -0.195095 -0.980784
    outer loop
      vertex 2.5 80.8036 4.44015
      vertex 0 80 4.6
      vertex 0 80.8036 4.44015
    endloop
  endfacet
  facet normal 0 -0.55557 -0.83147
    outer loop
      vertex 0 80.8036 4.44015
      vertex 2.5 81.4849 3.98492
      vertex 2.5 80.8036 4.44015
    endloop
  endfacet
  facet normal -0 -0.55557 -0.83147
    outer loop
      vertex 2.5 81.4849 3.98492
      vertex 0 80.8036 4.44015
      vertex 0 81.4849 3.98492
    endloop
  endfacet
  facet normal -0 0.195099 0.980784
    outer loop
      vertex 0 80 0.4
      vertex 2.5 79.1964 0.559853
      vertex 2.5 80 0.4
    endloop
  endfacet
  facet normal 0 0.195099 0.980784
    outer loop
      vertex 2.5 79.1964 0.559853
      vertex 0 80 0.4
      vertex 0 79.1964 0.559853
    endloop
  endfacet
  facet normal 0 -0.980775 0.195144
    outer loop
      vertex 0 81.9401 1.69636
      vertex 2.5 82.1 2.5
      vertex 0 82.1 2.5
    endloop
  endfacet
  facet normal 0 -0.980775 0.195144
    outer loop
      vertex 2.5 82.1 2.5
      vertex 0 81.9401 1.69636
      vertex 2.5 81.9401 1.69636
    endloop
  endfacet
  facet normal 0 0.831483 -0.55555
    outer loop
      vertex 2.5 78.0599 3.30363
      vertex 0 78.5151 3.98492
      vertex 2.5 78.5151 3.98492
    endloop
  endfacet
  facet normal 0 0.831483 -0.55555
    outer loop
      vertex 0 78.5151 3.98492
      vertex 2.5 78.0599 3.30363
      vertex 0 78.0599 3.30363
    endloop
  endfacet
  facet normal 0 -0.555568 0.831471
    outer loop
      vertex 0 81.4849 1.01508
      vertex 2.5 80.8036 0.559853
      vertex 2.5 81.4849 1.01508
    endloop
  endfacet
  facet normal 0 -0.555568 0.831471
    outer loop
      vertex 2.5 80.8036 0.559853
      vertex 0 81.4849 1.01508
      vertex 0 80.8036 0.559853
    endloop
  endfacet
  facet normal 0 -0.831479 0.555556
    outer loop
      vertex 0 81.4849 1.01508
      vertex 2.5 81.9401 1.69636
      vertex 0 81.9401 1.69636
    endloop
  endfacet
  facet normal 0 -0.831479 0.555556
    outer loop
      vertex 2.5 81.9401 1.69636
      vertex 0 81.4849 1.01508
      vertex 2.5 81.4849 1.01508
    endloop
  endfacet
  facet normal 0 -0.831483 -0.55555
    outer loop
      vertex 0 81.9401 3.30363
      vertex 2.5 81.4849 3.98492
      vertex 0 81.4849 3.98492
    endloop
  endfacet
  facet normal 0 -0.831483 -0.55555
    outer loop
      vertex 2.5 81.4849 3.98492
      vertex 0 81.9401 3.30363
      vertex 2.5 81.9401 3.30363
    endloop
  endfacet
  facet normal 0 -0.980774 -0.195147
    outer loop
      vertex 0 82.1 2.5
      vertex 2.5 81.9401 3.30363
      vertex 0 81.9401 3.30363
    endloop
  endfacet
  facet normal 0 -0.980774 -0.195147
    outer loop
      vertex 2.5 81.9401 3.30363
      vertex 0 82.1 2.5
      vertex 2.5 82.1 2.5
    endloop
  endfacet
  facet normal 0 -0.195099 0.980784
    outer loop
      vertex 0 80.8036 0.559853
      vertex 2.5 80 0.4
      vertex 2.5 80.8036 0.559853
    endloop
  endfacet
  facet normal 0 -0.195099 0.980784
    outer loop
      vertex 2.5 80 0.4
      vertex 0 80.8036 0.559853
      vertex 0 80 0.4
    endloop
  endfacet
  facet normal 0 0.831479 0.555556
    outer loop
      vertex 2.5 78.5151 1.01508
      vertex 0 78.0599 1.69636
      vertex 2.5 78.0599 1.69636
    endloop
  endfacet
  facet normal 0 0.831479 0.555556
    outer loop
      vertex 0 78.0599 1.69636
      vertex 2.5 78.5151 1.01508
      vertex 0 78.5151 1.01508
    endloop
  endfacet
  facet normal -0 0.555568 0.831471
    outer loop
      vertex 0 79.1964 0.559853
      vertex 2.5 78.5151 1.01508
      vertex 2.5 79.1964 0.559853
    endloop
  endfacet
  facet normal 0 0.555568 0.831471
    outer loop
      vertex 2.5 78.5151 1.01508
      vertex 0 79.1964 0.559853
      vertex 0 78.5151 1.01508
    endloop
  endfacet
  facet normal 0 0.980774 -0.195147
    outer loop
      vertex 2.5 77.9 2.5
      vertex 0 78.0599 3.30363
      vertex 2.5 78.0599 3.30363
    endloop
  endfacet
  facet normal 0 0.980774 -0.195147
    outer loop
      vertex 0 78.0599 3.30363
      vertex 2.5 77.9 2.5
      vertex 0 77.9 2.5
    endloop
  endfacet
  facet normal 0 0.55557 -0.83147
    outer loop
      vertex 0 78.5151 3.98492
      vertex 2.5 79.1964 4.44015
      vertex 2.5 78.5151 3.98492
    endloop
  endfacet
  facet normal 0 0.55557 -0.83147
    outer loop
      vertex 2.5 79.1964 4.44015
      vertex 0 78.5151 3.98492
      vertex 0 79.1964 4.44015
    endloop
  endfacet
  facet normal 0 0.195095 -0.980784
    outer loop
      vertex 0 79.1964 4.44015
      vertex 2.5 80 4.6
      vertex 2.5 79.1964 4.44015
    endloop
  endfacet
  facet normal 0 0.195095 -0.980784
    outer loop
      vertex 2.5 80 4.6
      vertex 0 79.1964 4.44015
      vertex 0 80 4.6
    endloop
  endfacet
  facet normal 0 0.980775 0.195144
    outer loop
      vertex 2.5 78.0599 1.69636
      vertex 0 77.9 2.5
      vertex 2.5 77.9 2.5
    endloop
  endfacet
  facet normal 0 0.980775 0.195144
    outer loop
      vertex 0 77.9 2.5
      vertex 2.5 78.0599 1.69636
      vertex 0 78.0599 1.69636
    endloop
  endfacet
  facet normal -1 0 0
    outer loop
      vertex 2.5 81.9401 1.69636
      vertex 2.5 81.9401 3.30363
      vertex 2.5 82.1 2.5
    endloop
  endfacet
  facet normal -1 0 0
    outer loop
      vertex 2.5 81.4849 1.01508
      vertex 2.5 81.9401 3.30363
      vertex 2.5 81.9401 1.69636
    endloop
  endfacet
  facet normal -1 0 0
    outer loop
      vertex 2.5 81.4849 1.01508
      vertex 2.5 81.4849 3.98492
      vertex 2.5 81.9401 3.30363
    endloop
  endfacet
  facet normal -1 0 0
    outer loop
      vertex 2.5 80.8036 0.559853
      vertex 2.5 81.4849 3.98492
      vertex 2.5 81.4849 1.01508
    endloop
  endfacet
  facet normal -1 0 0
    outer loop
      vertex 2.5 80.8036 0.559853
      vertex 2.5 80.8036 4.44015
      vertex 2.5 81.4849 3.98492
    endloop
  endfacet
  facet normal -1 0 0
    outer loop
      vertex 2.5 80 0.4
      vertex 2.5 80.8036 4.44015
      vertex 2.5 80.8036 0.559853
    endloop
  endfacet
  facet normal -1 0 0
    outer loop
      vertex 2.5 80 0.4
      vertex 2.5 80 4.6
      vertex 2.5 80.8036 4.44015
    endloop
  endfacet
  facet normal -1 0 0
    outer loop
      vertex 2.5 79.1964 0.559853
      vertex 2.5 80 4.6
      vertex 2.5 80 0.4
    endloop
  endfacet
  facet normal -1 0 0
    outer loop
      vertex 2.5 79.1964 0.559853
      vertex 2.5 79.1964 4.44015
      vertex 2.5 80 4.6
    endloop
  endfacet
  facet normal -1 0 0
    outer loop
      vertex 2.5 78.5151 1.01508
      vertex 2.5 79.1964 4.44015
      vertex 2.5 79.1964 0.559853
    endloop
  endfacet
  facet normal -1 0 0
    outer loop
      vertex 2.5 78.5151 1.01508
      vertex 2.5 78.5151 3.98492
      vertex 2.5 79.1964 4.44015
    endloop
  endfacet
  facet normal -1 0 0
    outer loop
      vertex 2.5 78.0599 1.69636
      vertex 2.5 78.5151 3.98492
      vertex 2.5 78.5151 1.01508
    endloop
  endfacet
  facet normal -1 0 0
    outer loop
      vertex 2.5 78.0599 1.69636
      vertex 2.5 78.0599 3.30363
      vertex 2.5 78.5151 3.98492
    endloop
  endfacet
  facet normal -1 0 -0
    outer loop
      vertex 2.5 78.0599 3.30363
      vertex 2.5 78.0599 1.69636
      vertex 2.5 77.9 2.5
    endloop
  endfacet
  facet normal 0 -0.195002 -0.980803
    outer loop
      vertex 0 110 4.6
      vertex 2.5 110.804 4.44015
      vertex 2.5 110 4.6
    endloop
  endfacet
  facet normal -0 -0.195002 -0.980803
    outer loop
      vertex 2.5 110.804 4.44015
      vertex 0 110 4.6
      vertex 0 110.804 4.44015
    endloop
  endfacet
  facet normal 0 -0.555739 -0.831357
    outer loop
      vertex 0 110.804 4.44015
      vertex 2.5 111.485 3.98492
      vertex 2.5 110.804 4.44015
    endloop
  endfacet
  facet normal -0 -0.555739 -0.831357
    outer loop
      vertex 2.5 111.485 3.98492
      vertex 0 110.804 4.44015
      vertex 0 111.485 3.98492
    endloop
  endfacet
  facet normal -0 0.195005 0.980802
    outer loop
      vertex 0 110 0.4
      vertex 2.5 109.196 0.559853
      vertex 2.5 110 0.4
    endloop
  endfacet
  facet normal 0 0.195005 0.980802
    outer loop
      vertex 2.5 109.196 0.559853
      vertex 0 110 0.4
      vertex 0 109.196 0.559853
    endloop
  endfacet
  facet normal 0 -0.980751 0.195262
    outer loop
      vertex 0 111.94 1.69636
      vertex 2.5 112.1 2.5
      vertex 0 112.1 2.5
    endloop
  endfacet
  facet normal 0 -0.980751 0.195262
    outer loop
      vertex 2.5 112.1 2.5
      vertex 0 111.94 1.69636
      vertex 2.5 111.94 1.69636
    endloop
  endfacet
  facet normal 0 0.831596 -0.555382
    outer loop
      vertex 2.5 108.06 3.30363
      vertex 0 108.515 3.98492
      vertex 2.5 108.515 3.98492
    endloop
  endfacet
  facet normal 0 0.831596 -0.555382
    outer loop
      vertex 0 108.515 3.98492
      vertex 2.5 108.06 3.30363
      vertex 0 108.06 3.30363
    endloop
  endfacet
  facet normal 0 -0.555737 0.831358
    outer loop
      vertex 0 111.485 1.01508
      vertex 2.5 110.804 0.559853
      vertex 2.5 111.485 1.01508
    endloop
  endfacet
  facet normal 0 -0.555737 0.831358
    outer loop
      vertex 2.5 110.804 0.559853
      vertex 0 111.485 1.01508
      vertex 0 110.804 0.559853
    endloop
  endfacet
  facet normal 0 -0.831592 0.555387
    outer loop
      vertex 0 111.485 1.01508
      vertex 2.5 111.94 1.69636
      vertex 0 111.94 1.69636
    endloop
  endfacet
  facet normal 0 -0.831592 0.555387
    outer loop
      vertex 2.5 111.94 1.69636
      vertex 0 111.485 1.01508
      vertex 2.5 111.485 1.01508
    endloop
  endfacet
  facet normal 0 -0.831596 -0.555382
    outer loop
      vertex 0 111.94 3.30363
      vertex 2.5 111.485 3.98492
      vertex 0 111.485 3.98492
    endloop
  endfacet
  facet normal 0 -0.831596 -0.555382
    outer loop
      vertex 2.5 111.485 3.98492
      vertex 0 111.94 3.30363
      vertex 2.5 111.94 3.30363
    endloop
  endfacet
  facet normal 0 -0.980751 -0.195264
    outer loop
      vertex 0 112.1 2.5
      vertex 2.5 111.94 3.30363
      vertex 0 111.94 3.30363
    endloop
  endfacet
  facet normal 0 -0.980751 -0.195264
    outer loop
      vertex 2.5 111.94 3.30363
      vertex 0 112.1 2.5
      vertex 2.5 112.1 2.5
    endloop
  endfacet
  facet normal 0 -0.195005 0.980802
    outer loop
      vertex 0 110.804 0.559853
      vertex 2.5 110 0.4
      vertex 2.5 110.804 0.559853
    endloop
  endfacet
  facet normal 0 -0.195005 0.980802
    outer loop
      vertex 2.5 110 0.4
      vertex 0 110.804 0.559853
      vertex 0 110 0.4
    endloop
  endfacet
  facet normal 0 0.831592 0.555387
    outer loop
      vertex 2.5 108.515 1.01508
      vertex 0 108.06 1.69636
      vertex 2.5 108.06 1.69636
    endloop
  endfacet
  facet normal 0 0.831592 0.555387
    outer loop
      vertex 0 108.06 1.69636
      vertex 2.5 108.515 1.01508
      vertex 0 108.515 1.01508
    endloop
  endfacet
  facet normal -0 0.555737 0.831358
    outer loop
      vertex 0 109.196 0.559853
      vertex 2.5 108.515 1.01508
      vertex 2.5 109.196 0.559853
    endloop
  endfacet
  facet normal 0 0.555737 0.831358
    outer loop
      vertex 2.5 108.515 1.01508
      vertex 0 109.196 0.559853
      vertex 0 108.515 1.01508
    endloop
  endfacet
  facet normal 0 0.980751 -0.195264
    outer loop
      vertex 2.5 107.9 2.5
      vertex 0 108.06 3.30363
      vertex 2.5 108.06 3.30363
    endloop
  endfacet
  facet normal 0 0.980751 -0.195264
    outer loop
      vertex 0 108.06 3.30363
      vertex 2.5 107.9 2.5
      vertex 0 107.9 2.5
    endloop
  endfacet
  facet normal 0 0.555739 -0.831357
    outer loop
      vertex 0 108.515 3.98492
      vertex 2.5 109.196 4.44015
      vertex 2.5 108.515 3.98492
    endloop
  endfacet
  facet normal 0 0.555739 -0.831357
    outer loop
      vertex 2.5 109.196 4.44015
      vertex 0 108.515 3.98492
      vertex 0 109.196 4.44015
    endloop
  endfacet
  facet normal 0 0.195002 -0.980803
    outer loop
      vertex 0 109.196 4.44015
      vertex 2.5 110 4.6
      vertex 2.5 109.196 4.44015
    endloop
  endfacet
  facet normal 0 0.195002 -0.980803
    outer loop
      vertex 2.5 110 4.6
      vertex 0 109.196 4.44015
      vertex 0 110 4.6
    endloop
  endfacet
  facet normal 0 0.980751 0.195262
    outer loop
      vertex 2.5 108.06 1.69636
      vertex 0 107.9 2.5
      vertex 2.5 107.9 2.5
    endloop
  endfacet
  facet normal 0 0.980751 0.195262
    outer loop
      vertex 0 107.9 2.5
      vertex 2.5 108.06 1.69636
      vertex 0 108.06 1.69636
    endloop
  endfacet
  facet normal -1 0 0
    outer loop
      vertex 2.5 111.94 1.69636
      vertex 2.5 111.94 3.30363
      vertex 2.5 112.1 2.5
    endloop
  endfacet
  facet normal -1 0 0
    outer loop
      vertex 2.5 111.485 1.01508
      vertex 2.5 111.94 3.30363
      vertex 2.5 111.94 1.69636
    endloop
  endfacet
  facet normal -1 0 0
    outer loop
      vertex 2.5 111.485 1.01508
      vertex 2.5 111.485 3.98492
      vertex 2.5 111.94 3.30363
    endloop
  endfacet
  facet normal -1 0 0
    outer loop
      vertex 2.5 110.804 0.559853
      vertex 2.5 111.485 3.98492
      vertex 2.5 111.485 1.01508
    endloop
  endfacet
  facet normal -1 0 0
    outer loop
      vertex 2.5 110.804 0.559853
      vertex 2.5 110.804 4.44015
      vertex 2.5 111.485 3.98492
    endloop
  endfacet
  facet normal -1 0 0
    outer loop
      vertex 2.5 110 0.4
      vertex 2.5 110.804 4.44015
      vertex 2.5 110.804 0.559853
    endloop
  endfacet
  facet normal -1 0 0
    outer loop
      vertex 2.5 110 0.4
      vertex 2.5 110 4.6
      vertex 2.5 110.804 4.44015
    endloop
  endfacet
  facet normal -1 0 0
    outer loop
      vertex 2.5 109.196 0.559853
      vertex 2.5 110 4.6
      vertex 2.5 110 0.4
    endloop
  endfacet
  facet normal -1 0 0
    outer loop
      vertex 2.5 109.196 0.559853
      vertex 2.5 109.196 4.44015
      vertex 2.5 110 4.6
    endloop
  endfacet
  facet normal -1 0 0
    outer loop
      vertex 2.5 108.515 1.01508
      vertex 2.5 109.196 4.44015
      vertex 2.5 109.196 0.559853
    endloop
  endfacet
  facet normal -1 0 0
    outer loop
      vertex 2.5 108.515 1.01508
      vertex 2.5 108.515 3.98492
      vertex 2.5 109.196 4.44015
    endloop
  endfacet
  facet normal -1 0 0
    outer loop
      vertex 2.5 108.06 1.69636
      vertex 2.5 108.515 3.98492
      vertex 2.5 108.515 1.01508
    endloop
  endfacet
  facet normal -1 0 0
    outer loop
      vertex 2.5 108.06 1.69636
      vertex 2.5 108.06 3.30363
      vertex 2.5 108.515 3.98492
    endloop
  endfacet
  facet normal -1 0 -0
    outer loop
      vertex 2.5 108.06 3.30363
      vertex 2.5 108.06 1.69636
      vertex 2.5 107.9 2.5
    endloop
  endfacet
  facet normal -0.980775 0 0.195144
    outer loop
      vertex 21.9401 2.5 1.69636
      vertex 22.1 13.5 2.5
      vertex 21.9401 13.5 1.69636
    endloop
  endfacet
  facet normal -0.980775 0 0.195144
    outer loop
      vertex 22.1 13.5 2.5
      vertex 21.9401 2.5 1.69636
      vertex 22.1 2.5 2.5
    endloop
  endfacet
  facet normal 0.980775 -0 0.195144
    outer loop
      vertex 17.9 2.5 2.5
      vertex 18.0599 13.5 1.69636
      vertex 17.9 13.5 2.5
    endloop
  endfacet
  facet normal 0.980775 0 0.195144
    outer loop
      vertex 18.0599 13.5 1.69636
      vertex 17.9 2.5 2.5
      vertex 18.0599 2.5 1.69636
    endloop
  endfacet
  facet normal -0.195099 0 0.980784
    outer loop
      vertex 20 13.5 0.4
      vertex 20.8036 2.5 0.559853
      vertex 20.8036 13.5 0.559853
    endloop
  endfacet
  facet normal -0.195099 0 0.980784
    outer loop
      vertex 20.8036 2.5 0.559853
      vertex 20 13.5 0.4
      vertex 20 2.5 0.4
    endloop
  endfacet
  facet normal 0 -1 0
    outer loop
      vertex 19.1964 13.5 4.44015
      vertex 20.8036 13.5 4.44015
      vertex 20 13.5 4.6
    endloop
  endfacet
  facet normal 0 -1 0
    outer loop
      vertex 18.5151 13.5 3.98492
      vertex 20.8036 13.5 4.44015
      vertex 19.1964 13.5 4.44015
    endloop
  endfacet
  facet normal 0 -1 0
    outer loop
      vertex 18.5151 13.5 3.98492
      vertex 21.4849 13.5 3.98492
      vertex 20.8036 13.5 4.44015
    endloop
  endfacet
  facet normal 0 -1 0
    outer loop
      vertex 18.0599 13.5 3.30363
      vertex 21.4849 13.5 3.98492
      vertex 18.5151 13.5 3.98492
    endloop
  endfacet
  facet normal 0 -1 0
    outer loop
      vertex 18.0599 13.5 3.30363
      vertex 21.9401 13.5 3.30363
      vertex 21.4849 13.5 3.98492
    endloop
  endfacet
  facet normal 0 -1 0
    outer loop
      vertex 17.9 13.5 2.5
      vertex 21.9401 13.5 3.30363
      vertex 18.0599 13.5 3.30363
    endloop
  endfacet
  facet normal 0 -1 0
    outer loop
      vertex 17.9 13.5 2.5
      vertex 22.1 13.5 2.5
      vertex 21.9401 13.5 3.30363
    endloop
  endfacet
  facet normal 0 -1 0
    outer loop
      vertex 18.0599 13.5 1.69636
      vertex 22.1 13.5 2.5
      vertex 17.9 13.5 2.5
    endloop
  endfacet
  facet normal 0 -1 0
    outer loop
      vertex 18.0599 13.5 1.69636
      vertex 21.9401 13.5 1.69636
      vertex 22.1 13.5 2.5
    endloop
  endfacet
  facet normal 0 -1 0
    outer loop
      vertex 18.5151 13.5 1.01508
      vertex 21.9401 13.5 1.69636
      vertex 18.0599 13.5 1.69636
    endloop
  endfacet
  facet normal 0 -1 0
    outer loop
      vertex 18.5151 13.5 1.01508
      vertex 21.4849 13.5 1.01508
      vertex 21.9401 13.5 1.69636
    endloop
  endfacet
  facet normal 0 -1 0
    outer loop
      vertex 19.1964 13.5 0.559853
      vertex 21.4849 13.5 1.01508
      vertex 18.5151 13.5 1.01508
    endloop
  endfacet
  facet normal 0 -1 0
    outer loop
      vertex 19.1964 13.5 0.559853
      vertex 20.8036 13.5 0.559853
      vertex 21.4849 13.5 1.01508
    endloop
  endfacet
  facet normal -0 -1 0
    outer loop
      vertex 20.8036 13.5 0.559853
      vertex 19.1964 13.5 0.559853
      vertex 20 13.5 0.4
    endloop
  endfacet
  facet normal -0.195095 0 -0.980784
    outer loop
      vertex 20 2.5 4.6
      vertex 20.8036 13.5 4.44015
      vertex 20.8036 2.5 4.44015
    endloop
  endfacet
  facet normal -0.195095 0 -0.980784
    outer loop
      vertex 20.8036 13.5 4.44015
      vertex 20 2.5 4.6
      vertex 20 13.5 4.6
    endloop
  endfacet
  facet normal 0.195095 0 -0.980784
    outer loop
      vertex 19.1964 2.5 4.44015
      vertex 20 13.5 4.6
      vertex 20 2.5 4.6
    endloop
  endfacet
  facet normal 0.195095 0 -0.980784
    outer loop
      vertex 20 13.5 4.6
      vertex 19.1964 2.5 4.44015
      vertex 19.1964 13.5 4.44015
    endloop
  endfacet
  facet normal -0.555568 0 0.831471
    outer loop
      vertex 20.8036 13.5 0.559853
      vertex 21.4849 2.5 1.01508
      vertex 21.4849 13.5 1.01508
    endloop
  endfacet
  facet normal -0.555568 0 0.831471
    outer loop
      vertex 21.4849 2.5 1.01508
      vertex 20.8036 13.5 0.559853
      vertex 20.8036 2.5 0.559853
    endloop
  endfacet
  facet normal -0.831479 0 0.555556
    outer loop
      vertex 21.4849 2.5 1.01508
      vertex 21.9401 13.5 1.69636
      vertex 21.4849 13.5 1.01508
    endloop
  endfacet
  facet normal -0.831479 0 0.555556
    outer loop
      vertex 21.9401 13.5 1.69636
      vertex 21.4849 2.5 1.01508
      vertex 21.9401 2.5 1.69636
    endloop
  endfacet
  facet normal 0.195099 0 0.980784
    outer loop
      vertex 19.1964 13.5 0.559853
      vertex 20 2.5 0.4
      vertex 20 13.5 0.4
    endloop
  endfacet
  facet normal 0.195099 0 0.980784
    outer loop
      vertex 20 2.5 0.4
      vertex 19.1964 13.5 0.559853
      vertex 19.1964 2.5 0.559853
    endloop
  endfacet
  facet normal 0.555568 0 0.831471
    outer loop
      vertex 18.5151 13.5 1.01508
      vertex 19.1964 2.5 0.559853
      vertex 19.1964 13.5 0.559853
    endloop
  endfacet
  facet normal 0.555568 0 0.831471
    outer loop
      vertex 19.1964 2.5 0.559853
      vertex 18.5151 13.5 1.01508
      vertex 18.5151 2.5 1.01508
    endloop
  endfacet
  facet normal 0.831479 -0 0.555556
    outer loop
      vertex 18.0599 2.5 1.69636
      vertex 18.5151 13.5 1.01508
      vertex 18.0599 13.5 1.69636
    endloop
  endfacet
  facet normal 0.831479 0 0.555556
    outer loop
      vertex 18.5151 13.5 1.01508
      vertex 18.0599 2.5 1.69636
      vertex 18.5151 2.5 1.01508
    endloop
  endfacet
  facet normal 0.980774 0 -0.195147
    outer loop
      vertex 18.0599 2.5 3.30363
      vertex 17.9 13.5 2.5
      vertex 18.0599 13.5 3.30363
    endloop
  endfacet
  facet normal 0.980774 0 -0.195147
    outer loop
      vertex 17.9 13.5 2.5
      vertex 18.0599 2.5 3.30363
      vertex 17.9 2.5 2.5
    endloop
  endfacet
  facet normal 0.55557 0 -0.83147
    outer loop
      vertex 18.5151 2.5 3.98492
      vertex 19.1964 13.5 4.44015
      vertex 19.1964 2.5 4.44015
    endloop
  endfacet
  facet normal 0.55557 0 -0.83147
    outer loop
      vertex 19.1964 13.5 4.44015
      vertex 18.5151 2.5 3.98492
      vertex 18.5151 13.5 3.98492
    endloop
  endfacet
  facet normal 0 1 0
    outer loop
      vertex 20.8036 2.5 4.44015
      vertex 19.1964 2.5 4.44015
      vertex 20 2.5 4.6
    endloop
  endfacet
  facet normal 0 1 0
    outer loop
      vertex 21.4849 2.5 3.98492
      vertex 19.1964 2.5 4.44015
      vertex 20.8036 2.5 4.44015
    endloop
  endfacet
  facet normal 0 1 0
    outer loop
      vertex 21.4849 2.5 3.98492
      vertex 18.5151 2.5 3.98492
      vertex 19.1964 2.5 4.44015
    endloop
  endfacet
  facet normal 0 1 0
    outer loop
      vertex 21.9401 2.5 3.30363
      vertex 18.5151 2.5 3.98492
      vertex 21.4849 2.5 3.98492
    endloop
  endfacet
  facet normal 0 1 0
    outer loop
      vertex 21.9401 2.5 3.30363
      vertex 18.0599 2.5 3.30363
      vertex 18.5151 2.5 3.98492
    endloop
  endfacet
  facet normal 0 1 0
    outer loop
      vertex 22.1 2.5 2.5
      vertex 18.0599 2.5 3.30363
      vertex 21.9401 2.5 3.30363
    endloop
  endfacet
  facet normal 0 1 0
    outer loop
      vertex 22.1 2.5 2.5
      vertex 17.9 2.5 2.5
      vertex 18.0599 2.5 3.30363
    endloop
  endfacet
  facet normal 0 1 -0
    outer loop
      vertex 21.9401 2.5 1.69636
      vertex 17.9 2.5 2.5
      vertex 22.1 2.5 2.5
    endloop
  endfacet
  facet normal 0 1 0
    outer loop
      vertex 21.9401 2.5 1.69636
      vertex 18.0599 2.5 1.69636
      vertex 17.9 2.5 2.5
    endloop
  endfacet
  facet normal 0 1 -0
    outer loop
      vertex 21.4849 2.5 1.01508
      vertex 18.0599 2.5 1.69636
      vertex 21.9401 2.5 1.69636
    endloop
  endfacet
  facet normal 0 1 0
    outer loop
      vertex 21.4849 2.5 1.01508
      vertex 18.5151 2.5 1.01508
      vertex 18.0599 2.5 1.69636
    endloop
  endfacet
  facet normal 0 1 -0
    outer loop
      vertex 20.8036 2.5 0.559853
      vertex 18.5151 2.5 1.01508
      vertex 21.4849 2.5 1.01508
    endloop
  endfacet
  facet normal 0 1 0
    outer loop
      vertex 20.8036 2.5 0.559853
      vertex 19.1964 2.5 0.559853
      vertex 18.5151 2.5 1.01508
    endloop
  endfacet
  facet normal -0 1 0
    outer loop
      vertex 19.1964 2.5 0.559853
      vertex 20.8036 2.5 0.559853
      vertex 20 2.5 0.4
    endloop
  endfacet
  facet normal 0.831483 0 -0.55555
    outer loop
      vertex 18.5151 2.5 3.98492
      vertex 18.0599 13.5 3.30363
      vertex 18.5151 13.5 3.98492
    endloop
  endfacet
  facet normal 0.831483 0 -0.55555
    outer loop
      vertex 18.0599 13.5 3.30363
      vertex 18.5151 2.5 3.98492
      vertex 18.0599 2.5 3.30363
    endloop
  endfacet
  facet normal -0.55557 0 -0.83147
    outer loop
      vertex 20.8036 2.5 4.44015
      vertex 21.4849 13.5 3.98492
      vertex 21.4849 2.5 3.98492
    endloop
  endfacet
  facet normal -0.55557 0 -0.83147
    outer loop
      vertex 21.4849 13.5 3.98492
      vertex 20.8036 2.5 4.44015
      vertex 20.8036 13.5 4.44015
    endloop
  endfacet
  facet normal -0.980774 0 -0.195147
    outer loop
      vertex 22.1 2.5 2.5
      vertex 21.9401 13.5 3.30363
      vertex 22.1 13.5 2.5
    endloop
  endfacet
  facet normal -0.980774 -0 -0.195147
    outer loop
      vertex 21.9401 13.5 3.30363
      vertex 22.1 2.5 2.5
      vertex 21.9401 2.5 3.30363
    endloop
  endfacet
  facet normal -0.831483 0 -0.55555
    outer loop
      vertex 21.9401 2.5 3.30363
      vertex 21.4849 13.5 3.98492
      vertex 21.9401 13.5 3.30363
    endloop
  endfacet
  facet normal -0.831483 -0 -0.55555
    outer loop
      vertex 21.4849 13.5 3.98492
      vertex 21.9401 2.5 3.30363
      vertex 21.4849 2.5 3.98492
    endloop
  endfacet
  facet normal -0.980775 0 0.195144
    outer loop
      vertex 51.9401 2.5 1.69636
      vertex 52.1 13.5 2.5
      vertex 51.9401 13.5 1.69636
    endloop
  endfacet
  facet normal -0.980775 0 0.195144
    outer loop
      vertex 52.1 13.5 2.5
      vertex 51.9401 2.5 1.69636
      vertex 52.1 2.5 2.5
    endloop
  endfacet
  facet normal 0.980775 -0 0.195144
    outer loop
      vertex 47.9 2.5 2.5
      vertex 48.0599 13.5 1.69636
      vertex 47.9 13.5 2.5
    endloop
  endfacet
  facet normal 0.980775 0 0.195144
    outer loop
      vertex 48.0599 13.5 1.69636
      vertex 47.9 2.5 2.5
      vertex 48.0599 2.5 1.69636
    endloop
  endfacet
  facet normal -0.195099 0 0.980784
    outer loop
      vertex 50 13.5 0.4
      vertex 50.8036 2.5 0.559853
      vertex 50.8036 13.5 0.559853
    endloop
  endfacet
  facet normal -0.195099 0 0.980784
    outer loop
      vertex 50.8036 2.5 0.559853
      vertex 50 13.5 0.4
      vertex 50 2.5 0.4
    endloop
  endfacet
  facet normal 0 -1 0
    outer loop
      vertex 49.1964 13.5 4.44015
      vertex 50.8036 13.5 4.44015
      vertex 50 13.5 4.6
    endloop
  endfacet
  facet normal 0 -1 0
    outer loop
      vertex 48.5151 13.5 3.98492
      vertex 50.8036 13.5 4.44015
      vertex 49.1964 13.5 4.44015
    endloop
  endfacet
  facet normal 0 -1 0
    outer loop
      vertex 48.5151 13.5 3.98492
      vertex 51.4849 13.5 3.98492
      vertex 50.8036 13.5 4.44015
    endloop
  endfacet
  facet normal 0 -1 0
    outer loop
      vertex 48.0599 13.5 3.30363
      vertex 51.4849 13.5 3.98492
      vertex 48.5151 13.5 3.98492
    endloop
  endfacet
  facet normal 0 -1 0
    outer loop
      vertex 48.0599 13.5 3.30363
      vertex 51.9401 13.5 3.30363
      vertex 51.4849 13.5 3.98492
    endloop
  endfacet
  facet normal 0 -1 0
    outer loop
      vertex 47.9 13.5 2.5
      vertex 51.9401 13.5 3.30363
      vertex 48.0599 13.5 3.30363
    endloop
  endfacet
  facet normal 0 -1 0
    outer loop
      vertex 47.9 13.5 2.5
      vertex 52.1 13.5 2.5
      vertex 51.9401 13.5 3.30363
    endloop
  endfacet
  facet normal 0 -1 0
    outer loop
      vertex 48.0599 13.5 1.69636
      vertex 52.1 13.5 2.5
      vertex 47.9 13.5 2.5
    endloop
  endfacet
  facet normal 0 -1 0
    outer loop
      vertex 48.0599 13.5 1.69636
      vertex 51.9401 13.5 1.69636
      vertex 52.1 13.5 2.5
    endloop
  endfacet
  facet normal 0 -1 0
    outer loop
      vertex 48.5151 13.5 1.01508
      vertex 51.9401 13.5 1.69636
      vertex 48.0599 13.5 1.69636
    endloop
  endfacet
  facet normal 0 -1 0
    outer loop
      vertex 48.5151 13.5 1.01508
      vertex 51.4849 13.5 1.01508
      vertex 51.9401 13.5 1.69636
    endloop
  endfacet
  facet normal 0 -1 0
    outer loop
      vertex 49.1964 13.5 0.559853
      vertex 51.4849 13.5 1.01508
      vertex 48.5151 13.5 1.01508
    endloop
  endfacet
  facet normal 0 -1 0
    outer loop
      vertex 49.1964 13.5 0.559853
      vertex 50.8036 13.5 0.559853
      vertex 51.4849 13.5 1.01508
    endloop
  endfacet
  facet normal -0 -1 0
    outer loop
      vertex 50.8036 13.5 0.559853
      vertex 49.1964 13.5 0.559853
      vertex 50 13.5 0.4
    endloop
  endfacet
  facet normal -0.195095 0 -0.980784
    outer loop
      vertex 50 2.5 4.6
      vertex 50.8036 13.5 4.44015
      vertex 50.8036 2.5 4.44015
    endloop
  endfacet
  facet normal -0.195095 0 -0.980784
    outer loop
      vertex 50.8036 13.5 4.44015
      vertex 50 2.5 4.6
      vertex 50 13.5 4.6
    endloop
  endfacet
  facet normal 0.195095 0 -0.980784
    outer loop
      vertex 49.1964 2.5 4.44015
      vertex 50 13.5 4.6
      vertex 50 2.5 4.6
    endloop
  endfacet
  facet normal 0.195095 0 -0.980784
    outer loop
      vertex 50 13.5 4.6
      vertex 49.1964 2.5 4.44015
      vertex 49.1964 13.5 4.44015
    endloop
  endfacet
  facet normal -0.555568 0 0.831471
    outer loop
      vertex 50.8036 13.5 0.559853
      vertex 51.4849 2.5 1.01508
      vertex 51.4849 13.5 1.01508
    endloop
  endfacet
  facet normal -0.555568 0 0.831471
    outer loop
      vertex 51.4849 2.5 1.01508
      vertex 50.8036 13.5 0.559853
      vertex 50.8036 2.5 0.559853
    endloop
  endfacet
  facet normal -0.831479 0 0.555556
    outer loop
      vertex 51.4849 2.5 1.01508
      vertex 51.9401 13.5 1.69636
      vertex 51.4849 13.5 1.01508
    endloop
  endfacet
  facet normal -0.831479 0 0.555556
    outer loop
      vertex 51.9401 13.5 1.69636
      vertex 51.4849 2.5 1.01508
      vertex 51.9401 2.5 1.69636
    endloop
  endfacet
  facet normal 0.195099 0 0.980784
    outer loop
      vertex 49.1964 13.5 0.559853
      vertex 50 2.5 0.4
      vertex 50 13.5 0.4
    endloop
  endfacet
  facet normal 0.195099 0 0.980784
    outer loop
      vertex 50 2.5 0.4
      vertex 49.1964 13.5 0.559853
      vertex 49.1964 2.5 0.559853
    endloop
  endfacet
  facet normal 0.555568 0 0.831471
    outer loop
      vertex 48.5151 13.5 1.01508
      vertex 49.1964 2.5 0.559853
      vertex 49.1964 13.5 0.559853
    endloop
  endfacet
  facet normal 0.555568 0 0.831471
    outer loop
      vertex 49.1964 2.5 0.559853
      vertex 48.5151 13.5 1.01508
      vertex 48.5151 2.5 1.01508
    endloop
  endfacet
  facet normal 0.831479 -0 0.555556
    outer loop
      vertex 48.0599 2.5 1.69636
      vertex 48.5151 13.5 1.01508
      vertex 48.0599 13.5 1.69636
    endloop
  endfacet
  facet normal 0.831479 0 0.555556
    outer loop
      vertex 48.5151 13.5 1.01508
      vertex 48.0599 2.5 1.69636
      vertex 48.5151 2.5 1.01508
    endloop
  endfacet
  facet normal 0.980774 0 -0.195147
    outer loop
      vertex 48.0599 2.5 3.30363
      vertex 47.9 13.5 2.5
      vertex 48.0599 13.5 3.30363
    endloop
  endfacet
  facet normal 0.980774 0 -0.195147
    outer loop
      vertex 47.9 13.5 2.5
      vertex 48.0599 2.5 3.30363
      vertex 47.9 2.5 2.5
    endloop
  endfacet
  facet normal 0.55557 0 -0.83147
    outer loop
      vertex 48.5151 2.5 3.98492
      vertex 49.1964 13.5 4.44015
      vertex 49.1964 2.5 4.44015
    endloop
  endfacet
  facet normal 0.55557 0 -0.83147
    outer loop
      vertex 49.1964 13.5 4.44015
      vertex 48.5151 2.5 3.98492
      vertex 48.5151 13.5 3.98492
    endloop
  endfacet
  facet normal 0 1 0
    outer loop
      vertex 50.8036 2.5 4.44015
      vertex 49.1964 2.5 4.44015
      vertex 50 2.5 4.6
    endloop
  endfacet
  facet normal 0 1 0
    outer loop
      vertex 51.4849 2.5 3.98492
      vertex 49.1964 2.5 4.44015
      vertex 50.8036 2.5 4.44015
    endloop
  endfacet
  facet normal 0 1 0
    outer loop
      vertex 51.4849 2.5 3.98492
      vertex 48.5151 2.5 3.98492
      vertex 49.1964 2.5 4.44015
    endloop
  endfacet
  facet normal 0 1 0
    outer loop
      vertex 51.9401 2.5 3.30363
      vertex 48.5151 2.5 3.98492
      vertex 51.4849 2.5 3.98492
    endloop
  endfacet
  facet normal 0 1 0
    outer loop
      vertex 51.9401 2.5 3.30363
      vertex 48.0599 2.5 3.30363
      vertex 48.5151 2.5 3.98492
    endloop
  endfacet
  facet normal 0 1 0
    outer loop
      vertex 52.1 2.5 2.5
      vertex 48.0599 2.5 3.30363
      vertex 51.9401 2.5 3.30363
    endloop
  endfacet
  facet normal 0 1 0
    outer loop
      vertex 52.1 2.5 2.5
      vertex 47.9 2.5 2.5
      vertex 48.0599 2.5 3.30363
    endloop
  endfacet
  facet normal 0 1 -0
    outer loop
      vertex 51.9401 2.5 1.69636
      vertex 47.9 2.5 2.5
      vertex 52.1 2.5 2.5
    endloop
  endfacet
  facet normal 0 1 0
    outer loop
      vertex 51.9401 2.5 1.69636
      vertex 48.0599 2.5 1.69636
      vertex 47.9 2.5 2.5
    endloop
  endfacet
  facet normal 0 1 -0
    outer loop
      vertex 51.4849 2.5 1.01508
      vertex 48.0599 2.5 1.69636
      vertex 51.9401 2.5 1.69636
    endloop
  endfacet
  facet normal 0 1 0
    outer loop
      vertex 51.4849 2.5 1.01508
      vertex 48.5151 2.5 1.01508
      vertex 48.0599 2.5 1.69636
    endloop
  endfacet
  facet normal 0 1 -0
    outer loop
      vertex 50.8036 2.5 0.559853
      vertex 48.5151 2.5 1.01508
      vertex 51.4849 2.5 1.01508
    endloop
  endfacet
  facet normal 0 1 0
    outer loop
      vertex 50.8036 2.5 0.559853
      vertex 49.1964 2.5 0.559853
      vertex 48.5151 2.5 1.01508
    endloop
  endfacet
  facet normal -0 1 0
    outer loop
      vertex 49.1964 2.5 0.559853
      vertex 50.8036 2.5 0.559853
      vertex 50 2.5 0.4
    endloop
  endfacet
  facet normal 0.831483 0 -0.55555
    outer loop
      vertex 48.5151 2.5 3.98492
      vertex 48.0599 13.5 3.30363
      vertex 48.5151 13.5 3.98492
    endloop
  endfacet
  facet normal 0.831483 0 -0.55555
    outer loop
      vertex 48.0599 13.5 3.30363
      vertex 48.5151 2.5 3.98492
      vertex 48.0599 2.5 3.30363
    endloop
  endfacet
  facet normal -0.55557 0 -0.83147
    outer loop
      vertex 50.8036 2.5 4.44015
      vertex 51.4849 13.5 3.98492
      vertex 51.4849 2.5 3.98492
    endloop
  endfacet
  facet normal -0.55557 0 -0.83147
    outer loop
      vertex 51.4849 13.5 3.98492
      vertex 50.8036 2.5 4.44015
      vertex 50.8036 13.5 4.44015
    endloop
  endfacet
  facet normal -0.980774 0 -0.195147
    outer loop
      vertex 52.1 2.5 2.5
      vertex 51.9401 13.5 3.30363
      vertex 52.1 13.5 2.5
    endloop
  endfacet
  facet normal -0.980774 -0 -0.195147
    outer loop
      vertex 51.9401 13.5 3.30363
      vertex 52.1 2.5 2.5
      vertex 51.9401 2.5 3.30363
    endloop
  endfacet
  facet normal -0.831483 0 -0.55555
    outer loop
      vertex 51.9401 2.5 3.30363
      vertex 51.4849 13.5 3.98492
      vertex 51.9401 13.5 3.30363
    endloop
  endfacet
  facet normal -0.831483 -0 -0.55555
    outer loop
      vertex 51.4849 13.5 3.98492
      vertex 51.9401 2.5 3.30363
      vertex 51.4849 2.5 3.98492
    endloop
  endfacet
  facet normal -0.980775 0 0.195144
    outer loop
      vertex 81.9401 2.5 1.69636
      vertex 82.1 13.5 2.5
      vertex 81.9401 13.5 1.69636
    endloop
  endfacet
  facet normal -0.980775 0 0.195144
    outer loop
      vertex 82.1 13.5 2.5
      vertex 81.9401 2.5 1.69636
      vertex 82.1 2.5 2.5
    endloop
  endfacet
  facet normal 0.980775 -0 0.195144
    outer loop
      vertex 77.9 2.5 2.5
      vertex 78.0599 13.5 1.69636
      vertex 77.9 13.5 2.5
    endloop
  endfacet
  facet normal 0.980775 0 0.195144
    outer loop
      vertex 78.0599 13.5 1.69636
      vertex 77.9 2.5 2.5
      vertex 78.0599 2.5 1.69636
    endloop
  endfacet
  facet normal 0.195099 0 0.980784
    outer loop
      vertex 79.1964 13.5 0.559853
      vertex 80 2.5 0.4
      vertex 80 13.5 0.4
    endloop
  endfacet
  facet normal 0.195099 0 0.980784
    outer loop
      vertex 80 2.5 0.4
      vertex 79.1964 13.5 0.559853
      vertex 79.1964 2.5 0.559853
    endloop
  endfacet
  facet normal 0 -1 0
    outer loop
      vertex 79.1964 13.5 4.44015
      vertex 80.8036 13.5 4.44015
      vertex 80 13.5 4.6
    endloop
  endfacet
  facet normal 0 -1 0
    outer loop
      vertex 78.5151 13.5 3.98492
      vertex 80.8036 13.5 4.44015
      vertex 79.1964 13.5 4.44015
    endloop
  endfacet
  facet normal 0 -1 0
    outer loop
      vertex 78.5151 13.5 3.98492
      vertex 81.4849 13.5 3.98492
      vertex 80.8036 13.5 4.44015
    endloop
  endfacet
  facet normal 0 -1 0
    outer loop
      vertex 78.0599 13.5 3.30363
      vertex 81.4849 13.5 3.98492
      vertex 78.5151 13.5 3.98492
    endloop
  endfacet
  facet normal 0 -1 0
    outer loop
      vertex 78.0599 13.5 3.30363
      vertex 81.9401 13.5 3.30363
      vertex 81.4849 13.5 3.98492
    endloop
  endfacet
  facet normal 0 -1 0
    outer loop
      vertex 77.9 13.5 2.5
      vertex 81.9401 13.5 3.30363
      vertex 78.0599 13.5 3.30363
    endloop
  endfacet
  facet normal 0 -1 0
    outer loop
      vertex 77.9 13.5 2.5
      vertex 82.1 13.5 2.5
      vertex 81.9401 13.5 3.30363
    endloop
  endfacet
  facet normal 0 -1 0
    outer loop
      vertex 78.0599 13.5 1.69636
      vertex 82.1 13.5 2.5
      vertex 77.9 13.5 2.5
    endloop
  endfacet
  facet normal 0 -1 0
    outer loop
      vertex 78.0599 13.5 1.69636
      vertex 81.9401 13.5 1.69636
      vertex 82.1 13.5 2.5
    endloop
  endfacet
  facet normal 0 -1 0
    outer loop
      vertex 78.5151 13.5 1.01508
      vertex 81.9401 13.5 1.69636
      vertex 78.0599 13.5 1.69636
    endloop
  endfacet
  facet normal 0 -1 0
    outer loop
      vertex 78.5151 13.5 1.01508
      vertex 81.4849 13.5 1.01508
      vertex 81.9401 13.5 1.69636
    endloop
  endfacet
  facet normal 0 -1 0
    outer loop
      vertex 79.1964 13.5 0.559853
      vertex 81.4849 13.5 1.01508
      vertex 78.5151 13.5 1.01508
    endloop
  endfacet
  facet normal 0 -1 0
    outer loop
      vertex 79.1964 13.5 0.559853
      vertex 80.8036 13.5 0.559853
      vertex 81.4849 13.5 1.01508
    endloop
  endfacet
  facet normal -0 -1 0
    outer loop
      vertex 80.8036 13.5 0.559853
      vertex 79.1964 13.5 0.559853
      vertex 80 13.5 0.4
    endloop
  endfacet
  facet normal 0 1 0
    outer loop
      vertex 80.8036 2.5 4.44015
      vertex 79.1964 2.5 4.44015
      vertex 80 2.5 4.6
    endloop
  endfacet
  facet normal 0 1 0
    outer loop
      vertex 81.4849 2.5 3.98492
      vertex 79.1964 2.5 4.44015
      vertex 80.8036 2.5 4.44015
    endloop
  endfacet
  facet normal 0 1 0
    outer loop
      vertex 81.4849 2.5 3.98492
      vertex 78.5151 2.5 3.98492
      vertex 79.1964 2.5 4.44015
    endloop
  endfacet
  facet normal 0 1 0
    outer loop
      vertex 81.9401 2.5 3.30363
      vertex 78.5151 2.5 3.98492
      vertex 81.4849 2.5 3.98492
    endloop
  endfacet
  facet normal 0 1 0
    outer loop
      vertex 81.9401 2.5 3.30363
      vertex 78.0599 2.5 3.30363
      vertex 78.5151 2.5 3.98492
    endloop
  endfacet
  facet normal 0 1 0
    outer loop
      vertex 82.1 2.5 2.5
      vertex 78.0599 2.5 3.30363
      vertex 81.9401 2.5 3.30363
    endloop
  endfacet
  facet normal 0 1 0
    outer loop
      vertex 82.1 2.5 2.5
      vertex 77.9 2.5 2.5
      vertex 78.0599 2.5 3.30363
    endloop
  endfacet
  facet normal 0 1 -0
    outer loop
      vertex 81.9401 2.5 1.69636
      vertex 77.9 2.5 2.5
      vertex 82.1 2.5 2.5
    endloop
  endfacet
  facet normal 0 1 0
    outer loop
      vertex 81.9401 2.5 1.69636
      vertex 78.0599 2.5 1.69636
      vertex 77.9 2.5 2.5
    endloop
  endfacet
  facet normal 0 1 -0
    outer loop
      vertex 81.4849 2.5 1.01508
      vertex 78.0599 2.5 1.69636
      vertex 81.9401 2.5 1.69636
    endloop
  endfacet
  facet normal 0 1 0
    outer loop
      vertex 81.4849 2.5 1.01508
      vertex 78.5151 2.5 1.01508
      vertex 78.0599 2.5 1.69636
    endloop
  endfacet
  facet normal 0 1 -0
    outer loop
      vertex 80.8036 2.5 0.559853
      vertex 78.5151 2.5 1.01508
      vertex 81.4849 2.5 1.01508
    endloop
  endfacet
  facet normal 0 1 0
    outer loop
      vertex 80.8036 2.5 0.559853
      vertex 79.1964 2.5 0.559853
      vertex 78.5151 2.5 1.01508
    endloop
  endfacet
  facet normal -0 1 0
    outer loop
      vertex 79.1964 2.5 0.559853
      vertex 80.8036 2.5 0.559853
      vertex 80 2.5 0.4
    endloop
  endfacet
  facet normal -0.555568 0 0.831471
    outer loop
      vertex 80.8036 13.5 0.559853
      vertex 81.4849 2.5 1.01508
      vertex 81.4849 13.5 1.01508
    endloop
  endfacet
  facet normal -0.555568 0 0.831471
    outer loop
      vertex 81.4849 2.5 1.01508
      vertex 80.8036 13.5 0.559853
      vertex 80.8036 2.5 0.559853
    endloop
  endfacet
  facet normal -0.831479 0 0.555556
    outer loop
      vertex 81.4849 2.5 1.01508
      vertex 81.9401 13.5 1.69636
      vertex 81.4849 13.5 1.01508
    endloop
  endfacet
  facet normal -0.831479 0 0.555556
    outer loop
      vertex 81.9401 13.5 1.69636
      vertex 81.4849 2.5 1.01508
      vertex 81.9401 2.5 1.69636
    endloop
  endfacet
  facet normal -0.195099 0 0.980784
    outer loop
      vertex 80 13.5 0.4
      vertex 80.8036 2.5 0.559853
      vertex 80.8036 13.5 0.559853
    endloop
  endfacet
  facet normal -0.195099 0 0.980784
    outer loop
      vertex 80.8036 2.5 0.559853
      vertex 80 13.5 0.4
      vertex 80 2.5 0.4
    endloop
  endfacet
  facet normal 0.831479 -0 0.555556
    outer loop
      vertex 78.0599 2.5 1.69636
      vertex 78.5151 13.5 1.01508
      vertex 78.0599 13.5 1.69636
    endloop
  endfacet
  facet normal 0.831479 0 0.555556
    outer loop
      vertex 78.5151 13.5 1.01508
      vertex 78.0599 2.5 1.69636
      vertex 78.5151 2.5 1.01508
    endloop
  endfacet
  facet normal 0.555568 0 0.831471
    outer loop
      vertex 78.5151 13.5 1.01508
      vertex 79.1964 2.5 0.559853
      vertex 79.1964 13.5 0.559853
    endloop
  endfacet
  facet normal 0.555568 0 0.831471
    outer loop
      vertex 79.1964 2.5 0.559853
      vertex 78.5151 13.5 1.01508
      vertex 78.5151 2.5 1.01508
    endloop
  endfacet
  facet normal -0.980774 0 -0.195147
    outer loop
      vertex 82.1 2.5 2.5
      vertex 81.9401 13.5 3.30363
      vertex 82.1 13.5 2.5
    endloop
  endfacet
  facet normal -0.980774 -0 -0.195147
    outer loop
      vertex 81.9401 13.5 3.30363
      vertex 82.1 2.5 2.5
      vertex 81.9401 2.5 3.30363
    endloop
  endfacet
  facet normal 0.55557 0 -0.83147
    outer loop
      vertex 78.5151 2.5 3.98492
      vertex 79.1964 13.5 4.44015
      vertex 79.1964 2.5 4.44015
    endloop
  endfacet
  facet normal 0.55557 0 -0.83147
    outer loop
      vertex 79.1964 13.5 4.44015
      vertex 78.5151 2.5 3.98492
      vertex 78.5151 13.5 3.98492
    endloop
  endfacet
  facet normal 0.980774 0 -0.195147
    outer loop
      vertex 78.0599 2.5 3.30363
      vertex 77.9 13.5 2.5
      vertex 78.0599 13.5 3.30363
    endloop
  endfacet
  facet normal 0.980774 0 -0.195147
    outer loop
      vertex 77.9 13.5 2.5
      vertex 78.0599 2.5 3.30363
      vertex 77.9 2.5 2.5
    endloop
  endfacet
  facet normal -0.195095 0 -0.980784
    outer loop
      vertex 80 2.5 4.6
      vertex 80.8036 13.5 4.44015
      vertex 80.8036 2.5 4.44015
    endloop
  endfacet
  facet normal -0.195095 0 -0.980784
    outer loop
      vertex 80.8036 13.5 4.44015
      vertex 80 2.5 4.6
      vertex 80 13.5 4.6
    endloop
  endfacet
  facet normal 0.195095 0 -0.980784
    outer loop
      vertex 79.1964 2.5 4.44015
      vertex 80 13.5 4.6
      vertex 80 2.5 4.6
    endloop
  endfacet
  facet normal 0.195095 0 -0.980784
    outer loop
      vertex 80 13.5 4.6
      vertex 79.1964 2.5 4.44015
      vertex 79.1964 13.5 4.44015
    endloop
  endfacet
  facet normal 0.831483 0 -0.55555
    outer loop
      vertex 78.5151 2.5 3.98492
      vertex 78.0599 13.5 3.30363
      vertex 78.5151 13.5 3.98492
    endloop
  endfacet
  facet normal 0.831483 0 -0.55555
    outer loop
      vertex 78.0599 13.5 3.30363
      vertex 78.5151 2.5 3.98492
      vertex 78.0599 2.5 3.30363
    endloop
  endfacet
  facet normal -0.55557 0 -0.83147
    outer loop
      vertex 80.8036 2.5 4.44015
      vertex 81.4849 13.5 3.98492
      vertex 81.4849 2.5 3.98492
    endloop
  endfacet
  facet normal -0.55557 0 -0.83147
    outer loop
      vertex 81.4849 13.5 3.98492
      vertex 80.8036 2.5 4.44015
      vertex 80.8036 13.5 4.44015
    endloop
  endfacet
  facet normal -0.831483 0 -0.55555
    outer loop
      vertex 81.9401 2.5 3.30363
      vertex 81.4849 13.5 3.98492
      vertex 81.9401 13.5 3.30363
    endloop
  endfacet
  facet normal -0.831483 -0 -0.55555
    outer loop
      vertex 81.4849 13.5 3.98492
      vertex 81.9401 2.5 3.30363
      vertex 81.4849 2.5 3.98492
    endloop
  endfacet
  facet normal -0.980751 0 0.195262
    outer loop
      vertex 111.94 2.5 1.69636
      vertex 112.1 13.5 2.5
      vertex 111.94 13.5 1.69636
    endloop
  endfacet
  facet normal -0.980751 0 0.195262
    outer loop
      vertex 112.1 13.5 2.5
      vertex 111.94 2.5 1.69636
      vertex 112.1 2.5 2.5
    endloop
  endfacet
  facet normal 0.980751 -0 0.195262
    outer loop
      vertex 107.9 2.5 2.5
      vertex 108.06 13.5 1.69636
      vertex 107.9 13.5 2.5
    endloop
  endfacet
  facet normal 0.980751 0 0.195262
    outer loop
      vertex 108.06 13.5 1.69636
      vertex 107.9 2.5 2.5
      vertex 108.06 2.5 1.69636
    endloop
  endfacet
  facet normal 0.195005 0 0.980802
    outer loop
      vertex 109.196 13.5 0.559853
      vertex 110 2.5 0.4
      vertex 110 13.5 0.4
    endloop
  endfacet
  facet normal 0.195005 0 0.980802
    outer loop
      vertex 110 2.5 0.4
      vertex 109.196 13.5 0.559853
      vertex 109.196 2.5 0.559853
    endloop
  endfacet
  facet normal 0 -1 0
    outer loop
      vertex 109.196 13.5 4.44015
      vertex 110.804 13.5 4.44015
      vertex 110 13.5 4.6
    endloop
  endfacet
  facet normal 0 -1 0
    outer loop
      vertex 108.515 13.5 3.98492
      vertex 110.804 13.5 4.44015
      vertex 109.196 13.5 4.44015
    endloop
  endfacet
  facet normal 0 -1 0
    outer loop
      vertex 108.515 13.5 3.98492
      vertex 111.485 13.5 3.98492
      vertex 110.804 13.5 4.44015
    endloop
  endfacet
  facet normal 0 -1 0
    outer loop
      vertex 108.06 13.5 3.30363
      vertex 111.485 13.5 3.98492
      vertex 108.515 13.5 3.98492
    endloop
  endfacet
  facet normal 0 -1 0
    outer loop
      vertex 108.06 13.5 3.30363
      vertex 111.94 13.5 3.30363
      vertex 111.485 13.5 3.98492
    endloop
  endfacet
  facet normal 0 -1 0
    outer loop
      vertex 107.9 13.5 2.5
      vertex 111.94 13.5 3.30363
      vertex 108.06 13.5 3.30363
    endloop
  endfacet
  facet normal 0 -1 0
    outer loop
      vertex 107.9 13.5 2.5
      vertex 112.1 13.5 2.5
      vertex 111.94 13.5 3.30363
    endloop
  endfacet
  facet normal 0 -1 0
    outer loop
      vertex 108.06 13.5 1.69636
      vertex 112.1 13.5 2.5
      vertex 107.9 13.5 2.5
    endloop
  endfacet
  facet normal 0 -1 0
    outer loop
      vertex 108.06 13.5 1.69636
      vertex 111.94 13.5 1.69636
      vertex 112.1 13.5 2.5
    endloop
  endfacet
  facet normal 0 -1 0
    outer loop
      vertex 108.515 13.5 1.01508
      vertex 111.94 13.5 1.69636
      vertex 108.06 13.5 1.69636
    endloop
  endfacet
  facet normal 0 -1 0
    outer loop
      vertex 108.515 13.5 1.01508
      vertex 111.485 13.5 1.01508
      vertex 111.94 13.5 1.69636
    endloop
  endfacet
  facet normal 0 -1 0
    outer loop
      vertex 109.196 13.5 0.559853
      vertex 111.485 13.5 1.01508
      vertex 108.515 13.5 1.01508
    endloop
  endfacet
  facet normal 0 -1 0
    outer loop
      vertex 109.196 13.5 0.559853
      vertex 110.804 13.5 0.559853
      vertex 111.485 13.5 1.01508
    endloop
  endfacet
  facet normal -0 -1 0
    outer loop
      vertex 110.804 13.5 0.559853
      vertex 109.196 13.5 0.559853
      vertex 110 13.5 0.4
    endloop
  endfacet
  facet normal 0 1 0
    outer loop
      vertex 110.804 2.5 4.44015
      vertex 109.196 2.5 4.44015
      vertex 110 2.5 4.6
    endloop
  endfacet
  facet normal 0 1 0
    outer loop
      vertex 111.485 2.5 3.98492
      vertex 109.196 2.5 4.44015
      vertex 110.804 2.5 4.44015
    endloop
  endfacet
  facet normal 0 1 0
    outer loop
      vertex 111.485 2.5 3.98492
      vertex 108.515 2.5 3.98492
      vertex 109.196 2.5 4.44015
    endloop
  endfacet
  facet normal 0 1 0
    outer loop
      vertex 111.94 2.5 3.30363
      vertex 108.515 2.5 3.98492
      vertex 111.485 2.5 3.98492
    endloop
  endfacet
  facet normal 0 1 0
    outer loop
      vertex 111.94 2.5 3.30363
      vertex 108.06 2.5 3.30363
      vertex 108.515 2.5 3.98492
    endloop
  endfacet
  facet normal 0 1 0
    outer loop
      vertex 112.1 2.5 2.5
      vertex 108.06 2.5 3.30363
      vertex 111.94 2.5 3.30363
    endloop
  endfacet
  facet normal 0 1 0
    outer loop
      vertex 112.1 2.5 2.5
      vertex 107.9 2.5 2.5
      vertex 108.06 2.5 3.30363
    endloop
  endfacet
  facet normal 0 1 -0
    outer loop
      vertex 111.94 2.5 1.69636
      vertex 107.9 2.5 2.5
      vertex 112.1 2.5 2.5
    endloop
  endfacet
  facet normal 0 1 0
    outer loop
      vertex 111.94 2.5 1.69636
      vertex 108.06 2.5 1.69636
      vertex 107.9 2.5 2.5
    endloop
  endfacet
  facet normal 0 1 -0
    outer loop
      vertex 111.485 2.5 1.01508
      vertex 108.06 2.5 1.69636
      vertex 111.94 2.5 1.69636
    endloop
  endfacet
  facet normal 0 1 0
    outer loop
      vertex 111.485 2.5 1.01508
      vertex 108.515 2.5 1.01508
      vertex 108.06 2.5 1.69636
    endloop
  endfacet
  facet normal 0 1 -0
    outer loop
      vertex 110.804 2.5 0.559853
      vertex 108.515 2.5 1.01508
      vertex 111.485 2.5 1.01508
    endloop
  endfacet
  facet normal 0 1 0
    outer loop
      vertex 110.804 2.5 0.559853
      vertex 109.196 2.5 0.559853
      vertex 108.515 2.5 1.01508
    endloop
  endfacet
  facet normal -0 1 0
    outer loop
      vertex 109.196 2.5 0.559853
      vertex 110.804 2.5 0.559853
      vertex 110 2.5 0.4
    endloop
  endfacet
  facet normal -0.555737 0 0.831358
    outer loop
      vertex 110.804 13.5 0.559853
      vertex 111.485 2.5 1.01508
      vertex 111.485 13.5 1.01508
    endloop
  endfacet
  facet normal -0.555737 0 0.831358
    outer loop
      vertex 111.485 2.5 1.01508
      vertex 110.804 13.5 0.559853
      vertex 110.804 2.5 0.559853
    endloop
  endfacet
  facet normal -0.831592 0 0.555387
    outer loop
      vertex 111.485 2.5 1.01508
      vertex 111.94 13.5 1.69636
      vertex 111.485 13.5 1.01508
    endloop
  endfacet
  facet normal -0.831592 0 0.555387
    outer loop
      vertex 111.94 13.5 1.69636
      vertex 111.485 2.5 1.01508
      vertex 111.94 2.5 1.69636
    endloop
  endfacet
  facet normal -0.195005 0 0.980802
    outer loop
      vertex 110 13.5 0.4
      vertex 110.804 2.5 0.559853
      vertex 110.804 13.5 0.559853
    endloop
  endfacet
  facet normal -0.195005 0 0.980802
    outer loop
      vertex 110.804 2.5 0.559853
      vertex 110 13.5 0.4
      vertex 110 2.5 0.4
    endloop
  endfacet
  facet normal 0.831592 -0 0.555387
    outer loop
      vertex 108.06 2.5 1.69636
      vertex 108.515 13.5 1.01508
      vertex 108.06 13.5 1.69636
    endloop
  endfacet
  facet normal 0.831592 0 0.555387
    outer loop
      vertex 108.515 13.5 1.01508
      vertex 108.06 2.5 1.69636
      vertex 108.515 2.5 1.01508
    endloop
  endfacet
  facet normal 0.555737 0 0.831358
    outer loop
      vertex 108.515 13.5 1.01508
      vertex 109.196 2.5 0.559853
      vertex 109.196 13.5 0.559853
    endloop
  endfacet
  facet normal 0.555737 0 0.831358
    outer loop
      vertex 109.196 2.5 0.559853
      vertex 108.515 13.5 1.01508
      vertex 108.515 2.5 1.01508
    endloop
  endfacet
  facet normal -0.980751 0 -0.195264
    outer loop
      vertex 112.1 2.5 2.5
      vertex 111.94 13.5 3.30363
      vertex 112.1 13.5 2.5
    endloop
  endfacet
  facet normal -0.980751 -0 -0.195264
    outer loop
      vertex 111.94 13.5 3.30363
      vertex 112.1 2.5 2.5
      vertex 111.94 2.5 3.30363
    endloop
  endfacet
  facet normal 0.555739 0 -0.831357
    outer loop
      vertex 108.515 2.5 3.98492
      vertex 109.196 13.5 4.44015
      vertex 109.196 2.5 4.44015
    endloop
  endfacet
  facet normal 0.555739 0 -0.831357
    outer loop
      vertex 109.196 13.5 4.44015
      vertex 108.515 2.5 3.98492
      vertex 108.515 13.5 3.98492
    endloop
  endfacet
  facet normal 0.980751 0 -0.195264
    outer loop
      vertex 108.06 2.5 3.30363
      vertex 107.9 13.5 2.5
      vertex 108.06 13.5 3.30363
    endloop
  endfacet
  facet normal 0.980751 0 -0.195264
    outer loop
      vertex 107.9 13.5 2.5
      vertex 108.06 2.5 3.30363
      vertex 107.9 2.5 2.5
    endloop
  endfacet
  facet normal -0.195002 0 -0.980803
    outer loop
      vertex 110 2.5 4.6
      vertex 110.804 13.5 4.44015
      vertex 110.804 2.5 4.44015
    endloop
  endfacet
  facet normal -0.195002 0 -0.980803
    outer loop
      vertex 110.804 13.5 4.44015
      vertex 110 2.5 4.6
      vertex 110 13.5 4.6
    endloop
  endfacet
  facet normal 0.195002 0 -0.980803
    outer loop
      vertex 109.196 2.5 4.44015
      vertex 110 13.5 4.6
      vertex 110 2.5 4.6
    endloop
  endfacet
  facet normal 0.195002 0 -0.980803
    outer loop
      vertex 110 13.5 4.6
      vertex 109.196 2.5 4.44015
      vertex 109.196 13.5 4.44015
    endloop
  endfacet
  facet normal 0.831596 0 -0.555382
    outer loop
      vertex 108.515 2.5 3.98492
      vertex 108.06 13.5 3.30363
      vertex 108.515 13.5 3.98492
    endloop
  endfacet
  facet normal 0.831596 0 -0.555382
    outer loop
      vertex 108.06 13.5 3.30363
      vertex 108.515 2.5 3.98492
      vertex 108.06 2.5 3.30363
    endloop
  endfacet
  facet normal -0.555739 0 -0.831357
    outer loop
      vertex 110.804 2.5 4.44015
      vertex 111.485 13.5 3.98492
      vertex 111.485 2.5 3.98492
    endloop
  endfacet
  facet normal -0.555739 0 -0.831357
    outer loop
      vertex 111.485 13.5 3.98492
      vertex 110.804 2.5 4.44015
      vertex 110.804 13.5 4.44015
    endloop
  endfacet
  facet normal -0.831596 0 -0.555382
    outer loop
      vertex 111.94 2.5 3.30363
      vertex 111.485 13.5 3.98492
      vertex 111.94 13.5 3.30363
    endloop
  endfacet
  facet normal -0.831596 -0 -0.555382
    outer loop
      vertex 111.485 13.5 3.98492
      vertex 111.94 2.5 3.30363
      vertex 111.485 2.5 3.98492
    endloop
  endfacet
  facet normal -0.980751 0 0.195262
    outer loop
      vertex 141.94 2.5 1.69636
      vertex 142.1 13.5 2.5
      vertex 141.94 13.5 1.69636
    endloop
  endfacet
  facet normal -0.980751 0 0.195262
    outer loop
      vertex 142.1 13.5 2.5
      vertex 141.94 2.5 1.69636
      vertex 142.1 2.5 2.5
    endloop
  endfacet
  facet normal 0.980751 -0 0.195262
    outer loop
      vertex 137.9 2.5 2.5
      vertex 138.06 13.5 1.69636
      vertex 137.9 13.5 2.5
    endloop
  endfacet
  facet normal 0.980751 0 0.195262
    outer loop
      vertex 138.06 13.5 1.69636
      vertex 137.9 2.5 2.5
      vertex 138.06 2.5 1.69636
    endloop
  endfacet
  facet normal -0.195005 0 0.980802
    outer loop
      vertex 140 13.5 0.4
      vertex 140.804 2.5 0.559853
      vertex 140.804 13.5 0.559853
    endloop
  endfacet
  facet normal -0.195005 0 0.980802
    outer loop
      vertex 140.804 2.5 0.559853
      vertex 140 13.5 0.4
      vertex 140 2.5 0.4
    endloop
  endfacet
  facet normal 0 -1 0
    outer loop
      vertex 139.196 13.5 4.44015
      vertex 140.804 13.5 4.44015
      vertex 140 13.5 4.6
    endloop
  endfacet
  facet normal 0 -1 0
    outer loop
      vertex 138.515 13.5 3.98492
      vertex 140.804 13.5 4.44015
      vertex 139.196 13.5 4.44015
    endloop
  endfacet
  facet normal 0 -1 0
    outer loop
      vertex 138.515 13.5 3.98492
      vertex 141.485 13.5 3.98492
      vertex 140.804 13.5 4.44015
    endloop
  endfacet
  facet normal 0 -1 0
    outer loop
      vertex 138.06 13.5 3.30363
      vertex 141.485 13.5 3.98492
      vertex 138.515 13.5 3.98492
    endloop
  endfacet
  facet normal 0 -1 0
    outer loop
      vertex 138.06 13.5 3.30363
      vertex 141.94 13.5 3.30363
      vertex 141.485 13.5 3.98492
    endloop
  endfacet
  facet normal 0 -1 0
    outer loop
      vertex 137.9 13.5 2.5
      vertex 141.94 13.5 3.30363
      vertex 138.06 13.5 3.30363
    endloop
  endfacet
  facet normal 0 -1 0
    outer loop
      vertex 137.9 13.5 2.5
      vertex 142.1 13.5 2.5
      vertex 141.94 13.5 3.30363
    endloop
  endfacet
  facet normal 0 -1 0
    outer loop
      vertex 138.06 13.5 1.69636
      vertex 142.1 13.5 2.5
      vertex 137.9 13.5 2.5
    endloop
  endfacet
  facet normal 0 -1 0
    outer loop
      vertex 138.06 13.5 1.69636
      vertex 141.94 13.5 1.69636
      vertex 142.1 13.5 2.5
    endloop
  endfacet
  facet normal 0 -1 0
    outer loop
      vertex 138.515 13.5 1.01508
      vertex 141.94 13.5 1.69636
      vertex 138.06 13.5 1.69636
    endloop
  endfacet
  facet normal 0 -1 0
    outer loop
      vertex 138.515 13.5 1.01508
      vertex 141.485 13.5 1.01508
      vertex 141.94 13.5 1.69636
    endloop
  endfacet
  facet normal 0 -1 0
    outer loop
      vertex 139.196 13.5 0.559853
      vertex 141.485 13.5 1.01508
      vertex 138.515 13.5 1.01508
    endloop
  endfacet
  facet normal 0 -1 0
    outer loop
      vertex 139.196 13.5 0.559853
      vertex 140.804 13.5 0.559853
      vertex 141.485 13.5 1.01508
    endloop
  endfacet
  facet normal -0 -1 0
    outer loop
      vertex 140.804 13.5 0.559853
      vertex 139.196 13.5 0.559853
      vertex 140 13.5 0.4
    endloop
  endfacet
  facet normal -0.195002 0 -0.980803
    outer loop
      vertex 140 2.5 4.6
      vertex 140.804 13.5 4.44015
      vertex 140.804 2.5 4.44015
    endloop
  endfacet
  facet normal -0.195002 0 -0.980803
    outer loop
      vertex 140.804 13.5 4.44015
      vertex 140 2.5 4.6
      vertex 140 13.5 4.6
    endloop
  endfacet
  facet normal 0.195002 0 -0.980803
    outer loop
      vertex 139.196 2.5 4.44015
      vertex 140 13.5 4.6
      vertex 140 2.5 4.6
    endloop
  endfacet
  facet normal 0.195002 0 -0.980803
    outer loop
      vertex 140 13.5 4.6
      vertex 139.196 2.5 4.44015
      vertex 139.196 13.5 4.44015
    endloop
  endfacet
  facet normal -0.555737 0 0.831358
    outer loop
      vertex 140.804 13.5 0.559853
      vertex 141.485 2.5 1.01508
      vertex 141.485 13.5 1.01508
    endloop
  endfacet
  facet normal -0.555737 0 0.831358
    outer loop
      vertex 141.485 2.5 1.01508
      vertex 140.804 13.5 0.559853
      vertex 140.804 2.5 0.559853
    endloop
  endfacet
  facet normal -0.831592 0 0.555387
    outer loop
      vertex 141.485 2.5 1.01508
      vertex 141.94 13.5 1.69636
      vertex 141.485 13.5 1.01508
    endloop
  endfacet
  facet normal -0.831592 0 0.555387
    outer loop
      vertex 141.94 13.5 1.69636
      vertex 141.485 2.5 1.01508
      vertex 141.94 2.5 1.69636
    endloop
  endfacet
  facet normal 0.195005 0 0.980802
    outer loop
      vertex 139.196 13.5 0.559853
      vertex 140 2.5 0.4
      vertex 140 13.5 0.4
    endloop
  endfacet
  facet normal 0.195005 0 0.980802
    outer loop
      vertex 140 2.5 0.4
      vertex 139.196 13.5 0.559853
      vertex 139.196 2.5 0.559853
    endloop
  endfacet
  facet normal 0.555737 0 0.831358
    outer loop
      vertex 138.515 13.5 1.01508
      vertex 139.196 2.5 0.559853
      vertex 139.196 13.5 0.559853
    endloop
  endfacet
  facet normal 0.555737 0 0.831358
    outer loop
      vertex 139.196 2.5 0.559853
      vertex 138.515 13.5 1.01508
      vertex 138.515 2.5 1.01508
    endloop
  endfacet
  facet normal 0.831592 -0 0.555387
    outer loop
      vertex 138.06 2.5 1.69636
      vertex 138.515 13.5 1.01508
      vertex 138.06 13.5 1.69636
    endloop
  endfacet
  facet normal 0.831592 0 0.555387
    outer loop
      vertex 138.515 13.5 1.01508
      vertex 138.06 2.5 1.69636
      vertex 138.515 2.5 1.01508
    endloop
  endfacet
  facet normal 0.980751 0 -0.195264
    outer loop
      vertex 138.06 2.5 3.30363
      vertex 137.9 13.5 2.5
      vertex 138.06 13.5 3.30363
    endloop
  endfacet
  facet normal 0.980751 0 -0.195264
    outer loop
      vertex 137.9 13.5 2.5
      vertex 138.06 2.5 3.30363
      vertex 137.9 2.5 2.5
    endloop
  endfacet
  facet normal 0.555739 0 -0.831357
    outer loop
      vertex 138.515 2.5 3.98492
      vertex 139.196 13.5 4.44015
      vertex 139.196 2.5 4.44015
    endloop
  endfacet
  facet normal 0.555739 0 -0.831357
    outer loop
      vertex 139.196 13.5 4.44015
      vertex 138.515 2.5 3.98492
      vertex 138.515 13.5 3.98492
    endloop
  endfacet
  facet normal 0 1 0
    outer loop
      vertex 140.804 2.5 4.44015
      vertex 139.196 2.5 4.44015
      vertex 140 2.5 4.6
    endloop
  endfacet
  facet normal 0 1 0
    outer loop
      vertex 141.485 2.5 3.98492
      vertex 139.196 2.5 4.44015
      vertex 140.804 2.5 4.44015
    endloop
  endfacet
  facet normal 0 1 0
    outer loop
      vertex 141.485 2.5 3.98492
      vertex 138.515 2.5 3.98492
      vertex 139.196 2.5 4.44015
    endloop
  endfacet
  facet normal 0 1 0
    outer loop
      vertex 141.94 2.5 3.30363
      vertex 138.515 2.5 3.98492
      vertex 141.485 2.5 3.98492
    endloop
  endfacet
  facet normal 0 1 0
    outer loop
      vertex 141.94 2.5 3.30363
      vertex 138.06 2.5 3.30363
      vertex 138.515 2.5 3.98492
    endloop
  endfacet
  facet normal 0 1 0
    outer loop
      vertex 142.1 2.5 2.5
      vertex 138.06 2.5 3.30363
      vertex 141.94 2.5 3.30363
    endloop
  endfacet
  facet normal 0 1 0
    outer loop
      vertex 142.1 2.5 2.5
      vertex 137.9 2.5 2.5
      vertex 138.06 2.5 3.30363
    endloop
  endfacet
  facet normal 0 1 -0
    outer loop
      vertex 141.94 2.5 1.69636
      vertex 137.9 2.5 2.5
      vertex 142.1 2.5 2.5
    endloop
  endfacet
  facet normal 0 1 0
    outer loop
      vertex 141.94 2.5 1.69636
      vertex 138.06 2.5 1.69636
      vertex 137.9 2.5 2.5
    endloop
  endfacet
  facet normal 0 1 -0
    outer loop
      vertex 141.485 2.5 1.01508
      vertex 138.06 2.5 1.69636
      vertex 141.94 2.5 1.69636
    endloop
  endfacet
  facet normal 0 1 0
    outer loop
      vertex 141.485 2.5 1.01508
      vertex 138.515 2.5 1.01508
      vertex 138.06 2.5 1.69636
    endloop
  endfacet
  facet normal 0 1 -0
    outer loop
      vertex 140.804 2.5 0.559853
      vertex 138.515 2.5 1.01508
      vertex 141.485 2.5 1.01508
    endloop
  endfacet
  facet normal 0 1 0
    outer loop
      vertex 140.804 2.5 0.559853
      vertex 139.196 2.5 0.559853
      vertex 138.515 2.5 1.01508
    endloop
  endfacet
  facet normal -0 1 0
    outer loop
      vertex 139.196 2.5 0.559853
      vertex 140.804 2.5 0.559853
      vertex 140 2.5 0.4
    endloop
  endfacet
  facet normal -0.555739 0 -0.831357
    outer loop
      vertex 140.804 2.5 4.44015
      vertex 141.485 13.5 3.98492
      vertex 141.485 2.5 3.98492
    endloop
  endfacet
  facet normal -0.555739 0 -0.831357
    outer loop
      vertex 141.485 13.5 3.98492
      vertex 140.804 2.5 4.44015
      vertex 140.804 13.5 4.44015
    endloop
  endfacet
  facet normal -0.980751 0 -0.195264
    outer loop
      vertex 142.1 2.5 2.5
      vertex 141.94 13.5 3.30363
      vertex 142.1 13.5 2.5
    endloop
  endfacet
  facet normal -0.980751 -0 -0.195264
    outer loop
      vertex 141.94 13.5 3.30363
      vertex 142.1 2.5 2.5
      vertex 141.94 2.5 3.30363
    endloop
  endfacet
  facet normal 0.831596 0 -0.555382
    outer loop
      vertex 138.515 2.5 3.98492
      vertex 138.06 13.5 3.30363
      vertex 138.515 13.5 3.98492
    endloop
  endfacet
  facet normal 0.831596 0 -0.555382
    outer loop
      vertex 138.06 13.5 3.30363
      vertex 138.515 2.5 3.98492
      vertex 138.06 2.5 3.30363
    endloop
  endfacet
  facet normal -0.831596 0 -0.555382
    outer loop
      vertex 141.94 2.5 3.30363
      vertex 141.485 13.5 3.98492
      vertex 141.94 13.5 3.30363
    endloop
  endfacet
  facet normal -0.831596 -0 -0.555382
    outer loop
      vertex 141.485 13.5 3.98492
      vertex 141.94 2.5 3.30363
      vertex 141.485 2.5 3.98492
    endloop
  endfacet
  facet normal -1 0 0
    outer loop
      vertex 3 77.3 5
      vertex 3 62.65 22.5
      vertex 3 77.3 40
    endloop
  endfacet
  facet normal -1 0 0
    outer loop
      vertex 3 77.3 5
      vertex 3 62.4597 21.5433
      vertex 3 62.65 22.5
    endloop
  endfacet
  facet normal -1 0 0
    outer loop
      vertex 3 77.3 5
      vertex 3 61.9178 20.7322
      vertex 3 62.4597 21.5433
    endloop
  endfacet
  facet normal -1 0 0
    outer loop
      vertex 3 77.3 5
      vertex 3 61.1067 20.1903
      vertex 3 61.9178 20.7322
    endloop
  endfacet
  facet normal -1 0 0
    outer loop
      vertex 3 77.3 5
      vertex 3 60.15 20
      vertex 3 61.1067 20.1903
    endloop
  endfacet
  facet normal -1 0 0
    outer loop
      vertex 3 77.3 5
      vertex 3 59.1933 20.1903
      vertex 3 60.15 20
    endloop
  endfacet
  facet normal -1 0 0
    outer loop
      vertex 3 51.1067 20.1903
      vertex 3 59.1933 20.1903
      vertex 3 77.3 5
    endloop
  endfacet
  facet normal -1 0 0
    outer loop
      vertex 3 57.8403 21.5433
      vertex 3 52.65 22.5
      vertex 3 57.65 22.5
    endloop
  endfacet
  facet normal -1 0 0
    outer loop
      vertex 3 52.4597 21.5433
      vertex 3 57.8403 21.5433
      vertex 3 58.3822 20.7322
    endloop
  endfacet
  facet normal -1 0 0
    outer loop
      vertex 3 59.1933 20.1903
      vertex 3 51.1067 20.1903
      vertex 3 58.3822 20.7322
    endloop
  endfacet
  facet normal -1 0 0
    outer loop
      vertex 3 57.8403 21.5433
      vertex 3 52.4597 21.5433
      vertex 3 52.65 22.5
    endloop
  endfacet
  facet normal -1 0 0
    outer loop
      vertex 3 58.3822 20.7322
      vertex 3 51.9178 20.7322
      vertex 3 52.4597 21.5433
    endloop
  endfacet
  facet normal -1 -0 0
    outer loop
      vertex 3 58.3822 20.7322
      vertex 3 51.1067 20.1903
      vertex 3 51.9178 20.7322
    endloop
  endfacet
  facet normal -1 0 0
    outer loop
      vertex 3 77.3 5
      vertex 3 50.15 20
      vertex 3 51.1067 20.1903
    endloop
  endfacet
  facet normal -1 0 0
    outer loop
      vertex 3 40.15 20
      vertex 3 50.15 20
      vertex 3 77.3 5
    endloop
  endfacet
  facet normal -1 0 0
    outer loop
      vertex 3 47.8403 21.5433
      vertex 3 42.65 22.5
      vertex 3 47.65 22.5
    endloop
  endfacet
  facet normal -1 0 0
    outer loop
      vertex 3 42.4597 21.5433
      vertex 3 47.8403 21.5433
      vertex 3 48.3822 20.7322
    endloop
  endfacet
  facet normal -1 0 0
    outer loop
      vertex 3 41.9178 20.7322
      vertex 3 48.3822 20.7322
      vertex 3 49.1933 20.1903
    endloop
  endfacet
  facet normal -1 0 0
    outer loop
      vertex 3 50.15 20
      vertex 3 40.15 20
      vertex 3 49.1933 20.1903
    endloop
  endfacet
  facet normal -1 0 0
    outer loop
      vertex 3 47.8403 21.5433
      vertex 3 42.4597 21.5433
      vertex 3 42.65 22.5
    endloop
  endfacet
  facet normal -1 0 0
    outer loop
      vertex 3 48.3822 20.7322
      vertex 3 41.9178 20.7322
      vertex 3 42.4597 21.5433
    endloop
  endfacet
  facet normal -1 0 0
    outer loop
      vertex 3 49.1933 20.1903
      vertex 3 41.1067 20.1903
      vertex 3 41.9178 20.7322
    endloop
  endfacet
  facet normal -1 -0 0
    outer loop
      vertex 3 49.1933 20.1903
      vertex 3 40.15 20
      vertex 3 41.1067 20.1903
    endloop
  endfacet
  facet normal -1 0 0
    outer loop
      vertex 3 3 5
      vertex 3 40.15 20
      vertex 3 77.3 5
    endloop
  endfacet
  facet normal -1 0 0
    outer loop
      vertex 3 37.8403 21.5433
      vertex 3 32.65 22.5
      vertex 3 37.65 22.5
    endloop
  endfacet
  facet normal -1 0 0
    outer loop
      vertex 3 32.4597 21.5433
      vertex 3 37.8403 21.5433
      vertex 3 38.3822 20.7322
    endloop
  endfacet
  facet normal -1 0 0
    outer loop
      vertex 3 31.9178 20.7322
      vertex 3 38.3822 20.7322
      vertex 3 39.1933 20.1903
    endloop
  endfacet
  facet normal -1 0 -0
    outer loop
      vertex 3 30.15 20
      vertex 3 40.15 20
      vertex 3 3 5
    endloop
  endfacet
  facet normal -1 0 0
    outer loop
      vertex 3 37.8403 21.5433
      vertex 3 32.4597 21.5433
      vertex 3 32.65 22.5
    endloop
  endfacet
  facet normal -1 0 0
    outer loop
      vertex 3 38.3822 20.7322
      vertex 3 31.9178 20.7322
      vertex 3 32.4597 21.5433
    endloop
  endfacet
  facet normal -1 0 0
    outer loop
      vertex 3 39.1933 20.1903
      vertex 3 31.1067 20.1903
      vertex 3 31.9178 20.7322
    endloop
  endfacet
  facet normal -1 -0 0
    outer loop
      vertex 3 39.1933 20.1903
      vertex 3 30.15 20
      vertex 3 31.1067 20.1903
    endloop
  endfacet
  facet normal -1 0 0
    outer loop
      vertex 3 40.15 20
      vertex 3 30.15 20
      vertex 3 39.1933 20.1903
    endloop
  endfacet
  facet normal -1 0 0
    outer loop
      vertex 3 27.8403 21.5433
      vertex 3 22.65 22.5
      vertex 3 27.65 22.5
    endloop
  endfacet
  facet normal -1 0 0
    outer loop
      vertex 3 22.4597 21.5433
      vertex 3 27.8403 21.5433
      vertex 3 28.3822 20.7322
    endloop
  endfacet
  facet normal -1 0 0
    outer loop
      vertex 3 21.9178 20.7322
      vertex 3 28.3822 20.7322
      vertex 3 29.1933 20.1903
    endloop
  endfacet
  facet normal -1 0 0
    outer loop
      vertex 3 27.8403 21.5433
      vertex 3 22.4597 21.5433
      vertex 3 22.65 22.5
    endloop
  endfacet
  facet normal -1 -0 0
    outer loop
      vertex 3 30.15 20
      vertex 3 3 5
      vertex 3 29.1933 20.1903
    endloop
  endfacet
  facet normal -1 0 0
    outer loop
      vertex 3 28.3822 20.7322
      vertex 3 21.9178 20.7322
      vertex 3 22.4597 21.5433
    endloop
  endfacet
  facet normal -1 0 0
    outer loop
      vertex 3 29.1933 20.1903
      vertex 3 21.1067 20.1903
      vertex 3 21.9178 20.7322
    endloop
  endfacet
  facet normal -1 -0 0
    outer loop
      vertex 3 29.1933 20.1903
      vertex 3 3 5
      vertex 3 21.1067 20.1903
    endloop
  endfacet
  facet normal -1 0 0
    outer loop
      vertex 3 21.1067 20.1903
      vertex 3 3 5
      vertex 3 20.15 20
    endloop
  endfacet
  facet normal -1 -0 0
    outer loop
      vertex 3 17.8403 21.5433
      vertex 3 3 5
      vertex 3 17.65 22.5
    endloop
  endfacet
  facet normal -1 -0 0
    outer loop
      vertex 3 18.3822 20.7322
      vertex 3 3 5
      vertex 3 17.8403 21.5433
    endloop
  endfacet
  facet normal -1 -0 0
    outer loop
      vertex 3 19.1933 20.1903
      vertex 3 3 5
      vertex 3 18.3822 20.7322
    endloop
  endfacet
  facet normal -1 -0 0
    outer loop
      vertex 3 20.15 20
      vertex 3 3 5
      vertex 3 19.1933 20.1903
    endloop
  endfacet
  facet normal -1 0 0
    outer loop
      vertex 3 62.4597 23.4567
      vertex 3 77.3 40
      vertex 3 62.65 22.5
    endloop
  endfacet
  facet normal -1 0 0
    outer loop
      vertex 3 61.9178 24.2678
      vertex 3 77.3 40
      vertex 3 62.4597 23.4567
    endloop
  endfacet
  facet normal -1 0 0
    outer loop
      vertex 3 61.1067 24.8097
      vertex 3 77.3 40
      vertex 3 61.9178 24.2678
    endloop
  endfacet
  facet normal -1 0 0
    outer loop
      vertex 3 60.15 25
      vertex 3 77.3 40
      vertex 3 61.1067 24.8097
    endloop
  endfacet
  facet normal -1 0 0
    outer loop
      vertex 3 59.1933 24.8097
      vertex 3 77.3 40
      vertex 3 60.15 25
    endloop
  endfacet
  facet normal -1 0 0
    outer loop
      vertex 3 51.1067 24.8097
      vertex 3 59.1933 24.8097
      vertex 3 58.3822 24.2678
    endloop
  endfacet
  facet normal -1 0 0
    outer loop
      vertex 3 52.65 22.5
      vertex 3 57.8403 23.4567
      vertex 3 57.65 22.5
    endloop
  endfacet
  facet normal -1 0 0
    outer loop
      vertex 3 52.4597 23.4567
      vertex 3 57.8403 23.4567
      vertex 3 52.65 22.5
    endloop
  endfacet
  facet normal -1 0 0
    outer loop
      vertex 3 57.8403 23.4567
      vertex 3 52.4597 23.4567
      vertex 3 58.3822 24.2678
    endloop
  endfacet
  facet normal -1 0 0
    outer loop
      vertex 3 51.9178 24.2678
      vertex 3 58.3822 24.2678
      vertex 3 52.4597 23.4567
    endloop
  endfacet
  facet normal -1 0 0
    outer loop
      vertex 3 51.1067 24.8097
      vertex 3 58.3822 24.2678
      vertex 3 51.9178 24.2678
    endloop
  endfacet
  facet normal -1 0 0
    outer loop
      vertex 3 59.1933 24.8097
      vertex 3 51.1067 24.8097
      vertex 3 77.3 40
    endloop
  endfacet
  facet normal -1 0 0
    outer loop
      vertex 3 50.15 25
      vertex 3 77.3 40
      vertex 3 51.1067 24.8097
    endloop
  endfacet
  facet normal -1 0 0
    outer loop
      vertex 3 40.15 25
      vertex 3 50.15 25
      vertex 3 49.1933 24.8097
    endloop
  endfacet
  facet normal -1 0 0
    outer loop
      vertex 3 42.65 22.5
      vertex 3 47.8403 23.4567
      vertex 3 47.65 22.5
    endloop
  endfacet
  facet normal -1 0 0
    outer loop
      vertex 3 42.4597 23.4567
      vertex 3 47.8403 23.4567
      vertex 3 42.65 22.5
    endloop
  endfacet
  facet normal -1 0 0
    outer loop
      vertex 3 47.8403 23.4567
      vertex 3 42.4597 23.4567
      vertex 3 48.3822 24.2678
    endloop
  endfacet
  facet normal -1 0 0
    outer loop
      vertex 3 41.9178 24.2678
      vertex 3 48.3822 24.2678
      vertex 3 42.4597 23.4567
    endloop
  endfacet
  facet normal -1 0 0
    outer loop
      vertex 3 48.3822 24.2678
      vertex 3 41.9178 24.2678
      vertex 3 49.1933 24.8097
    endloop
  endfacet
  facet normal -1 0 0
    outer loop
      vertex 3 41.1067 24.8097
      vertex 3 49.1933 24.8097
      vertex 3 41.9178 24.2678
    endloop
  endfacet
  facet normal -1 0 0
    outer loop
      vertex 3 40.15 25
      vertex 3 49.1933 24.8097
      vertex 3 41.1067 24.8097
    endloop
  endfacet
  facet normal -1 0 0
    outer loop
      vertex 3 50.15 25
      vertex 3 40.15 25
      vertex 3 77.3 40
    endloop
  endfacet
  facet normal -1 0 0
    outer loop
      vertex 3 30.15 25
      vertex 3 40.15 25
      vertex 3 39.1933 24.8097
    endloop
  endfacet
  facet normal -1 0 0
    outer loop
      vertex 3 32.65 22.5
      vertex 3 37.8403 23.4567
      vertex 3 37.65 22.5
    endloop
  endfacet
  facet normal -1 0 0
    outer loop
      vertex 3 32.4597 23.4567
      vertex 3 37.8403 23.4567
      vertex 3 32.65 22.5
    endloop
  endfacet
  facet normal -1 0 0
    outer loop
      vertex 3 37.8403 23.4567
      vertex 3 32.4597 23.4567
      vertex 3 38.3822 24.2678
    endloop
  endfacet
  facet normal -1 0 0
    outer loop
      vertex 3 31.9178 24.2678
      vertex 3 38.3822 24.2678
      vertex 3 32.4597 23.4567
    endloop
  endfacet
  facet normal -1 0 0
    outer loop
      vertex 3 38.3822 24.2678
      vertex 3 31.9178 24.2678
      vertex 3 39.1933 24.8097
    endloop
  endfacet
  facet normal -1 0 0
    outer loop
      vertex 3 31.1067 24.8097
      vertex 3 39.1933 24.8097
      vertex 3 31.9178 24.2678
    endloop
  endfacet
  facet normal -1 0 0
    outer loop
      vertex 3 30.15 25
      vertex 3 39.1933 24.8097
      vertex 3 31.1067 24.8097
    endloop
  endfacet
  facet normal -1 0 0
    outer loop
      vertex 3 40.15 25
      vertex 3 30.15 25
      vertex 3 3 40
    endloop
  endfacet
  facet normal -1 0 0
    outer loop
      vertex 3 3 40
      vertex 3 30.15 25
      vertex 3 29.1933 24.8097
    endloop
  endfacet
  facet normal -1 0 0
    outer loop
      vertex 3 22.65 22.5
      vertex 3 27.8403 23.4567
      vertex 3 27.65 22.5
    endloop
  endfacet
  facet normal -1 0 0
    outer loop
      vertex 3 22.4597 23.4567
      vertex 3 27.8403 23.4567
      vertex 3 22.65 22.5
    endloop
  endfacet
  facet normal -1 0 0
    outer loop
      vertex 3 27.8403 23.4567
      vertex 3 22.4597 23.4567
      vertex 3 28.3822 24.2678
    endloop
  endfacet
  facet normal -1 0 0
    outer loop
      vertex 3 21.9178 24.2678
      vertex 3 28.3822 24.2678
      vertex 3 22.4597 23.4567
    endloop
  endfacet
  facet normal -1 0 0
    outer loop
      vertex 3 28.3822 24.2678
      vertex 3 21.9178 24.2678
      vertex 3 29.1933 24.8097
    endloop
  endfacet
  facet normal -1 0 0
    outer loop
      vertex 3 21.1067 24.8097
      vertex 3 29.1933 24.8097
      vertex 3 21.9178 24.2678
    endloop
  endfacet
  facet normal -1 0 0
    outer loop
      vertex 3 3 40
      vertex 3 29.1933 24.8097
      vertex 3 21.1067 24.8097
    endloop
  endfacet
  facet normal -1 0 0
    outer loop
      vertex 3 3 40
      vertex 3 21.1067 24.8097
      vertex 3 20.15 25
    endloop
  endfacet
  facet normal -1 0 0
    outer loop
      vertex 3 3 40
      vertex 3 20.15 25
      vertex 3 19.1933 24.8097
    endloop
  endfacet
  facet normal -1 0 0
    outer loop
      vertex 3 3 40
      vertex 3 17.65 22.5
      vertex 3 3 5
    endloop
  endfacet
  facet normal -1 0 0
    outer loop
      vertex 3 17.65 22.5
      vertex 3 3 40
      vertex 3 17.8403 23.4567
    endloop
  endfacet
  facet normal -1 0 0
    outer loop
      vertex 3 40.15 25
      vertex 3 3 40
      vertex 3 77.3 40
    endloop
  endfacet
  facet normal -1 0 0
    outer loop
      vertex 3 18.3822 24.2678
      vertex 3 3 40
      vertex 3 19.1933 24.8097
    endloop
  endfacet
  facet normal -1 0 0
    outer loop
      vertex 3 17.8403 23.4567
      vertex 3 3 40
      vertex 3 18.3822 24.2678
    endloop
  endfacet
  facet normal 0 0 1
    outer loop
      vertex 74.75 77.3 40
      vertex 6 74.3 40
      vertex 74.75 74.3 40
    endloop
  endfacet
  facet normal 0 0 1
    outer loop
      vertex 6 74.3 40
      vertex 3 77.3 40
      vertex 6 6 40
    endloop
  endfacet
  facet normal -0 0 1
    outer loop
      vertex 3 77.3 40
      vertex 6 74.3 40
      vertex 74.75 77.3 40
    endloop
  endfacet
  facet normal 0 0 1
    outer loop
      vertex 102.5 6 40
      vertex 105.5 77.3 40
      vertex 102.5 77.3 40
    endloop
  endfacet
  facet normal 0 0 1
    outer loop
      vertex 105.5 77.3 40
      vertex 102.5 6 40
      vertex 105.5 3 40
    endloop
  endfacet
  facet normal -0 0 1
    outer loop
      vertex 6 6 40
      vertex 105.5 3 40
      vertex 102.5 6 40
    endloop
  endfacet
  facet normal 0 0 1
    outer loop
      vertex 6 6 40
      vertex 3 3 40
      vertex 105.5 3 40
    endloop
  endfacet
  facet normal 0 0 1
    outer loop
      vertex 3 3 40
      vertex 6 6 40
      vertex 3 77.3 40
    endloop
  endfacet
  facet normal 1 0 0
    outer loop
      vertex 105.5 77.3 40
      vertex 105.5 62.65 22.5
      vertex 105.5 77.3 5
    endloop
  endfacet
  facet normal 1 0 0
    outer loop
      vertex 105.5 77.3 40
      vertex 105.5 62.4597 23.4567
      vertex 105.5 62.65 22.5
    endloop
  endfacet
  facet normal 1 0 0
    outer loop
      vertex 105.5 77.3 40
      vertex 105.5 61.9178 24.2678
      vertex 105.5 62.4597 23.4567
    endloop
  endfacet
  facet normal 1 0 0
    outer loop
      vertex 105.5 77.3 40
      vertex 105.5 61.1067 24.8097
      vertex 105.5 61.9178 24.2678
    endloop
  endfacet
  facet normal 1 0 0
    outer loop
      vertex 105.5 77.3 40
      vertex 105.5 60.15 25
      vertex 105.5 61.1067 24.8097
    endloop
  endfacet
  facet normal 1 0 0
    outer loop
      vertex 105.5 77.3 40
      vertex 105.5 59.1933 24.8097
      vertex 105.5 60.15 25
    endloop
  endfacet
  facet normal 1 0 0
    outer loop
      vertex 105.5 51.1067 24.8097
      vertex 105.5 59.1933 24.8097
      vertex 105.5 77.3 40
    endloop
  endfacet
  facet normal 1 0 0
    outer loop
      vertex 105.5 57.8403 23.4567
      vertex 105.5 52.65 22.5
      vertex 105.5 57.65 22.5
    endloop
  endfacet
  facet normal 1 0 0
    outer loop
      vertex 105.5 52.4597 23.4567
      vertex 105.5 57.8403 23.4567
      vertex 105.5 58.3822 24.2678
    endloop
  endfacet
  facet normal 1 0 0
    outer loop
      vertex 105.5 59.1933 24.8097
      vertex 105.5 51.1067 24.8097
      vertex 105.5 58.3822 24.2678
    endloop
  endfacet
  facet normal 1 0 0
    outer loop
      vertex 105.5 57.8403 23.4567
      vertex 105.5 52.4597 23.4567
      vertex 105.5 52.65 22.5
    endloop
  endfacet
  facet normal 1 0 0
    outer loop
      vertex 105.5 58.3822 24.2678
      vertex 105.5 51.9178 24.2678
      vertex 105.5 52.4597 23.4567
    endloop
  endfacet
  facet normal 1 0 0
    outer loop
      vertex 105.5 58.3822 24.2678
      vertex 105.5 51.1067 24.8097
      vertex 105.5 51.9178 24.2678
    endloop
  endfacet
  facet normal 1 0 0
    outer loop
      vertex 105.5 77.3 40
      vertex 105.5 50.15 25
      vertex 105.5 51.1067 24.8097
    endloop
  endfacet
  facet normal 1 0 0
    outer loop
      vertex 105.5 40.15 25
      vertex 105.5 50.15 25
      vertex 105.5 77.3 40
    endloop
  endfacet
  facet normal 1 0 0
    outer loop
      vertex 105.5 47.8403 23.4567
      vertex 105.5 42.65 22.5
      vertex 105.5 47.65 22.5
    endloop
  endfacet
  facet normal 1 0 0
    outer loop
      vertex 105.5 42.4597 23.4567
      vertex 105.5 47.8403 23.4567
      vertex 105.5 48.3822 24.2678
    endloop
  endfacet
  facet normal 1 0 0
    outer loop
      vertex 105.5 41.9178 24.2678
      vertex 105.5 48.3822 24.2678
      vertex 105.5 49.1933 24.8097
    endloop
  endfacet
  facet normal 1 0 0
    outer loop
      vertex 105.5 50.15 25
      vertex 105.5 40.15 25
      vertex 105.5 49.1933 24.8097
    endloop
  endfacet
  facet normal 1 0 0
    outer loop
      vertex 105.5 47.8403 23.4567
      vertex 105.5 42.4597 23.4567
      vertex 105.5 42.65 22.5
    endloop
  endfacet
  facet normal 1 0 0
    outer loop
      vertex 105.5 48.3822 24.2678
      vertex 105.5 41.9178 24.2678
      vertex 105.5 42.4597 23.4567
    endloop
  endfacet
  facet normal 1 0 0
    outer loop
      vertex 105.5 49.1933 24.8097
      vertex 105.5 41.1067 24.8097
      vertex 105.5 41.9178 24.2678
    endloop
  endfacet
  facet normal 1 0 0
    outer loop
      vertex 105.5 49.1933 24.8097
      vertex 105.5 40.15 25
      vertex 105.5 41.1067 24.8097
    endloop
  endfacet
  facet normal 1 -0 0
    outer loop
      vertex 105.5 3 40
      vertex 105.5 40.15 25
      vertex 105.5 77.3 40
    endloop
  endfacet
  facet normal 1 0 0
    outer loop
      vertex 105.5 37.8403 23.4567
      vertex 105.5 32.65 22.5
      vertex 105.5 37.65 22.5
    endloop
  endfacet
  facet normal 1 0 0
    outer loop
      vertex 105.5 32.4597 23.4567
      vertex 105.5 37.8403 23.4567
      vertex 105.5 38.3822 24.2678
    endloop
  endfacet
  facet normal 1 0 0
    outer loop
      vertex 105.5 31.9178 24.2678
      vertex 105.5 38.3822 24.2678
      vertex 105.5 39.1933 24.8097
    endloop
  endfacet
  facet normal 1 0 -0
    outer loop
      vertex 105.5 30.15 25
      vertex 105.5 40.15 25
      vertex 105.5 3 40
    endloop
  endfacet
  facet normal 1 0 0
    outer loop
      vertex 105.5 37.8403 23.4567
      vertex 105.5 32.4597 23.4567
      vertex 105.5 32.65 22.5
    endloop
  endfacet
  facet normal 1 0 0
    outer loop
      vertex 105.5 38.3822 24.2678
      vertex 105.5 31.9178 24.2678
      vertex 105.5 32.4597 23.4567
    endloop
  endfacet
  facet normal 1 0 0
    outer loop
      vertex 105.5 39.1933 24.8097
      vertex 105.5 31.1067 24.8097
      vertex 105.5 31.9178 24.2678
    endloop
  endfacet
  facet normal 1 0 0
    outer loop
      vertex 105.5 39.1933 24.8097
      vertex 105.5 30.15 25
      vertex 105.5 31.1067 24.8097
    endloop
  endfacet
  facet normal 1 0 0
    outer loop
      vertex 105.5 40.15 25
      vertex 105.5 30.15 25
      vertex 105.5 39.1933 24.8097
    endloop
  endfacet
  facet normal 1 0 0
    outer loop
      vertex 105.5 27.8403 23.4567
      vertex 105.5 22.65 22.5
      vertex 105.5 27.65 22.5
    endloop
  endfacet
  facet normal 1 0 0
    outer loop
      vertex 105.5 22.4597 23.4567
      vertex 105.5 27.8403 23.4567
      vertex 105.5 28.3822 24.2678
    endloop
  endfacet
  facet normal 1 0 0
    outer loop
      vertex 105.5 21.9178 24.2678
      vertex 105.5 28.3822 24.2678
      vertex 105.5 29.1933 24.8097
    endloop
  endfacet
  facet normal 1 0 0
    outer loop
      vertex 105.5 27.8403 23.4567
      vertex 105.5 22.4597 23.4567
      vertex 105.5 22.65 22.5
    endloop
  endfacet
  facet normal 1 0 0
    outer loop
      vertex 105.5 30.15 25
      vertex 105.5 3 40
      vertex 105.5 29.1933 24.8097
    endloop
  endfacet
  facet normal 1 0 0
    outer loop
      vertex 105.5 28.3822 24.2678
      vertex 105.5 21.9178 24.2678
      vertex 105.5 22.4597 23.4567
    endloop
  endfacet
  facet normal 1 0 0
    outer loop
      vertex 105.5 29.1933 24.8097
      vertex 105.5 21.1067 24.8097
      vertex 105.5 21.9178 24.2678
    endloop
  endfacet
  facet normal 1 0 0
    outer loop
      vertex 105.5 29.1933 24.8097
      vertex 105.5 3 40
      vertex 105.5 21.1067 24.8097
    endloop
  endfacet
  facet normal 1 0 0
    outer loop
      vertex 105.5 21.1067 24.8097
      vertex 105.5 3 40
      vertex 105.5 20.15 25
    endloop
  endfacet
  facet normal 1 0 0
    outer loop
      vertex 105.5 17.8403 23.4567
      vertex 105.5 3 40
      vertex 105.5 17.65 22.5
    endloop
  endfacet
  facet normal 1 0 0
    outer loop
      vertex 105.5 18.3822 24.2678
      vertex 105.5 3 40
      vertex 105.5 17.8403 23.4567
    endloop
  endfacet
  facet normal 1 0 0
    outer loop
      vertex 105.5 19.1933 24.8097
      vertex 105.5 3 40
      vertex 105.5 18.3822 24.2678
    endloop
  endfacet
  facet normal 1 0 0
    outer loop
      vertex 105.5 20.15 25
      vertex 105.5 3 40
      vertex 105.5 19.1933 24.8097
    endloop
  endfacet
  facet normal 1 -0 0
    outer loop
      vertex 105.5 62.4597 21.5433
      vertex 105.5 77.3 5
      vertex 105.5 62.65 22.5
    endloop
  endfacet
  facet normal 1 -0 0
    outer loop
      vertex 105.5 61.9178 20.7322
      vertex 105.5 77.3 5
      vertex 105.5 62.4597 21.5433
    endloop
  endfacet
  facet normal 1 -0 0
    outer loop
      vertex 105.5 61.1067 20.1903
      vertex 105.5 77.3 5
      vertex 105.5 61.9178 20.7322
    endloop
  endfacet
  facet normal 1 -0 0
    outer loop
      vertex 105.5 60.15 20
      vertex 105.5 77.3 5
      vertex 105.5 61.1067 20.1903
    endloop
  endfacet
  facet normal 1 0 0
    outer loop
      vertex 105.5 59.1933 20.1903
      vertex 105.5 77.3 5
      vertex 105.5 60.15 20
    endloop
  endfacet
  facet normal 1 0 0
    outer loop
      vertex 105.5 51.1067 20.1903
      vertex 105.5 59.1933 20.1903
      vertex 105.5 58.3822 20.7322
    endloop
  endfacet
  facet normal 1 -0 0
    outer loop
      vertex 105.5 52.65 22.5
      vertex 105.5 57.8403 21.5433
      vertex 105.5 57.65 22.5
    endloop
  endfacet
  facet normal 1 0 0
    outer loop
      vertex 105.5 52.4597 21.5433
      vertex 105.5 57.8403 21.5433
      vertex 105.5 52.65 22.5
    endloop
  endfacet
  facet normal 1 0 0
    outer loop
      vertex 105.5 57.8403 21.5433
      vertex 105.5 52.4597 21.5433
      vertex 105.5 58.3822 20.7322
    endloop
  endfacet
  facet normal 1 0 0
    outer loop
      vertex 105.5 51.9178 20.7322
      vertex 105.5 58.3822 20.7322
      vertex 105.5 52.4597 21.5433
    endloop
  endfacet
  facet normal 1 0 0
    outer loop
      vertex 105.5 51.1067 20.1903
      vertex 105.5 58.3822 20.7322
      vertex 105.5 51.9178 20.7322
    endloop
  endfacet
  facet normal 1 0 0
    outer loop
      vertex 105.5 59.1933 20.1903
      vertex 105.5 51.1067 20.1903
      vertex 105.5 77.3 5
    endloop
  endfacet
  facet normal 1 -0 0
    outer loop
      vertex 105.5 50.15 20
      vertex 105.5 77.3 5
      vertex 105.5 51.1067 20.1903
    endloop
  endfacet
  facet normal 1 0 0
    outer loop
      vertex 105.5 40.15 20
      vertex 105.5 50.15 20
      vertex 105.5 49.1933 20.1903
    endloop
  endfacet
  facet normal 1 -0 0
    outer loop
      vertex 105.5 42.65 22.5
      vertex 105.5 47.8403 21.5433
      vertex 105.5 47.65 22.5
    endloop
  endfacet
  facet normal 1 0 0
    outer loop
      vertex 105.5 42.4597 21.5433
      vertex 105.5 47.8403 21.5433
      vertex 105.5 42.65 22.5
    endloop
  endfacet
  facet normal 1 0 0
    outer loop
      vertex 105.5 47.8403 21.5433
      vertex 105.5 42.4597 21.5433
      vertex 105.5 48.3822 20.7322
    endloop
  endfacet
  facet normal 1 0 0
    outer loop
      vertex 105.5 41.9178 20.7322
      vertex 105.5 48.3822 20.7322
      vertex 105.5 42.4597 21.5433
    endloop
  endfacet
  facet normal 1 0 0
    outer loop
      vertex 105.5 48.3822 20.7322
      vertex 105.5 41.9178 20.7322
      vertex 105.5 49.1933 20.1903
    endloop
  endfacet
  facet normal 1 0 0
    outer loop
      vertex 105.5 41.1067 20.1903
      vertex 105.5 49.1933 20.1903
      vertex 105.5 41.9178 20.7322
    endloop
  endfacet
  facet normal 1 0 0
    outer loop
      vertex 105.5 40.15 20
      vertex 105.5 49.1933 20.1903
      vertex 105.5 41.1067 20.1903
    endloop
  endfacet
  facet normal 1 0 0
    outer loop
      vertex 105.5 50.15 20
      vertex 105.5 40.15 20
      vertex 105.5 77.3 5
    endloop
  endfacet
  facet normal 1 0 0
    outer loop
      vertex 105.5 30.15 20
      vertex 105.5 40.15 20
      vertex 105.5 39.1933 20.1903
    endloop
  endfacet
  facet normal 1 -0 0
    outer loop
      vertex 105.5 32.65 22.5
      vertex 105.5 37.8403 21.5433
      vertex 105.5 37.65 22.5
    endloop
  endfacet
  facet normal 1 0 0
    outer loop
      vertex 105.5 32.4597 21.5433
      vertex 105.5 37.8403 21.5433
      vertex 105.5 32.65 22.5
    endloop
  endfacet
  facet normal 1 0 0
    outer loop
      vertex 105.5 37.8403 21.5433
      vertex 105.5 32.4597 21.5433
      vertex 105.5 38.3822 20.7322
    endloop
  endfacet
  facet normal 1 0 0
    outer loop
      vertex 105.5 31.9178 20.7322
      vertex 105.5 38.3822 20.7322
      vertex 105.5 32.4597 21.5433
    endloop
  endfacet
  facet normal 1 0 0
    outer loop
      vertex 105.5 38.3822 20.7322
      vertex 105.5 31.9178 20.7322
      vertex 105.5 39.1933 20.1903
    endloop
  endfacet
  facet normal 1 0 0
    outer loop
      vertex 105.5 31.1067 20.1903
      vertex 105.5 39.1933 20.1903
      vertex 105.5 31.9178 20.7322
    endloop
  endfacet
  facet normal 1 0 0
    outer loop
      vertex 105.5 30.15 20
      vertex 105.5 39.1933 20.1903
      vertex 105.5 31.1067 20.1903
    endloop
  endfacet
  facet normal 1 0 0
    outer loop
      vertex 105.5 40.15 20
      vertex 105.5 30.15 20
      vertex 105.5 3 5
    endloop
  endfacet
  facet normal 1 0 0
    outer loop
      vertex 105.5 3 5
      vertex 105.5 30.15 20
      vertex 105.5 29.1933 20.1903
    endloop
  endfacet
  facet normal 1 -0 0
    outer loop
      vertex 105.5 22.65 22.5
      vertex 105.5 27.8403 21.5433
      vertex 105.5 27.65 22.5
    endloop
  endfacet
  facet normal 1 0 0
    outer loop
      vertex 105.5 22.4597 21.5433
      vertex 105.5 27.8403 21.5433
      vertex 105.5 22.65 22.5
    endloop
  endfacet
  facet normal 1 0 0
    outer loop
      vertex 105.5 27.8403 21.5433
      vertex 105.5 22.4597 21.5433
      vertex 105.5 28.3822 20.7322
    endloop
  endfacet
  facet normal 1 0 0
    outer loop
      vertex 105.5 21.9178 20.7322
      vertex 105.5 28.3822 20.7322
      vertex 105.5 22.4597 21.5433
    endloop
  endfacet
  facet normal 1 0 0
    outer loop
      vertex 105.5 28.3822 20.7322
      vertex 105.5 21.9178 20.7322
      vertex 105.5 29.1933 20.1903
    endloop
  endfacet
  facet normal 1 0 0
    outer loop
      vertex 105.5 21.1067 20.1903
      vertex 105.5 29.1933 20.1903
      vertex 105.5 21.9178 20.7322
    endloop
  endfacet
  facet normal 1 0 0
    outer loop
      vertex 105.5 3 5
      vertex 105.5 29.1933 20.1903
      vertex 105.5 21.1067 20.1903
    endloop
  endfacet
  facet normal 1 0 0
    outer loop
      vertex 105.5 3 5
      vertex 105.5 21.1067 20.1903
      vertex 105.5 20.15 20
    endloop
  endfacet
  facet normal 1 0 0
    outer loop
      vertex 105.5 3 5
      vertex 105.5 20.15 20
      vertex 105.5 19.1933 20.1903
    endloop
  endfacet
  facet normal 1 0 0
    outer loop
      vertex 105.5 3 5
      vertex 105.5 17.65 22.5
      vertex 105.5 3 40
    endloop
  endfacet
  facet normal 1 0 0
    outer loop
      vertex 105.5 17.65 22.5
      vertex 105.5 3 5
      vertex 105.5 17.8403 21.5433
    endloop
  endfacet
  facet normal 1 0 0
    outer loop
      vertex 105.5 40.15 20
      vertex 105.5 3 5
      vertex 105.5 77.3 5
    endloop
  endfacet
  facet normal 1 0 0
    outer loop
      vertex 105.5 18.3822 20.7322
      vertex 105.5 3 5
      vertex 105.5 19.1933 20.1903
    endloop
  endfacet
  facet normal 1 0 0
    outer loop
      vertex 105.5 17.8403 21.5433
      vertex 105.5 3 5
      vertex 105.5 18.3822 20.7322
    endloop
  endfacet
  facet normal 0 -1 0
    outer loop
      vertex 3 3 5
      vertex 105.5 3 40
      vertex 3 3 40
    endloop
  endfacet
  facet normal 0 -1 -0
    outer loop
      vertex 105.5 3 40
      vertex 3 3 5
      vertex 105.5 3 5
    endloop
  endfacet
  facet normal 0 1 -0
    outer loop
      vertex 102.5 6 5
      vertex 6 6 40
      vertex 102.5 6 40
    endloop
  endfacet
  facet normal 0 1 0
    outer loop
      vertex 6 6 40
      vertex 102.5 6 5
      vertex 6 6 5
    endloop
  endfacet
  facet normal 1 0 0
    outer loop
      vertex 6 74.3 40
      vertex 6 62.65 22.5
      vertex 6 74.3 5
    endloop
  endfacet
  facet normal 1 0 0
    outer loop
      vertex 6 74.3 40
      vertex 6 62.4597 23.4567
      vertex 6 62.65 22.5
    endloop
  endfacet
  facet normal 1 0 0
    outer loop
      vertex 6 74.3 40
      vertex 6 61.9178 24.2678
      vertex 6 62.4597 23.4567
    endloop
  endfacet
  facet normal 1 0 0
    outer loop
      vertex 6 74.3 40
      vertex 6 61.1067 24.8097
      vertex 6 61.9178 24.2678
    endloop
  endfacet
  facet normal 1 0 0
    outer loop
      vertex 6 74.3 40
      vertex 6 60.15 25
      vertex 6 61.1067 24.8097
    endloop
  endfacet
  facet normal 1 0 0
    outer loop
      vertex 6 74.3 40
      vertex 6 59.1933 24.8097
      vertex 6 60.15 25
    endloop
  endfacet
  facet normal 1 0 0
    outer loop
      vertex 6 51.1067 24.8097
      vertex 6 59.1933 24.8097
      vertex 6 74.3 40
    endloop
  endfacet
  facet normal 1 0 0
    outer loop
      vertex 6 57.8403 23.4567
      vertex 6 52.65 22.5
      vertex 6 57.65 22.5
    endloop
  endfacet
  facet normal 1 0 0
    outer loop
      vertex 6 52.4597 23.4567
      vertex 6 57.8403 23.4567
      vertex 6 58.3822 24.2678
    endloop
  endfacet
  facet normal 1 0 0
    outer loop
      vertex 6 59.1933 24.8097
      vertex 6 51.1067 24.8097
      vertex 6 58.3822 24.2678
    endloop
  endfacet
  facet normal 1 0 0
    outer loop
      vertex 6 57.8403 23.4567
      vertex 6 52.4597 23.4567
      vertex 6 52.65 22.5
    endloop
  endfacet
  facet normal 1 0 0
    outer loop
      vertex 6 58.3822 24.2678
      vertex 6 51.9178 24.2678
      vertex 6 52.4597 23.4567
    endloop
  endfacet
  facet normal 1 0 0
    outer loop
      vertex 6 58.3822 24.2678
      vertex 6 51.1067 24.8097
      vertex 6 51.9178 24.2678
    endloop
  endfacet
  facet normal 1 0 0
    outer loop
      vertex 6 74.3 40
      vertex 6 50.15 25
      vertex 6 51.1067 24.8097
    endloop
  endfacet
  facet normal 1 0 0
    outer loop
      vertex 6 40.15 25
      vertex 6 50.15 25
      vertex 6 74.3 40
    endloop
  endfacet
  facet normal 1 0 0
    outer loop
      vertex 6 47.8403 23.4567
      vertex 6 42.65 22.5
      vertex 6 47.65 22.5
    endloop
  endfacet
  facet normal 1 0 0
    outer loop
      vertex 6 42.4597 23.4567
      vertex 6 47.8403 23.4567
      vertex 6 48.3822 24.2678
    endloop
  endfacet
  facet normal 1 0 0
    outer loop
      vertex 6 41.9178 24.2678
      vertex 6 48.3822 24.2678
      vertex 6 49.1933 24.8097
    endloop
  endfacet
  facet normal 1 0 0
    outer loop
      vertex 6 50.15 25
      vertex 6 40.15 25
      vertex 6 49.1933 24.8097
    endloop
  endfacet
  facet normal 1 0 0
    outer loop
      vertex 6 47.8403 23.4567
      vertex 6 42.4597 23.4567
      vertex 6 42.65 22.5
    endloop
  endfacet
  facet normal 1 0 0
    outer loop
      vertex 6 48.3822 24.2678
      vertex 6 41.9178 24.2678
      vertex 6 42.4597 23.4567
    endloop
  endfacet
  facet normal 1 0 0
    outer loop
      vertex 6 49.1933 24.8097
      vertex 6 41.1067 24.8097
      vertex 6 41.9178 24.2678
    endloop
  endfacet
  facet normal 1 0 0
    outer loop
      vertex 6 49.1933 24.8097
      vertex 6 40.15 25
      vertex 6 41.1067 24.8097
    endloop
  endfacet
  facet normal 1 -0 0
    outer loop
      vertex 6 6 40
      vertex 6 40.15 25
      vertex 6 74.3 40
    endloop
  endfacet
  facet normal 1 0 0
    outer loop
      vertex 6 37.8403 23.4567
      vertex 6 32.65 22.5
      vertex 6 37.65 22.5
    endloop
  endfacet
  facet normal 1 0 0
    outer loop
      vertex 6 32.4597 23.4567
      vertex 6 37.8403 23.4567
      vertex 6 38.3822 24.2678
    endloop
  endfacet
  facet normal 1 0 0
    outer loop
      vertex 6 31.9178 24.2678
      vertex 6 38.3822 24.2678
      vertex 6 39.1933 24.8097
    endloop
  endfacet
  facet normal 1 0 -0
    outer loop
      vertex 6 30.15 25
      vertex 6 40.15 25
      vertex 6 6 40
    endloop
  endfacet
  facet normal 1 0 0
    outer loop
      vertex 6 37.8403 23.4567
      vertex 6 32.4597 23.4567
      vertex 6 32.65 22.5
    endloop
  endfacet
  facet normal 1 0 0
    outer loop
      vertex 6 38.3822 24.2678
      vertex 6 31.9178 24.2678
      vertex 6 32.4597 23.4567
    endloop
  endfacet
  facet normal 1 0 0
    outer loop
      vertex 6 39.1933 24.8097
      vertex 6 31.1067 24.8097
      vertex 6 31.9178 24.2678
    endloop
  endfacet
  facet normal 1 0 0
    outer loop
      vertex 6 40.15 25
      vertex 6 30.15 25
      vertex 6 39.1933 24.8097
    endloop
  endfacet
  facet normal 1 0 0
    outer loop
      vertex 6 39.1933 24.8097
      vertex 6 30.15 25
      vertex 6 31.1067 24.8097
    endloop
  endfacet
  facet normal 1 0 0
    outer loop
      vertex 6 27.8403 23.4567
      vertex 6 22.65 22.5
      vertex 6 27.65 22.5
    endloop
  endfacet
  facet normal 1 0 0
    outer loop
      vertex 6 22.4597 23.4567
      vertex 6 27.8403 23.4567
      vertex 6 28.3822 24.2678
    endloop
  endfacet
  facet normal 1 0 0
    outer loop
      vertex 6 21.9178 24.2678
      vertex 6 28.3822 24.2678
      vertex 6 29.1933 24.8097
    endloop
  endfacet
  facet normal 1 0 0
    outer loop
      vertex 6 27.8403 23.4567
      vertex 6 22.4597 23.4567
      vertex 6 22.65 22.5
    endloop
  endfacet
  facet normal 1 0 0
    outer loop
      vertex 6 30.15 25
      vertex 6 6 40
      vertex 6 29.1933 24.8097
    endloop
  endfacet
  facet normal 1 0 0
    outer loop
      vertex 6 28.3822 24.2678
      vertex 6 21.9178 24.2678
      vertex 6 22.4597 23.4567
    endloop
  endfacet
  facet normal 1 0 0
    outer loop
      vertex 6 29.1933 24.8097
      vertex 6 21.1067 24.8097
      vertex 6 21.9178 24.2678
    endloop
  endfacet
  facet normal 1 0 0
    outer loop
      vertex 6 29.1933 24.8097
      vertex 6 6 40
      vertex 6 21.1067 24.8097
    endloop
  endfacet
  facet normal 1 0 0
    outer loop
      vertex 6 21.1067 24.8097
      vertex 6 6 40
      vertex 6 20.15 25
    endloop
  endfacet
  facet normal 1 0 0
    outer loop
      vertex 6 17.8403 23.4567
      vertex 6 6 40
      vertex 6 17.65 22.5
    endloop
  endfacet
  facet normal 1 0 0
    outer loop
      vertex 6 18.3822 24.2678
      vertex 6 6 40
      vertex 6 17.8403 23.4567
    endloop
  endfacet
  facet normal 1 0 0
    outer loop
      vertex 6 19.1933 24.8097
      vertex 6 6 40
      vertex 6 18.3822 24.2678
    endloop
  endfacet
  facet normal 1 0 0
    outer loop
      vertex 6 20.15 25
      vertex 6 6 40
      vertex 6 19.1933 24.8097
    endloop
  endfacet
  facet normal 1 -0 0
    outer loop
      vertex 6 62.4597 21.5433
      vertex 6 74.3 5
      vertex 6 62.65 22.5
    endloop
  endfacet
  facet normal 1 -0 0
    outer loop
      vertex 6 61.9178 20.7322
      vertex 6 74.3 5
      vertex 6 62.4597 21.5433
    endloop
  endfacet
  facet normal 1 -0 0
    outer loop
      vertex 6 61.1067 20.1903
      vertex 6 74.3 5
      vertex 6 61.9178 20.7322
    endloop
  endfacet
  facet normal 1 -0 0
    outer loop
      vertex 6 60.15 20
      vertex 6 74.3 5
      vertex 6 61.1067 20.1903
    endloop
  endfacet
  facet normal 1 0 0
    outer loop
      vertex 6 59.1933 20.1903
      vertex 6 74.3 5
      vertex 6 60.15 20
    endloop
  endfacet
  facet normal 1 0 0
    outer loop
      vertex 6 51.1067 20.1903
      vertex 6 59.1933 20.1903
      vertex 6 58.3822 20.7322
    endloop
  endfacet
  facet normal 1 -0 0
    outer loop
      vertex 6 52.65 22.5
      vertex 6 57.8403 21.5433
      vertex 6 57.65 22.5
    endloop
  endfacet
  facet normal 1 0 0
    outer loop
      vertex 6 52.4597 21.5433
      vertex 6 57.8403 21.5433
      vertex 6 52.65 22.5
    endloop
  endfacet
  facet normal 1 0 0
    outer loop
      vertex 6 57.8403 21.5433
      vertex 6 52.4597 21.5433
      vertex 6 58.3822 20.7322
    endloop
  endfacet
  facet normal 1 0 0
    outer loop
      vertex 6 51.9178 20.7322
      vertex 6 58.3822 20.7322
      vertex 6 52.4597 21.5433
    endloop
  endfacet
  facet normal 1 0 0
    outer loop
      vertex 6 51.1067 20.1903
      vertex 6 58.3822 20.7322
      vertex 6 51.9178 20.7322
    endloop
  endfacet
  facet normal 1 0 0
    outer loop
      vertex 6 59.1933 20.1903
      vertex 6 51.1067 20.1903
      vertex 6 74.3 5
    endloop
  endfacet
  facet normal 1 -0 0
    outer loop
      vertex 6 50.15 20
      vertex 6 74.3 5
      vertex 6 51.1067 20.1903
    endloop
  endfacet
  facet normal 1 0 0
    outer loop
      vertex 6 40.15 20
      vertex 6 50.15 20
      vertex 6 49.1933 20.1903
    endloop
  endfacet
  facet normal 1 -0 0
    outer loop
      vertex 6 42.65 22.5
      vertex 6 47.8403 21.5433
      vertex 6 47.65 22.5
    endloop
  endfacet
  facet normal 1 0 0
    outer loop
      vertex 6 42.4597 21.5433
      vertex 6 47.8403 21.5433
      vertex 6 42.65 22.5
    endloop
  endfacet
  facet normal 1 0 0
    outer loop
      vertex 6 47.8403 21.5433
      vertex 6 42.4597 21.5433
      vertex 6 48.3822 20.7322
    endloop
  endfacet
  facet normal 1 0 0
    outer loop
      vertex 6 41.9178 20.7322
      vertex 6 48.3822 20.7322
      vertex 6 42.4597 21.5433
    endloop
  endfacet
  facet normal 1 0 0
    outer loop
      vertex 6 48.3822 20.7322
      vertex 6 41.9178 20.7322
      vertex 6 49.1933 20.1903
    endloop
  endfacet
  facet normal 1 0 0
    outer loop
      vertex 6 41.1067 20.1903
      vertex 6 49.1933 20.1903
      vertex 6 41.9178 20.7322
    endloop
  endfacet
  facet normal 1 0 0
    outer loop
      vertex 6 40.15 20
      vertex 6 49.1933 20.1903
      vertex 6 41.1067 20.1903
    endloop
  endfacet
  facet normal 1 0 0
    outer loop
      vertex 6 50.15 20
      vertex 6 40.15 20
      vertex 6 74.3 5
    endloop
  endfacet
  facet normal 1 0 0
    outer loop
      vertex 6 30.15 20
      vertex 6 40.15 20
      vertex 6 39.1933 20.1903
    endloop
  endfacet
  facet normal 1 -0 0
    outer loop
      vertex 6 32.65 22.5
      vertex 6 37.8403 21.5433
      vertex 6 37.65 22.5
    endloop
  endfacet
  facet normal 1 0 0
    outer loop
      vertex 6 32.4597 21.5433
      vertex 6 37.8403 21.5433
      vertex 6 32.65 22.5
    endloop
  endfacet
  facet normal 1 0 0
    outer loop
      vertex 6 37.8403 21.5433
      vertex 6 32.4597 21.5433
      vertex 6 38.3822 20.7322
    endloop
  endfacet
  facet normal 1 0 0
    outer loop
      vertex 6 31.9178 20.7322
      vertex 6 38.3822 20.7322
      vertex 6 32.4597 21.5433
    endloop
  endfacet
  facet normal 1 0 0
    outer loop
      vertex 6 38.3822 20.7322
      vertex 6 31.9178 20.7322
      vertex 6 39.1933 20.1903
    endloop
  endfacet
  facet normal 1 0 0
    outer loop
      vertex 6 31.1067 20.1903
      vertex 6 39.1933 20.1903
      vertex 6 31.9178 20.7322
    endloop
  endfacet
  facet normal 1 0 0
    outer loop
      vertex 6 30.15 20
      vertex 6 39.1933 20.1903
      vertex 6 31.1067 20.1903
    endloop
  endfacet
  facet normal 1 0 0
    outer loop
      vertex 6 40.15 20
      vertex 6 30.15 20
      vertex 6 6 5
    endloop
  endfacet
  facet normal 1 0 0
    outer loop
      vertex 6 6 5
      vertex 6 30.15 20
      vertex 6 29.1933 20.1903
    endloop
  endfacet
  facet normal 1 -0 0
    outer loop
      vertex 6 22.65 22.5
      vertex 6 27.8403 21.5433
      vertex 6 27.65 22.5
    endloop
  endfacet
  facet normal 1 0 0
    outer loop
      vertex 6 22.4597 21.5433
      vertex 6 27.8403 21.5433
      vertex 6 22.65 22.5
    endloop
  endfacet
  facet normal 1 0 0
    outer loop
      vertex 6 27.8403 21.5433
      vertex 6 22.4597 21.5433
      vertex 6 28.3822 20.7322
    endloop
  endfacet
  facet normal 1 0 0
    outer loop
      vertex 6 21.9178 20.7322
      vertex 6 28.3822 20.7322
      vertex 6 22.4597 21.5433
    endloop
  endfacet
  facet normal 1 0 0
    outer loop
      vertex 6 28.3822 20.7322
      vertex 6 21.9178 20.7322
      vertex 6 29.1933 20.1903
    endloop
  endfacet
  facet normal 1 0 0
    outer loop
      vertex 6 21.1067 20.1903
      vertex 6 29.1933 20.1903
      vertex 6 21.9178 20.7322
    endloop
  endfacet
  facet normal 1 0 0
    outer loop
      vertex 6 6 5
      vertex 6 29.1933 20.1903
      vertex 6 21.1067 20.1903
    endloop
  endfacet
  facet normal 1 0 0
    outer loop
      vertex 6 6 5
      vertex 6 21.1067 20.1903
      vertex 6 20.15 20
    endloop
  endfacet
  facet normal 1 0 0
    outer loop
      vertex 6 6 5
      vertex 6 20.15 20
      vertex 6 19.1933 20.1903
    endloop
  endfacet
  facet normal 1 0 0
    outer loop
      vertex 6 6 5
      vertex 6 17.65 22.5
      vertex 6 6 40
    endloop
  endfacet
  facet normal 1 0 0
    outer loop
      vertex 6 40.15 20
      vertex 6 6 5
      vertex 6 74.3 5
    endloop
  endfacet
  facet normal 1 0 0
    outer loop
      vertex 6 18.3822 20.7322
      vertex 6 6 5
      vertex 6 19.1933 20.1903
    endloop
  endfacet
  facet normal 1 0 0
    outer loop
      vertex 6 17.8403 21.5433
      vertex 6 6 5
      vertex 6 18.3822 20.7322
    endloop
  endfacet
  facet normal 1 0 0
    outer loop
      vertex 6 17.65 22.5
      vertex 6 6 5
      vertex 6 17.8403 21.5433
    endloop
  endfacet
  facet normal 0 1 0
    outer loop
      vertex 44.25 77.3 20
      vertex 74.75 77.3 40
      vertex 64.25 77.3 20
    endloop
  endfacet
  facet normal 0 1 -0
    outer loop
      vertex 74.75 77.3 5
      vertex 64.25 77.3 20
      vertex 74.75 77.3 40
    endloop
  endfacet
  facet normal 0 1 0
    outer loop
      vertex 64.25 77.3 20
      vertex 74.75 77.3 5
      vertex 64.25 77.3 5
    endloop
  endfacet
  facet normal 0 1 0
    outer loop
      vertex 74.75 77.3 40
      vertex 44.25 77.3 20
      vertex 3 77.3 40
    endloop
  endfacet
  facet normal 0 1 0
    outer loop
      vertex 3 77.3 5
      vertex 44.25 77.3 20
      vertex 44.25 77.3 5
    endloop
  endfacet
  facet normal 0 1 0
    outer loop
      vertex 44.25 77.3 20
      vertex 3 77.3 5
      vertex 3 77.3 40
    endloop
  endfacet
  facet normal 0 1 -0
    outer loop
      vertex 64.25 77.3 5
      vertex 44.25 77.3 20
      vertex 64.25 77.3 20
    endloop
  endfacet
  facet normal 0 1 0
    outer loop
      vertex 44.25 77.3 20
      vertex 64.25 77.3 5
      vertex 44.25 77.3 5
    endloop
  endfacet
  facet normal -1 0 0
    outer loop
      vertex 102.5 77.3 5
      vertex 102.5 62.65 22.5
      vertex 102.5 77.3 40
    endloop
  endfacet
  facet normal -1 0 0
    outer loop
      vertex 102.5 77.3 5
      vertex 102.5 62.4597 21.5433
      vertex 102.5 62.65 22.5
    endloop
  endfacet
  facet normal -1 0 0
    outer loop
      vertex 102.5 77.3 5
      vertex 102.5 61.9178 20.7322
      vertex 102.5 62.4597 21.5433
    endloop
  endfacet
  facet normal -1 0 0
    outer loop
      vertex 102.5 77.3 5
      vertex 102.5 61.1067 20.1903
      vertex 102.5 61.9178 20.7322
    endloop
  endfacet
  facet normal -1 0 0
    outer loop
      vertex 102.5 77.3 5
      vertex 102.5 60.15 20
      vertex 102.5 61.1067 20.1903
    endloop
  endfacet
  facet normal -1 0 0
    outer loop
      vertex 102.5 77.3 5
      vertex 102.5 59.1933 20.1903
      vertex 102.5 60.15 20
    endloop
  endfacet
  facet normal -1 0 0
    outer loop
      vertex 102.5 51.1067 20.1903
      vertex 102.5 59.1933 20.1903
      vertex 102.5 77.3 5
    endloop
  endfacet
  facet normal -1 0 0
    outer loop
      vertex 102.5 57.8403 21.5433
      vertex 102.5 52.65 22.5
      vertex 102.5 57.65 22.5
    endloop
  endfacet
  facet normal -1 0 0
    outer loop
      vertex 102.5 52.4597 21.5433
      vertex 102.5 57.8403 21.5433
      vertex 102.5 58.3822 20.7322
    endloop
  endfacet
  facet normal -1 0 0
    outer loop
      vertex 102.5 59.1933 20.1903
      vertex 102.5 51.1067 20.1903
      vertex 102.5 58.3822 20.7322
    endloop
  endfacet
  facet normal -1 0 0
    outer loop
      vertex 102.5 57.8403 21.5433
      vertex 102.5 52.4597 21.5433
      vertex 102.5 52.65 22.5
    endloop
  endfacet
  facet normal -1 0 0
    outer loop
      vertex 102.5 58.3822 20.7322
      vertex 102.5 51.9178 20.7322
      vertex 102.5 52.4597 21.5433
    endloop
  endfacet
  facet normal -1 -0 0
    outer loop
      vertex 102.5 58.3822 20.7322
      vertex 102.5 51.1067 20.1903
      vertex 102.5 51.9178 20.7322
    endloop
  endfacet
  facet normal -1 0 0
    outer loop
      vertex 102.5 77.3 5
      vertex 102.5 50.15 20
      vertex 102.5 51.1067 20.1903
    endloop
  endfacet
  facet normal -1 0 0
    outer loop
      vertex 102.5 40.15 20
      vertex 102.5 50.15 20
      vertex 102.5 77.3 5
    endloop
  endfacet
  facet normal -1 0 0
    outer loop
      vertex 102.5 47.8403 21.5433
      vertex 102.5 42.65 22.5
      vertex 102.5 47.65 22.5
    endloop
  endfacet
  facet normal -1 0 0
    outer loop
      vertex 102.5 42.4597 21.5433
      vertex 102.5 47.8403 21.5433
      vertex 102.5 48.3822 20.7322
    endloop
  endfacet
  facet normal -1 0 0
    outer loop
      vertex 102.5 41.9178 20.7322
      vertex 102.5 48.3822 20.7322
      vertex 102.5 49.1933 20.1903
    endloop
  endfacet
  facet normal -1 0 0
    outer loop
      vertex 102.5 50.15 20
      vertex 102.5 40.15 20
      vertex 102.5 49.1933 20.1903
    endloop
  endfacet
  facet normal -1 0 0
    outer loop
      vertex 102.5 47.8403 21.5433
      vertex 102.5 42.4597 21.5433
      vertex 102.5 42.65 22.5
    endloop
  endfacet
  facet normal -1 0 0
    outer loop
      vertex 102.5 48.3822 20.7322
      vertex 102.5 41.9178 20.7322
      vertex 102.5 42.4597 21.5433
    endloop
  endfacet
  facet normal -1 0 0
    outer loop
      vertex 102.5 49.1933 20.1903
      vertex 102.5 41.1067 20.1903
      vertex 102.5 41.9178 20.7322
    endloop
  endfacet
  facet normal -1 -0 0
    outer loop
      vertex 102.5 49.1933 20.1903
      vertex 102.5 40.15 20
      vertex 102.5 41.1067 20.1903
    endloop
  endfacet
  facet normal -1 0 0
    outer loop
      vertex 102.5 6 5
      vertex 102.5 40.15 20
      vertex 102.5 77.3 5
    endloop
  endfacet
  facet normal -1 0 0
    outer loop
      vertex 102.5 37.8403 21.5433
      vertex 102.5 32.65 22.5
      vertex 102.5 37.65 22.5
    endloop
  endfacet
  facet normal -1 0 0
    outer loop
      vertex 102.5 32.4597 21.5433
      vertex 102.5 37.8403 21.5433
      vertex 102.5 38.3822 20.7322
    endloop
  endfacet
  facet normal -1 0 0
    outer loop
      vertex 102.5 31.9178 20.7322
      vertex 102.5 38.3822 20.7322
      vertex 102.5 39.1933 20.1903
    endloop
  endfacet
  facet normal -1 0 -0
    outer loop
      vertex 102.5 30.15 20
      vertex 102.5 40.15 20
      vertex 102.5 6 5
    endloop
  endfacet
  facet normal -1 0 0
    outer loop
      vertex 102.5 37.8403 21.5433
      vertex 102.5 32.4597 21.5433
      vertex 102.5 32.65 22.5
    endloop
  endfacet
  facet normal -1 0 0
    outer loop
      vertex 102.5 38.3822 20.7322
      vertex 102.5 31.9178 20.7322
      vertex 102.5 32.4597 21.5433
    endloop
  endfacet
  facet normal -1 0 0
    outer loop
      vertex 102.5 39.1933 20.1903
      vertex 102.5 31.1067 20.1903
      vertex 102.5 31.9178 20.7322
    endloop
  endfacet
  facet normal -1 0 0
    outer loop
      vertex 102.5 40.15 20
      vertex 102.5 30.15 20
      vertex 102.5 39.1933 20.1903
    endloop
  endfacet
  facet normal -1 -0 0
    outer loop
      vertex 102.5 39.1933 20.1903
      vertex 102.5 30.15 20
      vertex 102.5 31.1067 20.1903
    endloop
  endfacet
  facet normal -1 0 0
    outer loop
      vertex 102.5 27.8403 21.5433
      vertex 102.5 22.65 22.5
      vertex 102.5 27.65 22.5
    endloop
  endfacet
  facet normal -1 0 0
    outer loop
      vertex 102.5 22.4597 21.5433
      vertex 102.5 27.8403 21.5433
      vertex 102.5 28.3822 20.7322
    endloop
  endfacet
  facet normal -1 0 0
    outer loop
      vertex 102.5 21.9178 20.7322
      vertex 102.5 28.3822 20.7322
      vertex 102.5 29.1933 20.1903
    endloop
  endfacet
  facet normal -1 0 0
    outer loop
      vertex 102.5 27.8403 21.5433
      vertex 102.5 22.4597 21.5433
      vertex 102.5 22.65 22.5
    endloop
  endfacet
  facet normal -1 -0 0
    outer loop
      vertex 102.5 30.15 20
      vertex 102.5 6 5
      vertex 102.5 29.1933 20.1903
    endloop
  endfacet
  facet normal -1 0 0
    outer loop
      vertex 102.5 28.3822 20.7322
      vertex 102.5 21.9178 20.7322
      vertex 102.5 22.4597 21.5433
    endloop
  endfacet
  facet normal -1 0 0
    outer loop
      vertex 102.5 29.1933 20.1903
      vertex 102.5 21.1067 20.1903
      vertex 102.5 21.9178 20.7322
    endloop
  endfacet
  facet normal -1 -0 0
    outer loop
      vertex 102.5 29.1933 20.1903
      vertex 102.5 6 5
      vertex 102.5 21.1067 20.1903
    endloop
  endfacet
  facet normal -1 0 0
    outer loop
      vertex 102.5 21.1067 20.1903
      vertex 102.5 6 5
      vertex 102.5 20.15 20
    endloop
  endfacet
  facet normal -1 -0 0
    outer loop
      vertex 102.5 17.8403 21.5433
      vertex 102.5 6 5
      vertex 102.5 17.65 22.5
    endloop
  endfacet
  facet normal -1 -0 0
    outer loop
      vertex 102.5 18.3822 20.7322
      vertex 102.5 6 5
      vertex 102.5 17.8403 21.5433
    endloop
  endfacet
  facet normal -1 -0 0
    outer loop
      vertex 102.5 19.1933 20.1903
      vertex 102.5 6 5
      vertex 102.5 18.3822 20.7322
    endloop
  endfacet
  facet normal -1 -0 0
    outer loop
      vertex 102.5 20.15 20
      vertex 102.5 6 5
      vertex 102.5 19.1933 20.1903
    endloop
  endfacet
  facet normal -1 0 0
    outer loop
      vertex 102.5 62.4597 23.4567
      vertex 102.5 77.3 40
      vertex 102.5 62.65 22.5
    endloop
  endfacet
  facet normal -1 0 0
    outer loop
      vertex 102.5 61.9178 24.2678
      vertex 102.5 77.3 40
      vertex 102.5 62.4597 23.4567
    endloop
  endfacet
  facet normal -1 0 0
    outer loop
      vertex 102.5 61.1067 24.8097
      vertex 102.5 77.3 40
      vertex 102.5 61.9178 24.2678
    endloop
  endfacet
  facet normal -1 0 0
    outer loop
      vertex 102.5 60.15 25
      vertex 102.5 77.3 40
      vertex 102.5 61.1067 24.8097
    endloop
  endfacet
  facet normal -1 0 0
    outer loop
      vertex 102.5 59.1933 24.8097
      vertex 102.5 77.3 40
      vertex 102.5 60.15 25
    endloop
  endfacet
  facet normal -1 0 0
    outer loop
      vertex 102.5 51.1067 24.8097
      vertex 102.5 59.1933 24.8097
      vertex 102.5 58.3822 24.2678
    endloop
  endfacet
  facet normal -1 0 0
    outer loop
      vertex 102.5 52.65 22.5
      vertex 102.5 57.8403 23.4567
      vertex 102.5 57.65 22.5
    endloop
  endfacet
  facet normal -1 0 0
    outer loop
      vertex 102.5 52.4597 23.4567
      vertex 102.5 57.8403 23.4567
      vertex 102.5 52.65 22.5
    endloop
  endfacet
  facet normal -1 0 0
    outer loop
      vertex 102.5 57.8403 23.4567
      vertex 102.5 52.4597 23.4567
      vertex 102.5 58.3822 24.2678
    endloop
  endfacet
  facet normal -1 0 0
    outer loop
      vertex 102.5 51.9178 24.2678
      vertex 102.5 58.3822 24.2678
      vertex 102.5 52.4597 23.4567
    endloop
  endfacet
  facet normal -1 0 0
    outer loop
      vertex 102.5 51.1067 24.8097
      vertex 102.5 58.3822 24.2678
      vertex 102.5 51.9178 24.2678
    endloop
  endfacet
  facet normal -1 0 0
    outer loop
      vertex 102.5 59.1933 24.8097
      vertex 102.5 51.1067 24.8097
      vertex 102.5 77.3 40
    endloop
  endfacet
  facet normal -1 0 0
    outer loop
      vertex 102.5 50.15 25
      vertex 102.5 77.3 40
      vertex 102.5 51.1067 24.8097
    endloop
  endfacet
  facet normal -1 0 0
    outer loop
      vertex 102.5 40.15 25
      vertex 102.5 50.15 25
      vertex 102.5 49.1933 24.8097
    endloop
  endfacet
  facet normal -1 0 0
    outer loop
      vertex 102.5 42.65 22.5
      vertex 102.5 47.8403 23.4567
      vertex 102.5 47.65 22.5
    endloop
  endfacet
  facet normal -1 0 0
    outer loop
      vertex 102.5 42.4597 23.4567
      vertex 102.5 47.8403 23.4567
      vertex 102.5 42.65 22.5
    endloop
  endfacet
  facet normal -1 0 0
    outer loop
      vertex 102.5 47.8403 23.4567
      vertex 102.5 42.4597 23.4567
      vertex 102.5 48.3822 24.2678
    endloop
  endfacet
  facet normal -1 0 0
    outer loop
      vertex 102.5 41.9178 24.2678
      vertex 102.5 48.3822 24.2678
      vertex 102.5 42.4597 23.4567
    endloop
  endfacet
  facet normal -1 0 0
    outer loop
      vertex 102.5 48.3822 24.2678
      vertex 102.5 41.9178 24.2678
      vertex 102.5 49.1933 24.8097
    endloop
  endfacet
  facet normal -1 0 0
    outer loop
      vertex 102.5 41.1067 24.8097
      vertex 102.5 49.1933 24.8097
      vertex 102.5 41.9178 24.2678
    endloop
  endfacet
  facet normal -1 0 0
    outer loop
      vertex 102.5 40.15 25
      vertex 102.5 49.1933 24.8097
      vertex 102.5 41.1067 24.8097
    endloop
  endfacet
  facet normal -1 0 0
    outer loop
      vertex 102.5 50.15 25
      vertex 102.5 40.15 25
      vertex 102.5 77.3 40
    endloop
  endfacet
  facet normal -1 0 0
    outer loop
      vertex 102.5 30.15 25
      vertex 102.5 40.15 25
      vertex 102.5 39.1933 24.8097
    endloop
  endfacet
  facet normal -1 0 0
    outer loop
      vertex 102.5 32.65 22.5
      vertex 102.5 37.8403 23.4567
      vertex 102.5 37.65 22.5
    endloop
  endfacet
  facet normal -1 0 0
    outer loop
      vertex 102.5 32.4597 23.4567
      vertex 102.5 37.8403 23.4567
      vertex 102.5 32.65 22.5
    endloop
  endfacet
  facet normal -1 0 0
    outer loop
      vertex 102.5 37.8403 23.4567
      vertex 102.5 32.4597 23.4567
      vertex 102.5 38.3822 24.2678
    endloop
  endfacet
  facet normal -1 0 0
    outer loop
      vertex 102.5 31.9178 24.2678
      vertex 102.5 38.3822 24.2678
      vertex 102.5 32.4597 23.4567
    endloop
  endfacet
  facet normal -1 0 0
    outer loop
      vertex 102.5 38.3822 24.2678
      vertex 102.5 31.9178 24.2678
      vertex 102.5 39.1933 24.8097
    endloop
  endfacet
  facet normal -1 0 0
    outer loop
      vertex 102.5 31.1067 24.8097
      vertex 102.5 39.1933 24.8097
      vertex 102.5 31.9178 24.2678
    endloop
  endfacet
  facet normal -1 0 0
    outer loop
      vertex 102.5 30.15 25
      vertex 102.5 39.1933 24.8097
      vertex 102.5 31.1067 24.8097
    endloop
  endfacet
  facet normal -1 0 0
    outer loop
      vertex 102.5 40.15 25
      vertex 102.5 30.15 25
      vertex 102.5 6 40
    endloop
  endfacet
  facet normal -1 0 0
    outer loop
      vertex 102.5 6 40
      vertex 102.5 30.15 25
      vertex 102.5 29.1933 24.8097
    endloop
  endfacet
  facet normal -1 0 0
    outer loop
      vertex 102.5 22.65 22.5
      vertex 102.5 27.8403 23.4567
      vertex 102.5 27.65 22.5
    endloop
  endfacet
  facet normal -1 0 0
    outer loop
      vertex 102.5 22.4597 23.4567
      vertex 102.5 27.8403 23.4567
      vertex 102.5 22.65 22.5
    endloop
  endfacet
  facet normal -1 0 0
    outer loop
      vertex 102.5 27.8403 23.4567
      vertex 102.5 22.4597 23.4567
      vertex 102.5 28.3822 24.2678
    endloop
  endfacet
  facet normal -1 0 0
    outer loop
      vertex 102.5 21.9178 24.2678
      vertex 102.5 28.3822 24.2678
      vertex 102.5 22.4597 23.4567
    endloop
  endfacet
  facet normal -1 0 0
    outer loop
      vertex 102.5 28.3822 24.2678
      vertex 102.5 21.9178 24.2678
      vertex 102.5 29.1933 24.8097
    endloop
  endfacet
  facet normal -1 0 0
    outer loop
      vertex 102.5 21.1067 24.8097
      vertex 102.5 29.1933 24.8097
      vertex 102.5 21.9178 24.2678
    endloop
  endfacet
  facet normal -1 0 0
    outer loop
      vertex 102.5 6 40
      vertex 102.5 29.1933 24.8097
      vertex 102.5 21.1067 24.8097
    endloop
  endfacet
  facet normal -1 0 0
    outer loop
      vertex 102.5 6 40
      vertex 102.5 21.1067 24.8097
      vertex 102.5 20.15 25
    endloop
  endfacet
  facet normal -1 0 0
    outer loop
      vertex 102.5 6 40
      vertex 102.5 20.15 25
      vertex 102.5 19.1933 24.8097
    endloop
  endfacet
  facet normal -1 0 0
    outer loop
      vertex 102.5 6 40
      vertex 102.5 17.65 22.5
      vertex 102.5 6 5
    endloop
  endfacet
  facet normal -1 0 0
    outer loop
      vertex 102.5 40.15 25
      vertex 102.5 6 40
      vertex 102.5 77.3 40
    endloop
  endfacet
  facet normal -1 0 0
    outer loop
      vertex 102.5 18.3822 24.2678
      vertex 102.5 6 40
      vertex 102.5 19.1933 24.8097
    endloop
  endfacet
  facet normal -1 0 0
    outer loop
      vertex 102.5 17.8403 23.4567
      vertex 102.5 6 40
      vertex 102.5 18.3822 24.2678
    endloop
  endfacet
  facet normal -1 0 0
    outer loop
      vertex 102.5 17.65 22.5
      vertex 102.5 6 40
      vertex 102.5 17.8403 23.4567
    endloop
  endfacet
  facet normal 0 1 -0
    outer loop
      vertex 105.5 77.3 5
      vertex 102.5 77.3 40
      vertex 105.5 77.3 40
    endloop
  endfacet
  facet normal 0 1 0
    outer loop
      vertex 102.5 77.3 40
      vertex 105.5 77.3 5
      vertex 102.5 77.3 5
    endloop
  endfacet
  facet normal 1 -0 0
    outer loop
      vertex 74.75 74.3 40
      vertex 74.75 77.3 5
      vertex 74.75 77.3 40
    endloop
  endfacet
  facet normal 1 0 0
    outer loop
      vertex 74.75 77.3 5
      vertex 74.75 74.3 40
      vertex 74.75 74.3 5
    endloop
  endfacet
  facet normal 0 -1 0
    outer loop
      vertex 6 74.3 5
      vertex 74.75 74.3 40
      vertex 6 74.3 40
    endloop
  endfacet
  facet normal 0 -1 -0
    outer loop
      vertex 74.75 74.3 40
      vertex 6 74.3 5
      vertex 74.75 74.3 5
    endloop
  endfacet
  facet normal -1 0 0
    outer loop
      vertex 3 82.3 5
      vertex 3 151.65 27
      vertex 3 151.65 5
    endloop
  endfacet
  facet normal -1 -0 0
    outer loop
      vertex 3 151.65 27
      vertex 3 82.3 5
      vertex 3 82.3 27
    endloop
  endfacet
  facet normal 0 0 1
    outer loop
      vertex 6 151.65 27
      vertex 3 151.65 27
      vertex 6 85.3 27
    endloop
  endfacet
  facet normal -0 0 1
    outer loop
      vertex 6 85.3 27
      vertex 184 82.3 27
      vertex 184 85.3 27
    endloop
  endfacet
  facet normal 0 0 1
    outer loop
      vertex 6 85.3 27
      vertex 3 82.3 27
      vertex 184 82.3 27
    endloop
  endfacet
  facet normal 0 0 1
    outer loop
      vertex 3 82.3 27
      vertex 6 85.3 27
      vertex 3 151.65 27
    endloop
  endfacet
  facet normal 0 -1 0
    outer loop
      vertex 64.25 82.3 20
      vertex 3 82.3 27
      vertex 44.25 82.3 20
    endloop
  endfacet
  facet normal 0 -1 0
    outer loop
      vertex 3 82.3 5
      vertex 44.25 82.3 20
      vertex 3 82.3 27
    endloop
  endfacet
  facet normal 0 -1 -0
    outer loop
      vertex 44.25 82.3 20
      vertex 3 82.3 5
      vertex 44.25 82.3 5
    endloop
  endfacet
  facet normal 0 -1 0
    outer loop
      vertex 3 82.3 27
      vertex 64.25 82.3 20
      vertex 184 82.3 27
    endloop
  endfacet
  facet normal 0 -1 0
    outer loop
      vertex 184 82.3 5
      vertex 64.25 82.3 20
      vertex 64.25 82.3 5
    endloop
  endfacet
  facet normal 0 -1 0
    outer loop
      vertex 64.25 82.3 20
      vertex 184 82.3 5
      vertex 184 82.3 27
    endloop
  endfacet
  facet normal 0 -1 0
    outer loop
      vertex 44.25 82.3 5
      vertex 64.25 82.3 20
      vertex 44.25 82.3 20
    endloop
  endfacet
  facet normal 0 -1 -0
    outer loop
      vertex 64.25 82.3 20
      vertex 44.25 82.3 5
      vertex 64.25 82.3 5
    endloop
  endfacet
  facet normal 0 1 -0
    outer loop
      vertex 184 85.3 5
      vertex 6 85.3 27
      vertex 184 85.3 27
    endloop
  endfacet
  facet normal 0 1 0
    outer loop
      vertex 6 85.3 27
      vertex 184 85.3 5
      vertex 6 85.3 5
    endloop
  endfacet
  facet normal 1 -0 0
    outer loop
      vertex 6 85.3 27
      vertex 6 151.65 5
      vertex 6 151.65 27
    endloop
  endfacet
  facet normal 1 0 0
    outer loop
      vertex 6 151.65 5
      vertex 6 85.3 27
      vertex 6 85.3 5
    endloop
  endfacet
  facet normal 0 -0.195091 0.980785
    outer loop
      vertex 3 21.1067 20.1903
      vertex 6 20.15 20
      vertex 6 21.1067 20.1903
    endloop
  endfacet
  facet normal 0 -0.195091 0.980785
    outer loop
      vertex 6 20.15 20
      vertex 3 21.1067 20.1903
      vertex 3 20.15 20
    endloop
  endfacet
  facet normal 0 -0.195091 -0.980785
    outer loop
      vertex 3 20.15 25
      vertex 6 21.1067 24.8097
      vertex 6 20.15 25
    endloop
  endfacet
  facet normal -0 -0.195091 -0.980785
    outer loop
      vertex 6 21.1067 24.8097
      vertex 3 20.15 25
      vertex 3 21.1067 24.8097
    endloop
  endfacet
  facet normal 0 -0.980785 -0.195091
    outer loop
      vertex 3 22.65 22.5
      vertex 6 22.4597 23.4567
      vertex 3 22.4597 23.4567
    endloop
  endfacet
  facet normal 0 -0.980785 -0.195091
    outer loop
      vertex 6 22.4597 23.4567
      vertex 3 22.65 22.5
      vertex 6 22.65 22.5
    endloop
  endfacet
  facet normal 0 -0.831498 -0.555528
    outer loop
      vertex 3 22.4597 23.4567
      vertex 6 21.9178 24.2678
      vertex 3 21.9178 24.2678
    endloop
  endfacet
  facet normal 0 -0.831498 -0.555528
    outer loop
      vertex 6 21.9178 24.2678
      vertex 3 22.4597 23.4567
      vertex 6 22.4597 23.4567
    endloop
  endfacet
  facet normal 0 -0.555528 0.831498
    outer loop
      vertex 3 21.9178 20.7322
      vertex 6 21.1067 20.1903
      vertex 6 21.9178 20.7322
    endloop
  endfacet
  facet normal 0 -0.555528 0.831498
    outer loop
      vertex 6 21.1067 20.1903
      vertex 3 21.9178 20.7322
      vertex 3 21.1067 20.1903
    endloop
  endfacet
  facet normal 0 -0.980785 0.195091
    outer loop
      vertex 3 22.4597 21.5433
      vertex 6 22.65 22.5
      vertex 3 22.65 22.5
    endloop
  endfacet
  facet normal 0 -0.980785 0.195091
    outer loop
      vertex 6 22.65 22.5
      vertex 3 22.4597 21.5433
      vertex 6 22.4597 21.5433
    endloop
  endfacet
  facet normal 0 -0.831498 0.555528
    outer loop
      vertex 3 21.9178 20.7322
      vertex 6 22.4597 21.5433
      vertex 3 22.4597 21.5433
    endloop
  endfacet
  facet normal 0 -0.831498 0.555528
    outer loop
      vertex 6 22.4597 21.5433
      vertex 3 21.9178 20.7322
      vertex 6 21.9178 20.7322
    endloop
  endfacet
  facet normal 0 -0.555528 -0.831498
    outer loop
      vertex 3 21.1067 24.8097
      vertex 6 21.9178 24.2678
      vertex 6 21.1067 24.8097
    endloop
  endfacet
  facet normal -0 -0.555528 -0.831498
    outer loop
      vertex 6 21.9178 24.2678
      vertex 3 21.1067 24.8097
      vertex 3 21.9178 24.2678
    endloop
  endfacet
  facet normal 0 0.831498 0.555528
    outer loop
      vertex 6 18.3822 20.7322
      vertex 3 17.8403 21.5433
      vertex 6 17.8403 21.5433
    endloop
  endfacet
  facet normal 0 0.831498 0.555528
    outer loop
      vertex 3 17.8403 21.5433
      vertex 6 18.3822 20.7322
      vertex 3 18.3822 20.7322
    endloop
  endfacet
  facet normal -0 0.555528 0.831498
    outer loop
      vertex 3 19.1933 20.1903
      vertex 6 18.3822 20.7322
      vertex 6 19.1933 20.1903
    endloop
  endfacet
  facet normal 0 0.555528 0.831498
    outer loop
      vertex 6 18.3822 20.7322
      vertex 3 19.1933 20.1903
      vertex 3 18.3822 20.7322
    endloop
  endfacet
  facet normal -0 0.195091 0.980785
    outer loop
      vertex 3 20.15 20
      vertex 6 19.1933 20.1903
      vertex 6 20.15 20
    endloop
  endfacet
  facet normal 0 0.195091 0.980785
    outer loop
      vertex 6 19.1933 20.1903
      vertex 3 20.15 20
      vertex 3 19.1933 20.1903
    endloop
  endfacet
  facet normal 0 0.831498 -0.555528
    outer loop
      vertex 6 17.8403 23.4567
      vertex 3 18.3822 24.2678
      vertex 6 18.3822 24.2678
    endloop
  endfacet
  facet normal 0 0.831498 -0.555528
    outer loop
      vertex 3 18.3822 24.2678
      vertex 6 17.8403 23.4567
      vertex 3 17.8403 23.4567
    endloop
  endfacet
  facet normal 0 0.555528 -0.831498
    outer loop
      vertex 3 18.3822 24.2678
      vertex 6 19.1933 24.8097
      vertex 6 18.3822 24.2678
    endloop
  endfacet
  facet normal 0 0.555528 -0.831498
    outer loop
      vertex 6 19.1933 24.8097
      vertex 3 18.3822 24.2678
      vertex 3 19.1933 24.8097
    endloop
  endfacet
  facet normal 0 0.195091 -0.980785
    outer loop
      vertex 3 19.1933 24.8097
      vertex 6 20.15 25
      vertex 6 19.1933 24.8097
    endloop
  endfacet
  facet normal 0 0.195091 -0.980785
    outer loop
      vertex 6 20.15 25
      vertex 3 19.1933 24.8097
      vertex 3 20.15 25
    endloop
  endfacet
  facet normal 0 0.980785 0.195091
    outer loop
      vertex 6 17.8403 21.5433
      vertex 3 17.65 22.5
      vertex 6 17.65 22.5
    endloop
  endfacet
  facet normal 0 0.980785 0.195091
    outer loop
      vertex 3 17.65 22.5
      vertex 6 17.8403 21.5433
      vertex 3 17.8403 21.5433
    endloop
  endfacet
  facet normal 0 0.980785 -0.195091
    outer loop
      vertex 6 17.65 22.5
      vertex 3 17.8403 23.4567
      vertex 6 17.8403 23.4567
    endloop
  endfacet
  facet normal 0 0.980785 -0.195091
    outer loop
      vertex 3 17.8403 23.4567
      vertex 6 17.65 22.5
      vertex 3 17.65 22.5
    endloop
  endfacet
  facet normal 0 -0.195091 0.980785
    outer loop
      vertex 102.5 21.1067 20.1903
      vertex 105.5 20.15 20
      vertex 105.5 21.1067 20.1903
    endloop
  endfacet
  facet normal 0 -0.195091 0.980785
    outer loop
      vertex 105.5 20.15 20
      vertex 102.5 21.1067 20.1903
      vertex 102.5 20.15 20
    endloop
  endfacet
  facet normal 0 -0.195091 -0.980785
    outer loop
      vertex 102.5 20.15 25
      vertex 105.5 21.1067 24.8097
      vertex 105.5 20.15 25
    endloop
  endfacet
  facet normal -0 -0.195091 -0.980785
    outer loop
      vertex 105.5 21.1067 24.8097
      vertex 102.5 20.15 25
      vertex 102.5 21.1067 24.8097
    endloop
  endfacet
  facet normal 0 -0.980785 -0.195091
    outer loop
      vertex 102.5 22.65 22.5
      vertex 105.5 22.4597 23.4567
      vertex 102.5 22.4597 23.4567
    endloop
  endfacet
  facet normal 0 -0.980785 -0.195091
    outer loop
      vertex 105.5 22.4597 23.4567
      vertex 102.5 22.65 22.5
      vertex 105.5 22.65 22.5
    endloop
  endfacet
  facet normal 0 -0.831498 -0.555528
    outer loop
      vertex 102.5 22.4597 23.4567
      vertex 105.5 21.9178 24.2678
      vertex 102.5 21.9178 24.2678
    endloop
  endfacet
  facet normal 0 -0.831498 -0.555528
    outer loop
      vertex 105.5 21.9178 24.2678
      vertex 102.5 22.4597 23.4567
      vertex 105.5 22.4597 23.4567
    endloop
  endfacet
  facet normal 0 -0.555528 0.831498
    outer loop
      vertex 102.5 21.9178 20.7322
      vertex 105.5 21.1067 20.1903
      vertex 105.5 21.9178 20.7322
    endloop
  endfacet
  facet normal 0 -0.555528 0.831498
    outer loop
      vertex 105.5 21.1067 20.1903
      vertex 102.5 21.9178 20.7322
      vertex 102.5 21.1067 20.1903
    endloop
  endfacet
  facet normal 0 -0.980785 0.195091
    outer loop
      vertex 102.5 22.4597 21.5433
      vertex 105.5 22.65 22.5
      vertex 102.5 22.65 22.5
    endloop
  endfacet
  facet normal 0 -0.980785 0.195091
    outer loop
      vertex 105.5 22.65 22.5
      vertex 102.5 22.4597 21.5433
      vertex 105.5 22.4597 21.5433
    endloop
  endfacet
  facet normal 0 -0.831498 0.555528
    outer loop
      vertex 102.5 21.9178 20.7322
      vertex 105.5 22.4597 21.5433
      vertex 102.5 22.4597 21.5433
    endloop
  endfacet
  facet normal 0 -0.831498 0.555528
    outer loop
      vertex 105.5 22.4597 21.5433
      vertex 102.5 21.9178 20.7322
      vertex 105.5 21.9178 20.7322
    endloop
  endfacet
  facet normal 0 -0.555528 -0.831498
    outer loop
      vertex 102.5 21.1067 24.8097
      vertex 105.5 21.9178 24.2678
      vertex 105.5 21.1067 24.8097
    endloop
  endfacet
  facet normal -0 -0.555528 -0.831498
    outer loop
      vertex 105.5 21.9178 24.2678
      vertex 102.5 21.1067 24.8097
      vertex 102.5 21.9178 24.2678
    endloop
  endfacet
  facet normal 0 0.831498 0.555528
    outer loop
      vertex 105.5 18.3822 20.7322
      vertex 102.5 17.8403 21.5433
      vertex 105.5 17.8403 21.5433
    endloop
  endfacet
  facet normal 0 0.831498 0.555528
    outer loop
      vertex 102.5 17.8403 21.5433
      vertex 105.5 18.3822 20.7322
      vertex 102.5 18.3822 20.7322
    endloop
  endfacet
  facet normal -0 0.555528 0.831498
    outer loop
      vertex 102.5 19.1933 20.1903
      vertex 105.5 18.3822 20.7322
      vertex 105.5 19.1933 20.1903
    endloop
  endfacet
  facet normal 0 0.555528 0.831498
    outer loop
      vertex 105.5 18.3822 20.7322
      vertex 102.5 19.1933 20.1903
      vertex 102.5 18.3822 20.7322
    endloop
  endfacet
  facet normal -0 0.195091 0.980785
    outer loop
      vertex 102.5 20.15 20
      vertex 105.5 19.1933 20.1903
      vertex 105.5 20.15 20
    endloop
  endfacet
  facet normal 0 0.195091 0.980785
    outer loop
      vertex 105.5 19.1933 20.1903
      vertex 102.5 20.15 20
      vertex 102.5 19.1933 20.1903
    endloop
  endfacet
  facet normal 0 0.831498 -0.555528
    outer loop
      vertex 105.5 17.8403 23.4567
      vertex 102.5 18.3822 24.2678
      vertex 105.5 18.3822 24.2678
    endloop
  endfacet
  facet normal 0 0.831498 -0.555528
    outer loop
      vertex 102.5 18.3822 24.2678
      vertex 105.5 17.8403 23.4567
      vertex 102.5 17.8403 23.4567
    endloop
  endfacet
  facet normal 0 0.555528 -0.831498
    outer loop
      vertex 102.5 18.3822 24.2678
      vertex 105.5 19.1933 24.8097
      vertex 105.5 18.3822 24.2678
    endloop
  endfacet
  facet normal 0 0.555528 -0.831498
    outer loop
      vertex 105.5 19.1933 24.8097
      vertex 102.5 18.3822 24.2678
      vertex 102.5 19.1933 24.8097
    endloop
  endfacet
  facet normal 0 0.195091 -0.980785
    outer loop
      vertex 102.5 19.1933 24.8097
      vertex 105.5 20.15 25
      vertex 105.5 19.1933 24.8097
    endloop
  endfacet
  facet normal 0 0.195091 -0.980785
    outer loop
      vertex 105.5 20.15 25
      vertex 102.5 19.1933 24.8097
      vertex 102.5 20.15 25
    endloop
  endfacet
  facet normal 0 0.980785 0.195091
    outer loop
      vertex 105.5 17.8403 21.5433
      vertex 102.5 17.65 22.5
      vertex 105.5 17.65 22.5
    endloop
  endfacet
  facet normal 0 0.980785 0.195091
    outer loop
      vertex 102.5 17.65 22.5
      vertex 105.5 17.8403 21.5433
      vertex 102.5 17.8403 21.5433
    endloop
  endfacet
  facet normal 0 0.980785 -0.195091
    outer loop
      vertex 105.5 17.65 22.5
      vertex 102.5 17.8403 23.4567
      vertex 105.5 17.8403 23.4567
    endloop
  endfacet
  facet normal 0 0.980785 -0.195091
    outer loop
      vertex 102.5 17.8403 23.4567
      vertex 105.5 17.65 22.5
      vertex 102.5 17.65 22.5
    endloop
  endfacet
  facet normal 0 -0.195091 0.980785
    outer loop
      vertex 3 31.1067 20.1903
      vertex 6 30.15 20
      vertex 6 31.1067 20.1903
    endloop
  endfacet
  facet normal 0 -0.195091 0.980785
    outer loop
      vertex 6 30.15 20
      vertex 3 31.1067 20.1903
      vertex 3 30.15 20
    endloop
  endfacet
  facet normal 0 -0.195091 -0.980785
    outer loop
      vertex 3 30.15 25
      vertex 6 31.1067 24.8097
      vertex 6 30.15 25
    endloop
  endfacet
  facet normal -0 -0.195091 -0.980785
    outer loop
      vertex 6 31.1067 24.8097
      vertex 3 30.15 25
      vertex 3 31.1067 24.8097
    endloop
  endfacet
  facet normal 0 -0.980785 -0.195091
    outer loop
      vertex 3 32.65 22.5
      vertex 6 32.4597 23.4567
      vertex 3 32.4597 23.4567
    endloop
  endfacet
  facet normal 0 -0.980785 -0.195091
    outer loop
      vertex 6 32.4597 23.4567
      vertex 3 32.65 22.5
      vertex 6 32.65 22.5
    endloop
  endfacet
  facet normal 0 -0.831498 -0.555528
    outer loop
      vertex 3 32.4597 23.4567
      vertex 6 31.9178 24.2678
      vertex 3 31.9178 24.2678
    endloop
  endfacet
  facet normal 0 -0.831498 -0.555528
    outer loop
      vertex 6 31.9178 24.2678
      vertex 3 32.4597 23.4567
      vertex 6 32.4597 23.4567
    endloop
  endfacet
  facet normal 0 -0.555528 0.831498
    outer loop
      vertex 3 31.9178 20.7322
      vertex 6 31.1067 20.1903
      vertex 6 31.9178 20.7322
    endloop
  endfacet
  facet normal 0 -0.555528 0.831498
    outer loop
      vertex 6 31.1067 20.1903
      vertex 3 31.9178 20.7322
      vertex 3 31.1067 20.1903
    endloop
  endfacet
  facet normal 0 -0.980785 0.195091
    outer loop
      vertex 3 32.4597 21.5433
      vertex 6 32.65 22.5
      vertex 3 32.65 22.5
    endloop
  endfacet
  facet normal 0 -0.980785 0.195091
    outer loop
      vertex 6 32.65 22.5
      vertex 3 32.4597 21.5433
      vertex 6 32.4597 21.5433
    endloop
  endfacet
  facet normal 0 -0.831498 0.555528
    outer loop
      vertex 3 31.9178 20.7322
      vertex 6 32.4597 21.5433
      vertex 3 32.4597 21.5433
    endloop
  endfacet
  facet normal 0 -0.831498 0.555528
    outer loop
      vertex 6 32.4597 21.5433
      vertex 3 31.9178 20.7322
      vertex 6 31.9178 20.7322
    endloop
  endfacet
  facet normal 0 -0.555528 -0.831498
    outer loop
      vertex 3 31.1067 24.8097
      vertex 6 31.9178 24.2678
      vertex 6 31.1067 24.8097
    endloop
  endfacet
  facet normal -0 -0.555528 -0.831498
    outer loop
      vertex 6 31.9178 24.2678
      vertex 3 31.1067 24.8097
      vertex 3 31.9178 24.2678
    endloop
  endfacet
  facet normal 0 0.831498 0.555528
    outer loop
      vertex 6 28.3822 20.7322
      vertex 3 27.8403 21.5433
      vertex 6 27.8403 21.5433
    endloop
  endfacet
  facet normal 0 0.831498 0.555528
    outer loop
      vertex 3 27.8403 21.5433
      vertex 6 28.3822 20.7322
      vertex 3 28.3822 20.7322
    endloop
  endfacet
  facet normal -0 0.555528 0.831498
    outer loop
      vertex 3 29.1933 20.1903
      vertex 6 28.3822 20.7322
      vertex 6 29.1933 20.1903
    endloop
  endfacet
  facet normal 0 0.555528 0.831498
    outer loop
      vertex 6 28.3822 20.7322
      vertex 3 29.1933 20.1903
      vertex 3 28.3822 20.7322
    endloop
  endfacet
  facet normal -0 0.195091 0.980785
    outer loop
      vertex 3 30.15 20
      vertex 6 29.1933 20.1903
      vertex 6 30.15 20
    endloop
  endfacet
  facet normal 0 0.195091 0.980785
    outer loop
      vertex 6 29.1933 20.1903
      vertex 3 30.15 20
      vertex 3 29.1933 20.1903
    endloop
  endfacet
  facet normal 0 0.831498 -0.555528
    outer loop
      vertex 6 27.8403 23.4567
      vertex 3 28.3822 24.2678
      vertex 6 28.3822 24.2678
    endloop
  endfacet
  facet normal 0 0.831498 -0.555528
    outer loop
      vertex 3 28.3822 24.2678
      vertex 6 27.8403 23.4567
      vertex 3 27.8403 23.4567
    endloop
  endfacet
  facet normal 0 0.555528 -0.831498
    outer loop
      vertex 3 28.3822 24.2678
      vertex 6 29.1933 24.8097
      vertex 6 28.3822 24.2678
    endloop
  endfacet
  facet normal 0 0.555528 -0.831498
    outer loop
      vertex 6 29.1933 24.8097
      vertex 3 28.3822 24.2678
      vertex 3 29.1933 24.8097
    endloop
  endfacet
  facet normal 0 0.195091 -0.980785
    outer loop
      vertex 3 29.1933 24.8097
      vertex 6 30.15 25
      vertex 6 29.1933 24.8097
    endloop
  endfacet
  facet normal 0 0.195091 -0.980785
    outer loop
      vertex 6 30.15 25
      vertex 3 29.1933 24.8097
      vertex 3 30.15 25
    endloop
  endfacet
  facet normal 0 0.980785 0.195091
    outer loop
      vertex 6 27.8403 21.5433
      vertex 3 27.65 22.5
      vertex 6 27.65 22.5
    endloop
  endfacet
  facet normal 0 0.980785 0.195091
    outer loop
      vertex 3 27.65 22.5
      vertex 6 27.8403 21.5433
      vertex 3 27.8403 21.5433
    endloop
  endfacet
  facet normal 0 0.980785 -0.195091
    outer loop
      vertex 6 27.65 22.5
      vertex 3 27.8403 23.4567
      vertex 6 27.8403 23.4567
    endloop
  endfacet
  facet normal 0 0.980785 -0.195091
    outer loop
      vertex 3 27.8403 23.4567
      vertex 6 27.65 22.5
      vertex 3 27.65 22.5
    endloop
  endfacet
  facet normal 0 -0.195091 0.980785
    outer loop
      vertex 102.5 31.1067 20.1903
      vertex 105.5 30.15 20
      vertex 105.5 31.1067 20.1903
    endloop
  endfacet
  facet normal 0 -0.195091 0.980785
    outer loop
      vertex 105.5 30.15 20
      vertex 102.5 31.1067 20.1903
      vertex 102.5 30.15 20
    endloop
  endfacet
  facet normal 0 -0.195091 -0.980785
    outer loop
      vertex 102.5 30.15 25
      vertex 105.5 31.1067 24.8097
      vertex 105.5 30.15 25
    endloop
  endfacet
  facet normal -0 -0.195091 -0.980785
    outer loop
      vertex 105.5 31.1067 24.8097
      vertex 102.5 30.15 25
      vertex 102.5 31.1067 24.8097
    endloop
  endfacet
  facet normal 0 -0.980785 -0.195091
    outer loop
      vertex 102.5 32.65 22.5
      vertex 105.5 32.4597 23.4567
      vertex 102.5 32.4597 23.4567
    endloop
  endfacet
  facet normal 0 -0.980785 -0.195091
    outer loop
      vertex 105.5 32.4597 23.4567
      vertex 102.5 32.65 22.5
      vertex 105.5 32.65 22.5
    endloop
  endfacet
  facet normal 0 -0.831498 -0.555528
    outer loop
      vertex 102.5 32.4597 23.4567
      vertex 105.5 31.9178 24.2678
      vertex 102.5 31.9178 24.2678
    endloop
  endfacet
  facet normal 0 -0.831498 -0.555528
    outer loop
      vertex 105.5 31.9178 24.2678
      vertex 102.5 32.4597 23.4567
      vertex 105.5 32.4597 23.4567
    endloop
  endfacet
  facet normal 0 -0.555528 0.831498
    outer loop
      vertex 102.5 31.9178 20.7322
      vertex 105.5 31.1067 20.1903
      vertex 105.5 31.9178 20.7322
    endloop
  endfacet
  facet normal 0 -0.555528 0.831498
    outer loop
      vertex 105.5 31.1067 20.1903
      vertex 102.5 31.9178 20.7322
      vertex 102.5 31.1067 20.1903
    endloop
  endfacet
  facet normal 0 -0.980785 0.195091
    outer loop
      vertex 102.5 32.4597 21.5433
      vertex 105.5 32.65 22.5
      vertex 102.5 32.65 22.5
    endloop
  endfacet
  facet normal 0 -0.980785 0.195091
    outer loop
      vertex 105.5 32.65 22.5
      vertex 102.5 32.4597 21.5433
      vertex 105.5 32.4597 21.5433
    endloop
  endfacet
  facet normal 0 -0.831498 0.555528
    outer loop
      vertex 102.5 31.9178 20.7322
      vertex 105.5 32.4597 21.5433
      vertex 102.5 32.4597 21.5433
    endloop
  endfacet
  facet normal 0 -0.831498 0.555528
    outer loop
      vertex 105.5 32.4597 21.5433
      vertex 102.5 31.9178 20.7322
      vertex 105.5 31.9178 20.7322
    endloop
  endfacet
  facet normal 0 -0.555528 -0.831498
    outer loop
      vertex 102.5 31.1067 24.8097
      vertex 105.5 31.9178 24.2678
      vertex 105.5 31.1067 24.8097
    endloop
  endfacet
  facet normal -0 -0.555528 -0.831498
    outer loop
      vertex 105.5 31.9178 24.2678
      vertex 102.5 31.1067 24.8097
      vertex 102.5 31.9178 24.2678
    endloop
  endfacet
  facet normal 0 0.831498 0.555528
    outer loop
      vertex 105.5 28.3822 20.7322
      vertex 102.5 27.8403 21.5433
      vertex 105.5 27.8403 21.5433
    endloop
  endfacet
  facet normal 0 0.831498 0.555528
    outer loop
      vertex 102.5 27.8403 21.5433
      vertex 105.5 28.3822 20.7322
      vertex 102.5 28.3822 20.7322
    endloop
  endfacet
  facet normal -0 0.555528 0.831498
    outer loop
      vertex 102.5 29.1933 20.1903
      vertex 105.5 28.3822 20.7322
      vertex 105.5 29.1933 20.1903
    endloop
  endfacet
  facet normal 0 0.555528 0.831498
    outer loop
      vertex 105.5 28.3822 20.7322
      vertex 102.5 29.1933 20.1903
      vertex 102.5 28.3822 20.7322
    endloop
  endfacet
  facet normal -0 0.195091 0.980785
    outer loop
      vertex 102.5 30.15 20
      vertex 105.5 29.1933 20.1903
      vertex 105.5 30.15 20
    endloop
  endfacet
  facet normal 0 0.195091 0.980785
    outer loop
      vertex 105.5 29.1933 20.1903
      vertex 102.5 30.15 20
      vertex 102.5 29.1933 20.1903
    endloop
  endfacet
  facet normal 0 0.831498 -0.555528
    outer loop
      vertex 105.5 27.8403 23.4567
      vertex 102.5 28.3822 24.2678
      vertex 105.5 28.3822 24.2678
    endloop
  endfacet
  facet normal 0 0.831498 -0.555528
    outer loop
      vertex 102.5 28.3822 24.2678
      vertex 105.5 27.8403 23.4567
      vertex 102.5 27.8403 23.4567
    endloop
  endfacet
  facet normal 0 0.555528 -0.831498
    outer loop
      vertex 102.5 28.3822 24.2678
      vertex 105.5 29.1933 24.8097
      vertex 105.5 28.3822 24.2678
    endloop
  endfacet
  facet normal 0 0.555528 -0.831498
    outer loop
      vertex 105.5 29.1933 24.8097
      vertex 102.5 28.3822 24.2678
      vertex 102.5 29.1933 24.8097
    endloop
  endfacet
  facet normal 0 0.195091 -0.980785
    outer loop
      vertex 102.5 29.1933 24.8097
      vertex 105.5 30.15 25
      vertex 105.5 29.1933 24.8097
    endloop
  endfacet
  facet normal 0 0.195091 -0.980785
    outer loop
      vertex 105.5 30.15 25
      vertex 102.5 29.1933 24.8097
      vertex 102.5 30.15 25
    endloop
  endfacet
  facet normal 0 0.980785 0.195091
    outer loop
      vertex 105.5 27.8403 21.5433
      vertex 102.5 27.65 22.5
      vertex 105.5 27.65 22.5
    endloop
  endfacet
  facet normal 0 0.980785 0.195091
    outer loop
      vertex 102.5 27.65 22.5
      vertex 105.5 27.8403 21.5433
      vertex 102.5 27.8403 21.5433
    endloop
  endfacet
  facet normal 0 0.980785 -0.195091
    outer loop
      vertex 105.5 27.65 22.5
      vertex 102.5 27.8403 23.4567
      vertex 105.5 27.8403 23.4567
    endloop
  endfacet
  facet normal 0 0.980785 -0.195091
    outer loop
      vertex 102.5 27.8403 23.4567
      vertex 105.5 27.65 22.5
      vertex 102.5 27.65 22.5
    endloop
  endfacet
  facet normal 0 -0.195091 0.980785
    outer loop
      vertex 3 41.1067 20.1903
      vertex 6 40.15 20
      vertex 6 41.1067 20.1903
    endloop
  endfacet
  facet normal 0 -0.195091 0.980785
    outer loop
      vertex 6 40.15 20
      vertex 3 41.1067 20.1903
      vertex 3 40.15 20
    endloop
  endfacet
  facet normal 0 -0.195091 -0.980785
    outer loop
      vertex 3 40.15 25
      vertex 6 41.1067 24.8097
      vertex 6 40.15 25
    endloop
  endfacet
  facet normal -0 -0.195091 -0.980785
    outer loop
      vertex 6 41.1067 24.8097
      vertex 3 40.15 25
      vertex 3 41.1067 24.8097
    endloop
  endfacet
  facet normal 0 -0.980785 -0.195091
    outer loop
      vertex 3 42.65 22.5
      vertex 6 42.4597 23.4567
      vertex 3 42.4597 23.4567
    endloop
  endfacet
  facet normal 0 -0.980785 -0.195091
    outer loop
      vertex 6 42.4597 23.4567
      vertex 3 42.65 22.5
      vertex 6 42.65 22.5
    endloop
  endfacet
  facet normal 0 -0.831498 -0.555528
    outer loop
      vertex 3 42.4597 23.4567
      vertex 6 41.9178 24.2678
      vertex 3 41.9178 24.2678
    endloop
  endfacet
  facet normal 0 -0.831498 -0.555528
    outer loop
      vertex 6 41.9178 24.2678
      vertex 3 42.4597 23.4567
      vertex 6 42.4597 23.4567
    endloop
  endfacet
  facet normal 0 0.980785 0.195091
    outer loop
      vertex 6 37.8403 21.5433
      vertex 3 37.65 22.5
      vertex 6 37.65 22.5
    endloop
  endfacet
  facet normal 0 0.980785 0.195091
    outer loop
      vertex 3 37.65 22.5
      vertex 6 37.8403 21.5433
      vertex 3 37.8403 21.5433
    endloop
  endfacet
  facet normal 0 0.831498 0.555528
    outer loop
      vertex 6 38.3822 20.7322
      vertex 3 37.8403 21.5433
      vertex 6 37.8403 21.5433
    endloop
  endfacet
  facet normal 0 0.831498 0.555528
    outer loop
      vertex 3 37.8403 21.5433
      vertex 6 38.3822 20.7322
      vertex 3 38.3822 20.7322
    endloop
  endfacet
  facet normal 0 -0.555528 0.831498
    outer loop
      vertex 3 41.9178 20.7322
      vertex 6 41.1067 20.1903
      vertex 6 41.9178 20.7322
    endloop
  endfacet
  facet normal 0 -0.555528 0.831498
    outer loop
      vertex 6 41.1067 20.1903
      vertex 3 41.9178 20.7322
      vertex 3 41.1067 20.1903
    endloop
  endfacet
  facet normal 0 -0.980785 0.195091
    outer loop
      vertex 3 42.4597 21.5433
      vertex 6 42.65 22.5
      vertex 3 42.65 22.5
    endloop
  endfacet
  facet normal 0 -0.980785 0.195091
    outer loop
      vertex 6 42.65 22.5
      vertex 3 42.4597 21.5433
      vertex 6 42.4597 21.5433
    endloop
  endfacet
  facet normal 0 -0.555528 -0.831498
    outer loop
      vertex 3 41.1067 24.8097
      vertex 6 41.9178 24.2678
      vertex 6 41.1067 24.8097
    endloop
  endfacet
  facet normal -0 -0.555528 -0.831498
    outer loop
      vertex 6 41.9178 24.2678
      vertex 3 41.1067 24.8097
      vertex 3 41.9178 24.2678
    endloop
  endfacet
  facet normal -0 0.195091 0.980785
    outer loop
      vertex 3 40.15 20
      vertex 6 39.1933 20.1903
      vertex 6 40.15 20
    endloop
  endfacet
  facet normal 0 0.195091 0.980785
    outer loop
      vertex 6 39.1933 20.1903
      vertex 3 40.15 20
      vertex 3 39.1933 20.1903
    endloop
  endfacet
  facet normal 0 -0.831498 0.555528
    outer loop
      vertex 3 41.9178 20.7322
      vertex 6 42.4597 21.5433
      vertex 3 42.4597 21.5433
    endloop
  endfacet
  facet normal 0 -0.831498 0.555528
    outer loop
      vertex 6 42.4597 21.5433
      vertex 3 41.9178 20.7322
      vertex 6 41.9178 20.7322
    endloop
  endfacet
  facet normal -0 0.555528 0.831498
    outer loop
      vertex 3 39.1933 20.1903
      vertex 6 38.3822 20.7322
      vertex 6 39.1933 20.1903
    endloop
  endfacet
  facet normal 0 0.555528 0.831498
    outer loop
      vertex 6 38.3822 20.7322
      vertex 3 39.1933 20.1903
      vertex 3 38.3822 20.7322
    endloop
  endfacet
  facet normal 0 0.831498 -0.555528
    outer loop
      vertex 6 37.8403 23.4567
      vertex 3 38.3822 24.2678
      vertex 6 38.3822 24.2678
    endloop
  endfacet
  facet normal 0 0.831498 -0.555528
    outer loop
      vertex 3 38.3822 24.2678
      vertex 6 37.8403 23.4567
      vertex 3 37.8403 23.4567
    endloop
  endfacet
  facet normal 0 0.555528 -0.831498
    outer loop
      vertex 3 38.3822 24.2678
      vertex 6 39.1933 24.8097
      vertex 6 38.3822 24.2678
    endloop
  endfacet
  facet normal 0 0.555528 -0.831498
    outer loop
      vertex 6 39.1933 24.8097
      vertex 3 38.3822 24.2678
      vertex 3 39.1933 24.8097
    endloop
  endfacet
  facet normal 0 0.195091 -0.980785
    outer loop
      vertex 3 39.1933 24.8097
      vertex 6 40.15 25
      vertex 6 39.1933 24.8097
    endloop
  endfacet
  facet normal 0 0.195091 -0.980785
    outer loop
      vertex 6 40.15 25
      vertex 3 39.1933 24.8097
      vertex 3 40.15 25
    endloop
  endfacet
  facet normal 0 0.980785 -0.195091
    outer loop
      vertex 6 37.65 22.5
      vertex 3 37.8403 23.4567
      vertex 6 37.8403 23.4567
    endloop
  endfacet
  facet normal 0 0.980785 -0.195091
    outer loop
      vertex 3 37.8403 23.4567
      vertex 6 37.65 22.5
      vertex 3 37.65 22.5
    endloop
  endfacet
  facet normal 0 -0.195091 0.980785
    outer loop
      vertex 102.5 41.1067 20.1903
      vertex 105.5 40.15 20
      vertex 105.5 41.1067 20.1903
    endloop
  endfacet
  facet normal 0 -0.195091 0.980785
    outer loop
      vertex 105.5 40.15 20
      vertex 102.5 41.1067 20.1903
      vertex 102.5 40.15 20
    endloop
  endfacet
  facet normal 0 -0.195091 -0.980785
    outer loop
      vertex 102.5 40.15 25
      vertex 105.5 41.1067 24.8097
      vertex 105.5 40.15 25
    endloop
  endfacet
  facet normal -0 -0.195091 -0.980785
    outer loop
      vertex 105.5 41.1067 24.8097
      vertex 102.5 40.15 25
      vertex 102.5 41.1067 24.8097
    endloop
  endfacet
  facet normal 0 -0.980785 -0.195091
    outer loop
      vertex 102.5 42.65 22.5
      vertex 105.5 42.4597 23.4567
      vertex 102.5 42.4597 23.4567
    endloop
  endfacet
  facet normal 0 -0.980785 -0.195091
    outer loop
      vertex 105.5 42.4597 23.4567
      vertex 102.5 42.65 22.5
      vertex 105.5 42.65 22.5
    endloop
  endfacet
  facet normal 0 -0.831498 -0.555528
    outer loop
      vertex 102.5 42.4597 23.4567
      vertex 105.5 41.9178 24.2678
      vertex 102.5 41.9178 24.2678
    endloop
  endfacet
  facet normal 0 -0.831498 -0.555528
    outer loop
      vertex 105.5 41.9178 24.2678
      vertex 102.5 42.4597 23.4567
      vertex 105.5 42.4597 23.4567
    endloop
  endfacet
  facet normal 0 0.980785 0.195091
    outer loop
      vertex 105.5 37.8403 21.5433
      vertex 102.5 37.65 22.5
      vertex 105.5 37.65 22.5
    endloop
  endfacet
  facet normal 0 0.980785 0.195091
    outer loop
      vertex 102.5 37.65 22.5
      vertex 105.5 37.8403 21.5433
      vertex 102.5 37.8403 21.5433
    endloop
  endfacet
  facet normal 0 0.831498 0.555528
    outer loop
      vertex 105.5 38.3822 20.7322
      vertex 102.5 37.8403 21.5433
      vertex 105.5 37.8403 21.5433
    endloop
  endfacet
  facet normal 0 0.831498 0.555528
    outer loop
      vertex 102.5 37.8403 21.5433
      vertex 105.5 38.3822 20.7322
      vertex 102.5 38.3822 20.7322
    endloop
  endfacet
  facet normal 0 -0.555528 0.831498
    outer loop
      vertex 102.5 41.9178 20.7322
      vertex 105.5 41.1067 20.1903
      vertex 105.5 41.9178 20.7322
    endloop
  endfacet
  facet normal 0 -0.555528 0.831498
    outer loop
      vertex 105.5 41.1067 20.1903
      vertex 102.5 41.9178 20.7322
      vertex 102.5 41.1067 20.1903
    endloop
  endfacet
  facet normal 0 -0.980785 0.195091
    outer loop
      vertex 102.5 42.4597 21.5433
      vertex 105.5 42.65 22.5
      vertex 102.5 42.65 22.5
    endloop
  endfacet
  facet normal 0 -0.980785 0.195091
    outer loop
      vertex 105.5 42.65 22.5
      vertex 102.5 42.4597 21.5433
      vertex 105.5 42.4597 21.5433
    endloop
  endfacet
  facet normal 0 -0.555528 -0.831498
    outer loop
      vertex 102.5 41.1067 24.8097
      vertex 105.5 41.9178 24.2678
      vertex 105.5 41.1067 24.8097
    endloop
  endfacet
  facet normal -0 -0.555528 -0.831498
    outer loop
      vertex 105.5 41.9178 24.2678
      vertex 102.5 41.1067 24.8097
      vertex 102.5 41.9178 24.2678
    endloop
  endfacet
  facet normal -0 0.195091 0.980785
    outer loop
      vertex 102.5 40.15 20
      vertex 105.5 39.1933 20.1903
      vertex 105.5 40.15 20
    endloop
  endfacet
  facet normal 0 0.195091 0.980785
    outer loop
      vertex 105.5 39.1933 20.1903
      vertex 102.5 40.15 20
      vertex 102.5 39.1933 20.1903
    endloop
  endfacet
  facet normal 0 -0.831498 0.555528
    outer loop
      vertex 102.5 41.9178 20.7322
      vertex 105.5 42.4597 21.5433
      vertex 102.5 42.4597 21.5433
    endloop
  endfacet
  facet normal 0 -0.831498 0.555528
    outer loop
      vertex 105.5 42.4597 21.5433
      vertex 102.5 41.9178 20.7322
      vertex 105.5 41.9178 20.7322
    endloop
  endfacet
  facet normal -0 0.555528 0.831498
    outer loop
      vertex 102.5 39.1933 20.1903
      vertex 105.5 38.3822 20.7322
      vertex 105.5 39.1933 20.1903
    endloop
  endfacet
  facet normal 0 0.555528 0.831498
    outer loop
      vertex 105.5 38.3822 20.7322
      vertex 102.5 39.1933 20.1903
      vertex 102.5 38.3822 20.7322
    endloop
  endfacet
  facet normal 0 0.831498 -0.555528
    outer loop
      vertex 105.5 37.8403 23.4567
      vertex 102.5 38.3822 24.2678
      vertex 105.5 38.3822 24.2678
    endloop
  endfacet
  facet normal 0 0.831498 -0.555528
    outer loop
      vertex 102.5 38.3822 24.2678
      vertex 105.5 37.8403 23.4567
      vertex 102.5 37.8403 23.4567
    endloop
  endfacet
  facet normal 0 0.555528 -0.831498
    outer loop
      vertex 102.5 38.3822 24.2678
      vertex 105.5 39.1933 24.8097
      vertex 105.5 38.3822 24.2678
    endloop
  endfacet
  facet normal 0 0.555528 -0.831498
    outer loop
      vertex 105.5 39.1933 24.8097
      vertex 102.5 38.3822 24.2678
      vertex 102.5 39.1933 24.8097
    endloop
  endfacet
  facet normal 0 0.195091 -0.980785
    outer loop
      vertex 102.5 39.1933 24.8097
      vertex 105.5 40.15 25
      vertex 105.5 39.1933 24.8097
    endloop
  endfacet
  facet normal 0 0.195091 -0.980785
    outer loop
      vertex 105.5 40.15 25
      vertex 102.5 39.1933 24.8097
      vertex 102.5 40.15 25
    endloop
  endfacet
  facet normal 0 0.980785 -0.195091
    outer loop
      vertex 105.5 37.65 22.5
      vertex 102.5 37.8403 23.4567
      vertex 105.5 37.8403 23.4567
    endloop
  endfacet
  facet normal 0 0.980785 -0.195091
    outer loop
      vertex 102.5 37.8403 23.4567
      vertex 105.5 37.65 22.5
      vertex 102.5 37.65 22.5
    endloop
  endfacet
  facet normal 0 -0.195091 0.980785
    outer loop
      vertex 3 51.1067 20.1903
      vertex 6 50.15 20
      vertex 6 51.1067 20.1903
    endloop
  endfacet
  facet normal 0 -0.195091 0.980785
    outer loop
      vertex 6 50.15 20
      vertex 3 51.1067 20.1903
      vertex 3 50.15 20
    endloop
  endfacet
  facet normal 0 -0.195091 -0.980785
    outer loop
      vertex 3 50.15 25
      vertex 6 51.1067 24.8097
      vertex 6 50.15 25
    endloop
  endfacet
  facet normal -0 -0.195091 -0.980785
    outer loop
      vertex 6 51.1067 24.8097
      vertex 3 50.15 25
      vertex 3 51.1067 24.8097
    endloop
  endfacet
  facet normal 0 -0.980785 -0.195091
    outer loop
      vertex 3 52.65 22.5
      vertex 6 52.4597 23.4567
      vertex 3 52.4597 23.4567
    endloop
  endfacet
  facet normal 0 -0.980785 -0.195091
    outer loop
      vertex 6 52.4597 23.4567
      vertex 3 52.65 22.5
      vertex 6 52.65 22.5
    endloop
  endfacet
  facet normal 0 -0.831498 -0.555528
    outer loop
      vertex 3 52.4597 23.4567
      vertex 6 51.9178 24.2678
      vertex 3 51.9178 24.2678
    endloop
  endfacet
  facet normal 0 -0.831498 -0.555528
    outer loop
      vertex 6 51.9178 24.2678
      vertex 3 52.4597 23.4567
      vertex 6 52.4597 23.4567
    endloop
  endfacet
  facet normal 0 0.980785 0.195091
    outer loop
      vertex 6 47.8403 21.5433
      vertex 3 47.65 22.5
      vertex 6 47.65 22.5
    endloop
  endfacet
  facet normal 0 0.980785 0.195091
    outer loop
      vertex 3 47.65 22.5
      vertex 6 47.8403 21.5433
      vertex 3 47.8403 21.5433
    endloop
  endfacet
  facet normal 0 0.831498 0.555528
    outer loop
      vertex 6 48.3822 20.7322
      vertex 3 47.8403 21.5433
      vertex 6 47.8403 21.5433
    endloop
  endfacet
  facet normal 0 0.831498 0.555528
    outer loop
      vertex 3 47.8403 21.5433
      vertex 6 48.3822 20.7322
      vertex 3 48.3822 20.7322
    endloop
  endfacet
  facet normal 0 -0.555528 0.831498
    outer loop
      vertex 3 51.9178 20.7322
      vertex 6 51.1067 20.1903
      vertex 6 51.9178 20.7322
    endloop
  endfacet
  facet normal 0 -0.555528 0.831498
    outer loop
      vertex 6 51.1067 20.1903
      vertex 3 51.9178 20.7322
      vertex 3 51.1067 20.1903
    endloop
  endfacet
  facet normal 0 -0.980785 0.195091
    outer loop
      vertex 3 52.4597 21.5433
      vertex 6 52.65 22.5
      vertex 3 52.65 22.5
    endloop
  endfacet
  facet normal 0 -0.980785 0.195091
    outer loop
      vertex 6 52.65 22.5
      vertex 3 52.4597 21.5433
      vertex 6 52.4597 21.5433
    endloop
  endfacet
  facet normal 0 -0.555528 -0.831498
    outer loop
      vertex 3 51.1067 24.8097
      vertex 6 51.9178 24.2678
      vertex 6 51.1067 24.8097
    endloop
  endfacet
  facet normal -0 -0.555528 -0.831498
    outer loop
      vertex 6 51.9178 24.2678
      vertex 3 51.1067 24.8097
      vertex 3 51.9178 24.2678
    endloop
  endfacet
  facet normal -0 0.195091 0.980785
    outer loop
      vertex 3 50.15 20
      vertex 6 49.1933 20.1903
      vertex 6 50.15 20
    endloop
  endfacet
  facet normal 0 0.195091 0.980785
    outer loop
      vertex 6 49.1933 20.1903
      vertex 3 50.15 20
      vertex 3 49.1933 20.1903
    endloop
  endfacet
  facet normal 0 -0.831498 0.555528
    outer loop
      vertex 3 51.9178 20.7322
      vertex 6 52.4597 21.5433
      vertex 3 52.4597 21.5433
    endloop
  endfacet
  facet normal 0 -0.831498 0.555528
    outer loop
      vertex 6 52.4597 21.5433
      vertex 3 51.9178 20.7322
      vertex 6 51.9178 20.7322
    endloop
  endfacet
  facet normal -0 0.555528 0.831498
    outer loop
      vertex 3 49.1933 20.1903
      vertex 6 48.3822 20.7322
      vertex 6 49.1933 20.1903
    endloop
  endfacet
  facet normal 0 0.555528 0.831498
    outer loop
      vertex 6 48.3822 20.7322
      vertex 3 49.1933 20.1903
      vertex 3 48.3822 20.7322
    endloop
  endfacet
  facet normal 0 0.831498 -0.555528
    outer loop
      vertex 6 47.8403 23.4567
      vertex 3 48.3822 24.2678
      vertex 6 48.3822 24.2678
    endloop
  endfacet
  facet normal 0 0.831498 -0.555528
    outer loop
      vertex 3 48.3822 24.2678
      vertex 6 47.8403 23.4567
      vertex 3 47.8403 23.4567
    endloop
  endfacet
  facet normal 0 0.555528 -0.831498
    outer loop
      vertex 3 48.3822 24.2678
      vertex 6 49.1933 24.8097
      vertex 6 48.3822 24.2678
    endloop
  endfacet
  facet normal 0 0.555528 -0.831498
    outer loop
      vertex 6 49.1933 24.8097
      vertex 3 48.3822 24.2678
      vertex 3 49.1933 24.8097
    endloop
  endfacet
  facet normal 0 0.195091 -0.980785
    outer loop
      vertex 3 49.1933 24.8097
      vertex 6 50.15 25
      vertex 6 49.1933 24.8097
    endloop
  endfacet
  facet normal 0 0.195091 -0.980785
    outer loop
      vertex 6 50.15 25
      vertex 3 49.1933 24.8097
      vertex 3 50.15 25
    endloop
  endfacet
  facet normal 0 0.980785 -0.195091
    outer loop
      vertex 6 47.65 22.5
      vertex 3 47.8403 23.4567
      vertex 6 47.8403 23.4567
    endloop
  endfacet
  facet normal 0 0.980785 -0.195091
    outer loop
      vertex 3 47.8403 23.4567
      vertex 6 47.65 22.5
      vertex 3 47.65 22.5
    endloop
  endfacet
  facet normal 0 -0.195091 0.980785
    outer loop
      vertex 102.5 51.1067 20.1903
      vertex 105.5 50.15 20
      vertex 105.5 51.1067 20.1903
    endloop
  endfacet
  facet normal 0 -0.195091 0.980785
    outer loop
      vertex 105.5 50.15 20
      vertex 102.5 51.1067 20.1903
      vertex 102.5 50.15 20
    endloop
  endfacet
  facet normal 0 -0.195091 -0.980785
    outer loop
      vertex 102.5 50.15 25
      vertex 105.5 51.1067 24.8097
      vertex 105.5 50.15 25
    endloop
  endfacet
  facet normal -0 -0.195091 -0.980785
    outer loop
      vertex 105.5 51.1067 24.8097
      vertex 102.5 50.15 25
      vertex 102.5 51.1067 24.8097
    endloop
  endfacet
  facet normal 0 -0.980785 -0.195091
    outer loop
      vertex 102.5 52.65 22.5
      vertex 105.5 52.4597 23.4567
      vertex 102.5 52.4597 23.4567
    endloop
  endfacet
  facet normal 0 -0.980785 -0.195091
    outer loop
      vertex 105.5 52.4597 23.4567
      vertex 102.5 52.65 22.5
      vertex 105.5 52.65 22.5
    endloop
  endfacet
  facet normal 0 -0.831498 -0.555528
    outer loop
      vertex 102.5 52.4597 23.4567
      vertex 105.5 51.9178 24.2678
      vertex 102.5 51.9178 24.2678
    endloop
  endfacet
  facet normal 0 -0.831498 -0.555528
    outer loop
      vertex 105.5 51.9178 24.2678
      vertex 102.5 52.4597 23.4567
      vertex 105.5 52.4597 23.4567
    endloop
  endfacet
  facet normal 0 -0.555528 0.831498
    outer loop
      vertex 102.5 51.9178 20.7322
      vertex 105.5 51.1067 20.1903
      vertex 105.5 51.9178 20.7322
    endloop
  endfacet
  facet normal 0 -0.555528 0.831498
    outer loop
      vertex 105.5 51.1067 20.1903
      vertex 102.5 51.9178 20.7322
      vertex 102.5 51.1067 20.1903
    endloop
  endfacet
  facet normal 0 -0.980785 0.195091
    outer loop
      vertex 102.5 52.4597 21.5433
      vertex 105.5 52.65 22.5
      vertex 102.5 52.65 22.5
    endloop
  endfacet
  facet normal 0 -0.980785 0.195091
    outer loop
      vertex 105.5 52.65 22.5
      vertex 102.5 52.4597 21.5433
      vertex 105.5 52.4597 21.5433
    endloop
  endfacet
  facet normal 0 -0.831498 0.555528
    outer loop
      vertex 102.5 51.9178 20.7322
      vertex 105.5 52.4597 21.5433
      vertex 102.5 52.4597 21.5433
    endloop
  endfacet
  facet normal 0 -0.831498 0.555528
    outer loop
      vertex 105.5 52.4597 21.5433
      vertex 102.5 51.9178 20.7322
      vertex 105.5 51.9178 20.7322
    endloop
  endfacet
  facet normal 0 -0.555528 -0.831498
    outer loop
      vertex 102.5 51.1067 24.8097
      vertex 105.5 51.9178 24.2678
      vertex 105.5 51.1067 24.8097
    endloop
  endfacet
  facet normal -0 -0.555528 -0.831498
    outer loop
      vertex 105.5 51.9178 24.2678
      vertex 102.5 51.1067 24.8097
      vertex 102.5 51.9178 24.2678
    endloop
  endfacet
  facet normal 0 0.831498 0.555528
    outer loop
      vertex 105.5 48.3822 20.7322
      vertex 102.5 47.8403 21.5433
      vertex 105.5 47.8403 21.5433
    endloop
  endfacet
  facet normal 0 0.831498 0.555528
    outer loop
      vertex 102.5 47.8403 21.5433
      vertex 105.5 48.3822 20.7322
      vertex 102.5 48.3822 20.7322
    endloop
  endfacet
  facet normal -0 0.555528 0.831498
    outer loop
      vertex 102.5 49.1933 20.1903
      vertex 105.5 48.3822 20.7322
      vertex 105.5 49.1933 20.1903
    endloop
  endfacet
  facet normal 0 0.555528 0.831498
    outer loop
      vertex 105.5 48.3822 20.7322
      vertex 102.5 49.1933 20.1903
      vertex 102.5 48.3822 20.7322
    endloop
  endfacet
  facet normal -0 0.195091 0.980785
    outer loop
      vertex 102.5 50.15 20
      vertex 105.5 49.1933 20.1903
      vertex 105.5 50.15 20
    endloop
  endfacet
  facet normal 0 0.195091 0.980785
    outer loop
      vertex 105.5 49.1933 20.1903
      vertex 102.5 50.15 20
      vertex 102.5 49.1933 20.1903
    endloop
  endfacet
  facet normal 0 0.831498 -0.555528
    outer loop
      vertex 105.5 47.8403 23.4567
      vertex 102.5 48.3822 24.2678
      vertex 105.5 48.3822 24.2678
    endloop
  endfacet
  facet normal 0 0.831498 -0.555528
    outer loop
      vertex 102.5 48.3822 24.2678
      vertex 105.5 47.8403 23.4567
      vertex 102.5 47.8403 23.4567
    endloop
  endfacet
  facet normal 0 0.555528 -0.831498
    outer loop
      vertex 102.5 48.3822 24.2678
      vertex 105.5 49.1933 24.8097
      vertex 105.5 48.3822 24.2678
    endloop
  endfacet
  facet normal 0 0.555528 -0.831498
    outer loop
      vertex 105.5 49.1933 24.8097
      vertex 102.5 48.3822 24.2678
      vertex 102.5 49.1933 24.8097
    endloop
  endfacet
  facet normal 0 0.195091 -0.980785
    outer loop
      vertex 102.5 49.1933 24.8097
      vertex 105.5 50.15 25
      vertex 105.5 49.1933 24.8097
    endloop
  endfacet
  facet normal 0 0.195091 -0.980785
    outer loop
      vertex 105.5 50.15 25
      vertex 102.5 49.1933 24.8097
      vertex 102.5 50.15 25
    endloop
  endfacet
  facet normal 0 0.980785 0.195091
    outer loop
      vertex 105.5 47.8403 21.5433
      vertex 102.5 47.65 22.5
      vertex 105.5 47.65 22.5
    endloop
  endfacet
  facet normal 0 0.980785 0.195091
    outer loop
      vertex 102.5 47.65 22.5
      vertex 105.5 47.8403 21.5433
      vertex 102.5 47.8403 21.5433
    endloop
  endfacet
  facet normal 0 0.980785 -0.195091
    outer loop
      vertex 105.5 47.65 22.5
      vertex 102.5 47.8403 23.4567
      vertex 105.5 47.8403 23.4567
    endloop
  endfacet
  facet normal 0 0.980785 -0.195091
    outer loop
      vertex 102.5 47.8403 23.4567
      vertex 105.5 47.65 22.5
      vertex 102.5 47.65 22.5
    endloop
  endfacet
  facet normal 0 -0.195091 0.980785
    outer loop
      vertex 3 61.1067 20.1903
      vertex 6 60.15 20
      vertex 6 61.1067 20.1903
    endloop
  endfacet
  facet normal 0 -0.195091 0.980785
    outer loop
      vertex 6 60.15 20
      vertex 3 61.1067 20.1903
      vertex 3 60.15 20
    endloop
  endfacet
  facet normal 0 -0.195091 -0.980785
    outer loop
      vertex 3 60.15 25
      vertex 6 61.1067 24.8097
      vertex 6 60.15 25
    endloop
  endfacet
  facet normal -0 -0.195091 -0.980785
    outer loop
      vertex 6 61.1067 24.8097
      vertex 3 60.15 25
      vertex 3 61.1067 24.8097
    endloop
  endfacet
  facet normal 0 -0.980785 -0.195091
    outer loop
      vertex 3 62.65 22.5
      vertex 6 62.4597 23.4567
      vertex 3 62.4597 23.4567
    endloop
  endfacet
  facet normal 0 -0.980785 -0.195091
    outer loop
      vertex 6 62.4597 23.4567
      vertex 3 62.65 22.5
      vertex 6 62.65 22.5
    endloop
  endfacet
  facet normal 0 -0.831498 -0.555528
    outer loop
      vertex 3 62.4597 23.4567
      vertex 6 61.9178 24.2678
      vertex 3 61.9178 24.2678
    endloop
  endfacet
  facet normal 0 -0.831498 -0.555528
    outer loop
      vertex 6 61.9178 24.2678
      vertex 3 62.4597 23.4567
      vertex 6 62.4597 23.4567
    endloop
  endfacet
  facet normal 0 -0.555528 0.831498
    outer loop
      vertex 3 61.9178 20.7322
      vertex 6 61.1067 20.1903
      vertex 6 61.9178 20.7322
    endloop
  endfacet
  facet normal 0 -0.555528 0.831498
    outer loop
      vertex 6 61.1067 20.1903
      vertex 3 61.9178 20.7322
      vertex 3 61.1067 20.1903
    endloop
  endfacet
  facet normal 0 -0.980785 0.195091
    outer loop
      vertex 3 62.4597 21.5433
      vertex 6 62.65 22.5
      vertex 3 62.65 22.5
    endloop
  endfacet
  facet normal 0 -0.980785 0.195091
    outer loop
      vertex 6 62.65 22.5
      vertex 3 62.4597 21.5433
      vertex 6 62.4597 21.5433
    endloop
  endfacet
  facet normal 0 -0.831498 0.555528
    outer loop
      vertex 3 61.9178 20.7322
      vertex 6 62.4597 21.5433
      vertex 3 62.4597 21.5433
    endloop
  endfacet
  facet normal 0 -0.831498 0.555528
    outer loop
      vertex 6 62.4597 21.5433
      vertex 3 61.9178 20.7322
      vertex 6 61.9178 20.7322
    endloop
  endfacet
  facet normal 0 -0.555528 -0.831498
    outer loop
      vertex 3 61.1067 24.8097
      vertex 6 61.9178 24.2678
      vertex 6 61.1067 24.8097
    endloop
  endfacet
  facet normal -0 -0.555528 -0.831498
    outer loop
      vertex 6 61.9178 24.2678
      vertex 3 61.1067 24.8097
      vertex 3 61.9178 24.2678
    endloop
  endfacet
  facet normal 0 0.831498 0.555528
    outer loop
      vertex 6 58.3822 20.7322
      vertex 3 57.8403 21.5433
      vertex 6 57.8403 21.5433
    endloop
  endfacet
  facet normal 0 0.831498 0.555528
    outer loop
      vertex 3 57.8403 21.5433
      vertex 6 58.3822 20.7322
      vertex 3 58.3822 20.7322
    endloop
  endfacet
  facet normal -0 0.555528 0.831498
    outer loop
      vertex 3 59.1933 20.1903
      vertex 6 58.3822 20.7322
      vertex 6 59.1933 20.1903
    endloop
  endfacet
  facet normal 0 0.555528 0.831498
    outer loop
      vertex 6 58.3822 20.7322
      vertex 3 59.1933 20.1903
      vertex 3 58.3822 20.7322
    endloop
  endfacet
  facet normal -0 0.195091 0.980785
    outer loop
      vertex 3 60.15 20
      vertex 6 59.1933 20.1903
      vertex 6 60.15 20
    endloop
  endfacet
  facet normal 0 0.195091 0.980785
    outer loop
      vertex 6 59.1933 20.1903
      vertex 3 60.15 20
      vertex 3 59.1933 20.1903
    endloop
  endfacet
  facet normal 0 0.831498 -0.555528
    outer loop
      vertex 6 57.8403 23.4567
      vertex 3 58.3822 24.2678
      vertex 6 58.3822 24.2678
    endloop
  endfacet
  facet normal 0 0.831498 -0.555528
    outer loop
      vertex 3 58.3822 24.2678
      vertex 6 57.8403 23.4567
      vertex 3 57.8403 23.4567
    endloop
  endfacet
  facet normal 0 0.555528 -0.831498
    outer loop
      vertex 3 58.3822 24.2678
      vertex 6 59.1933 24.8097
      vertex 6 58.3822 24.2678
    endloop
  endfacet
  facet normal 0 0.555528 -0.831498
    outer loop
      vertex 6 59.1933 24.8097
      vertex 3 58.3822 24.2678
      vertex 3 59.1933 24.8097
    endloop
  endfacet
  facet normal 0 0.195091 -0.980785
    outer loop
      vertex 3 59.1933 24.8097
      vertex 6 60.15 25
      vertex 6 59.1933 24.8097
    endloop
  endfacet
  facet normal 0 0.195091 -0.980785
    outer loop
      vertex 6 60.15 25
      vertex 3 59.1933 24.8097
      vertex 3 60.15 25
    endloop
  endfacet
  facet normal 0 0.980785 0.195091
    outer loop
      vertex 6 57.8403 21.5433
      vertex 3 57.65 22.5
      vertex 6 57.65 22.5
    endloop
  endfacet
  facet normal 0 0.980785 0.195091
    outer loop
      vertex 3 57.65 22.5
      vertex 6 57.8403 21.5433
      vertex 3 57.8403 21.5433
    endloop
  endfacet
  facet normal 0 0.980785 -0.195091
    outer loop
      vertex 6 57.65 22.5
      vertex 3 57.8403 23.4567
      vertex 6 57.8403 23.4567
    endloop
  endfacet
  facet normal 0 0.980785 -0.195091
    outer loop
      vertex 3 57.8403 23.4567
      vertex 6 57.65 22.5
      vertex 3 57.65 22.5
    endloop
  endfacet
  facet normal 0 -0.195091 0.980785
    outer loop
      vertex 102.5 61.1067 20.1903
      vertex 105.5 60.15 20
      vertex 105.5 61.1067 20.1903
    endloop
  endfacet
  facet normal 0 -0.195091 0.980785
    outer loop
      vertex 105.5 60.15 20
      vertex 102.5 61.1067 20.1903
      vertex 102.5 60.15 20
    endloop
  endfacet
  facet normal 0 -0.195091 -0.980785
    outer loop
      vertex 102.5 60.15 25
      vertex 105.5 61.1067 24.8097
      vertex 105.5 60.15 25
    endloop
  endfacet
  facet normal -0 -0.195091 -0.980785
    outer loop
      vertex 105.5 61.1067 24.8097
      vertex 102.5 60.15 25
      vertex 102.5 61.1067 24.8097
    endloop
  endfacet
  facet normal 0 -0.980785 -0.195091
    outer loop
      vertex 102.5 62.65 22.5
      vertex 105.5 62.4597 23.4567
      vertex 102.5 62.4597 23.4567
    endloop
  endfacet
  facet normal 0 -0.980785 -0.195091
    outer loop
      vertex 105.5 62.4597 23.4567
      vertex 102.5 62.65 22.5
      vertex 105.5 62.65 22.5
    endloop
  endfacet
  facet normal 0 -0.831498 -0.555528
    outer loop
      vertex 102.5 62.4597 23.4567
      vertex 105.5 61.9178 24.2678
      vertex 102.5 61.9178 24.2678
    endloop
  endfacet
  facet normal 0 -0.831498 -0.555528
    outer loop
      vertex 105.5 61.9178 24.2678
      vertex 102.5 62.4597 23.4567
      vertex 105.5 62.4597 23.4567
    endloop
  endfacet
  facet normal 0 -0.555528 0.831498
    outer loop
      vertex 102.5 61.9178 20.7322
      vertex 105.5 61.1067 20.1903
      vertex 105.5 61.9178 20.7322
    endloop
  endfacet
  facet normal 0 -0.555528 0.831498
    outer loop
      vertex 105.5 61.1067 20.1903
      vertex 102.5 61.9178 20.7322
      vertex 102.5 61.1067 20.1903
    endloop
  endfacet
  facet normal 0 -0.980785 0.195091
    outer loop
      vertex 102.5 62.4597 21.5433
      vertex 105.5 62.65 22.5
      vertex 102.5 62.65 22.5
    endloop
  endfacet
  facet normal 0 -0.980785 0.195091
    outer loop
      vertex 105.5 62.65 22.5
      vertex 102.5 62.4597 21.5433
      vertex 105.5 62.4597 21.5433
    endloop
  endfacet
  facet normal 0 -0.831498 0.555528
    outer loop
      vertex 102.5 61.9178 20.7322
      vertex 105.5 62.4597 21.5433
      vertex 102.5 62.4597 21.5433
    endloop
  endfacet
  facet normal 0 -0.831498 0.555528
    outer loop
      vertex 105.5 62.4597 21.5433
      vertex 102.5 61.9178 20.7322
      vertex 105.5 61.9178 20.7322
    endloop
  endfacet
  facet normal 0 -0.555528 -0.831498
    outer loop
      vertex 102.5 61.1067 24.8097
      vertex 105.5 61.9178 24.2678
      vertex 105.5 61.1067 24.8097
    endloop
  endfacet
  facet normal -0 -0.555528 -0.831498
    outer loop
      vertex 105.5 61.9178 24.2678
      vertex 102.5 61.1067 24.8097
      vertex 102.5 61.9178 24.2678
    endloop
  endfacet
  facet normal 0 0.831498 0.555528
    outer loop
      vertex 105.5 58.3822 20.7322
      vertex 102.5 57.8403 21.5433
      vertex 105.5 57.8403 21.5433
    endloop
  endfacet
  facet normal 0 0.831498 0.555528
    outer loop
      vertex 102.5 57.8403 21.5433
      vertex 105.5 58.3822 20.7322
      vertex 102.5 58.3822 20.7322
    endloop
  endfacet
  facet normal -0 0.555528 0.831498
    outer loop
      vertex 102.5 59.1933 20.1903
      vertex 105.5 58.3822 20.7322
      vertex 105.5 59.1933 20.1903
    endloop
  endfacet
  facet normal 0 0.555528 0.831498
    outer loop
      vertex 105.5 58.3822 20.7322
      vertex 102.5 59.1933 20.1903
      vertex 102.5 58.3822 20.7322
    endloop
  endfacet
  facet normal -0 0.195091 0.980785
    outer loop
      vertex 102.5 60.15 20
      vertex 105.5 59.1933 20.1903
      vertex 105.5 60.15 20
    endloop
  endfacet
  facet normal 0 0.195091 0.980785
    outer loop
      vertex 105.5 59.1933 20.1903
      vertex 102.5 60.15 20
      vertex 102.5 59.1933 20.1903
    endloop
  endfacet
  facet normal 0 0.831498 -0.555528
    outer loop
      vertex 105.5 57.8403 23.4567
      vertex 102.5 58.3822 24.2678
      vertex 105.5 58.3822 24.2678
    endloop
  endfacet
  facet normal 0 0.831498 -0.555528
    outer loop
      vertex 102.5 58.3822 24.2678
      vertex 105.5 57.8403 23.4567
      vertex 102.5 57.8403 23.4567
    endloop
  endfacet
  facet normal 0 0.555528 -0.831498
    outer loop
      vertex 102.5 58.3822 24.2678
      vertex 105.5 59.1933 24.8097
      vertex 105.5 58.3822 24.2678
    endloop
  endfacet
  facet normal 0 0.555528 -0.831498
    outer loop
      vertex 105.5 59.1933 24.8097
      vertex 102.5 58.3822 24.2678
      vertex 102.5 59.1933 24.8097
    endloop
  endfacet
  facet normal 0 0.195091 -0.980785
    outer loop
      vertex 102.5 59.1933 24.8097
      vertex 105.5 60.15 25
      vertex 105.5 59.1933 24.8097
    endloop
  endfacet
  facet normal 0 0.195091 -0.980785
    outer loop
      vertex 105.5 60.15 25
      vertex 102.5 59.1933 24.8097
      vertex 102.5 60.15 25
    endloop
  endfacet
  facet normal 0 0.980785 0.195091
    outer loop
      vertex 105.5 57.8403 21.5433
      vertex 102.5 57.65 22.5
      vertex 105.5 57.65 22.5
    endloop
  endfacet
  facet normal 0 0.980785 0.195091
    outer loop
      vertex 102.5 57.65 22.5
      vertex 105.5 57.8403 21.5433
      vertex 102.5 57.8403 21.5433
    endloop
  endfacet
  facet normal 0 0.980785 -0.195091
    outer loop
      vertex 105.5 57.65 22.5
      vertex 102.5 57.8403 23.4567
      vertex 105.5 57.8403 23.4567
    endloop
  endfacet
  facet normal 0 0.980785 -0.195091
    outer loop
      vertex 102.5 57.8403 23.4567
      vertex 105.5 57.65 22.5
      vertex 102.5 57.65 22.5
    endloop
  endfacet
endsolid OpenSCAD_Model
