solid OpenSCAD_Model
  facet normal -0.980785 -0.195091 0
    outer loop
      vertex 20.5 18 0
      vertex 20.3097 18.9567 5
      vertex 20.3097 18.9567 0
    endloop
  endfacet
  facet normal -0.980785 -0.195091 0
    outer loop
      vertex 20.3097 18.9567 5
      vertex 20.5 18 0
      vertex 20.5 18 5
    endloop
  endfacet
  facet normal 0.195091 -0.980785 0
    outer loop
      vertex 17.0433 20.3097 0
      vertex 18 20.5 5
      vertex 17.0433 20.3097 5
    endloop
  endfacet
  facet normal 0.195091 -0.980785 0
    outer loop
      vertex 18 20.5 5
      vertex 17.0433 20.3097 0
      vertex 18 20.5 0
    endloop
  endfacet
  facet normal -0.555528 0.831498 0
    outer loop
      vertex 19.7678 16.2322 0
      vertex 18.9567 15.6903 5
      vertex 19.7678 16.2322 5
    endloop
  endfacet
  facet normal -0.555528 0.831498 0
    outer loop
      vertex 18.9567 15.6903 5
      vertex 19.7678 16.2322 0
      vertex 18.9567 15.6903 0
    endloop
  endfacet
  facet normal -0.555528 -0.831498 0
    outer loop
      vertex 18.9567 20.3097 0
      vertex 19.7678 19.7678 5
      vertex 18.9567 20.3097 5
    endloop
  endfacet
  facet normal -0.555528 -0.831498 -0
    outer loop
      vertex 19.7678 19.7678 5
      vertex 18.9567 20.3097 0
      vertex 19.7678 19.7678 0
    endloop
  endfacet
  facet normal -0.831498 -0.555528 0
    outer loop
      vertex 20.3097 18.9567 0
      vertex 19.7678 19.7678 5
      vertex 19.7678 19.7678 0
    endloop
  endfacet
  facet normal -0.831498 -0.555528 0
    outer loop
      vertex 19.7678 19.7678 5
      vertex 20.3097 18.9567 0
      vertex 20.3097 18.9567 5
    endloop
  endfacet
  facet normal -0.195091 -0.980785 0
    outer loop
      vertex 18 20.5 0
      vertex 18.9567 20.3097 5
      vertex 18 20.5 5
    endloop
  endfacet
  facet normal -0.195091 -0.980785 -0
    outer loop
      vertex 18.9567 20.3097 5
      vertex 18 20.5 0
      vertex 18.9567 20.3097 0
    endloop
  endfacet
  facet normal 0.831498 -0.555528 0
    outer loop
      vertex 15.6903 18.9567 5
      vertex 16.2322 19.7678 0
      vertex 16.2322 19.7678 5
    endloop
  endfacet
  facet normal 0.831498 -0.555528 0
    outer loop
      vertex 16.2322 19.7678 0
      vertex 15.6903 18.9567 5
      vertex 15.6903 18.9567 0
    endloop
  endfacet
  facet normal 0.980785 -0.195091 0
    outer loop
      vertex 15.5 18 5
      vertex 15.6903 18.9567 0
      vertex 15.6903 18.9567 5
    endloop
  endfacet
  facet normal 0.980785 -0.195091 0
    outer loop
      vertex 15.6903 18.9567 0
      vertex 15.5 18 5
      vertex 15.5 18 0
    endloop
  endfacet
  facet normal 0.555528 -0.831498 0
    outer loop
      vertex 16.2322 19.7678 0
      vertex 17.0433 20.3097 5
      vertex 16.2322 19.7678 5
    endloop
  endfacet
  facet normal 0.555528 -0.831498 0
    outer loop
      vertex 17.0433 20.3097 5
      vertex 16.2322 19.7678 0
      vertex 17.0433 20.3097 0
    endloop
  endfacet
  facet normal -0.980785 0.195091 0
    outer loop
      vertex 20.3097 17.0433 0
      vertex 20.5 18 5
      vertex 20.5 18 0
    endloop
  endfacet
  facet normal -0.980785 0.195091 0
    outer loop
      vertex 20.5 18 5
      vertex 20.3097 17.0433 0
      vertex 20.3097 17.0433 5
    endloop
  endfacet
  facet normal 0.195091 0.980785 -0
    outer loop
      vertex 18 15.5 0
      vertex 17.0433 15.6903 5
      vertex 18 15.5 5
    endloop
  endfacet
  facet normal 0.195091 0.980785 0
    outer loop
      vertex 17.0433 15.6903 5
      vertex 18 15.5 0
      vertex 17.0433 15.6903 0
    endloop
  endfacet
  facet normal 0.831498 0.555528 0
    outer loop
      vertex 16.2322 16.2322 5
      vertex 15.6903 17.0433 0
      vertex 15.6903 17.0433 5
    endloop
  endfacet
  facet normal 0.831498 0.555528 0
    outer loop
      vertex 15.6903 17.0433 0
      vertex 16.2322 16.2322 5
      vertex 16.2322 16.2322 0
    endloop
  endfacet
  facet normal 0.980785 0.195091 0
    outer loop
      vertex 15.6903 17.0433 5
      vertex 15.5 18 0
      vertex 15.5 18 5
    endloop
  endfacet
  facet normal 0.980785 0.195091 0
    outer loop
      vertex 15.5 18 0
      vertex 15.6903 17.0433 5
      vertex 15.6903 17.0433 0
    endloop
  endfacet
  facet normal -0.831498 0.555528 0
    outer loop
      vertex 19.7678 16.2322 0
      vertex 20.3097 17.0433 5
      vertex 20.3097 17.0433 0
    endloop
  endfacet
  facet normal -0.831498 0.555528 0
    outer loop
      vertex 20.3097 17.0433 5
      vertex 19.7678 16.2322 0
      vertex 19.7678 16.2322 5
    endloop
  endfacet
  facet normal -0.195091 0.980785 0
    outer loop
      vertex 18.9567 15.6903 0
      vertex 18 15.5 5
      vertex 18.9567 15.6903 5
    endloop
  endfacet
  facet normal -0.195091 0.980785 0
    outer loop
      vertex 18 15.5 5
      vertex 18.9567 15.6903 0
      vertex 18 15.5 0
    endloop
  endfacet
  facet normal 0.555528 0.831498 -0
    outer loop
      vertex 17.0433 15.6903 0
      vertex 16.2322 16.2322 5
      vertex 17.0433 15.6903 5
    endloop
  endfacet
  facet normal 0.555528 0.831498 0
    outer loop
      vertex 16.2322 16.2322 5
      vertex 17.0433 15.6903 0
      vertex 16.2322 16.2322 0
    endloop
  endfacet
  facet normal -0.980785 -0.195091 0
    outer loop
      vertex 20.5 33 0
      vertex 20.3097 33.9567 5
      vertex 20.3097 33.9567 0
    endloop
  endfacet
  facet normal -0.980785 -0.195091 0
    outer loop
      vertex 20.3097 33.9567 5
      vertex 20.5 33 0
      vertex 20.5 33 5
    endloop
  endfacet
  facet normal -0.195091 -0.980785 0
    outer loop
      vertex 18 35.5 0
      vertex 18.9567 35.3097 5
      vertex 18 35.5 5
    endloop
  endfacet
  facet normal -0.195091 -0.980785 -0
    outer loop
      vertex 18.9567 35.3097 5
      vertex 18 35.5 0
      vertex 18.9567 35.3097 0
    endloop
  endfacet
  facet normal 0.980785 0.195091 0
    outer loop
      vertex 15.6903 32.0433 5
      vertex 15.5 33 0
      vertex 15.5 33 5
    endloop
  endfacet
  facet normal 0.980785 0.195091 0
    outer loop
      vertex 15.5 33 0
      vertex 15.6903 32.0433 5
      vertex 15.6903 32.0433 0
    endloop
  endfacet
  facet normal -0.831498 0.555528 0
    outer loop
      vertex 19.7678 31.2322 0
      vertex 20.3097 32.0433 5
      vertex 20.3097 32.0433 0
    endloop
  endfacet
  facet normal -0.831498 0.555528 0
    outer loop
      vertex 20.3097 32.0433 5
      vertex 19.7678 31.2322 0
      vertex 19.7678 31.2322 5
    endloop
  endfacet
  facet normal -0.555528 0.831498 0
    outer loop
      vertex 19.7678 31.2322 0
      vertex 18.9567 30.6903 5
      vertex 19.7678 31.2322 5
    endloop
  endfacet
  facet normal -0.555528 0.831498 0
    outer loop
      vertex 18.9567 30.6903 5
      vertex 19.7678 31.2322 0
      vertex 18.9567 30.6903 0
    endloop
  endfacet
  facet normal -0.195091 0.980785 0
    outer loop
      vertex 18.9567 30.6903 0
      vertex 18 30.5 5
      vertex 18.9567 30.6903 5
    endloop
  endfacet
  facet normal -0.195091 0.980785 0
    outer loop
      vertex 18 30.5 5
      vertex 18.9567 30.6903 0
      vertex 18 30.5 0
    endloop
  endfacet
  facet normal -0.555528 -0.831498 0
    outer loop
      vertex 18.9567 35.3097 0
      vertex 19.7678 34.7678 5
      vertex 18.9567 35.3097 5
    endloop
  endfacet
  facet normal -0.555528 -0.831498 -0
    outer loop
      vertex 19.7678 34.7678 5
      vertex 18.9567 35.3097 0
      vertex 19.7678 34.7678 0
    endloop
  endfacet
  facet normal -0.831498 -0.555528 0
    outer loop
      vertex 20.3097 33.9567 0
      vertex 19.7678 34.7678 5
      vertex 19.7678 34.7678 0
    endloop
  endfacet
  facet normal -0.831498 -0.555528 0
    outer loop
      vertex 19.7678 34.7678 5
      vertex 20.3097 33.9567 0
      vertex 20.3097 33.9567 5
    endloop
  endfacet
  facet normal 0.195091 -0.980785 0
    outer loop
      vertex 17.0433 35.3097 0
      vertex 18 35.5 5
      vertex 17.0433 35.3097 5
    endloop
  endfacet
  facet normal 0.195091 -0.980785 0
    outer loop
      vertex 18 35.5 5
      vertex 17.0433 35.3097 0
      vertex 18 35.5 0
    endloop
  endfacet
  facet normal 0.555528 -0.831498 0
    outer loop
      vertex 16.2322 34.7678 0
      vertex 17.0433 35.3097 5
      vertex 16.2322 34.7678 5
    endloop
  endfacet
  facet normal 0.555528 -0.831498 0
    outer loop
      vertex 17.0433 35.3097 5
      vertex 16.2322 34.7678 0
      vertex 17.0433 35.3097 0
    endloop
  endfacet
  facet normal 0.980785 -0.195091 0
    outer loop
      vertex 15.5 33 5
      vertex 15.6903 33.9567 0
      vertex 15.6903 33.9567 5
    endloop
  endfacet
  facet normal 0.980785 -0.195091 0
    outer loop
      vertex 15.6903 33.9567 0
      vertex 15.5 33 5
      vertex 15.5 33 0
    endloop
  endfacet
  facet normal 0.831498 -0.555528 0
    outer loop
      vertex 15.6903 33.9567 5
      vertex 16.2322 34.7678 0
      vertex 16.2322 34.7678 5
    endloop
  endfacet
  facet normal 0.831498 -0.555528 0
    outer loop
      vertex 16.2322 34.7678 0
      vertex 15.6903 33.9567 5
      vertex 15.6903 33.9567 0
    endloop
  endfacet
  facet normal 0.831498 0.555528 0
    outer loop
      vertex 16.2322 31.2322 5
      vertex 15.6903 32.0433 0
      vertex 15.6903 32.0433 5
    endloop
  endfacet
  facet normal 0.831498 0.555528 0
    outer loop
      vertex 15.6903 32.0433 0
      vertex 16.2322 31.2322 5
      vertex 16.2322 31.2322 0
    endloop
  endfacet
  facet normal 0.195091 0.980785 -0
    outer loop
      vertex 18 30.5 0
      vertex 17.0433 30.6903 5
      vertex 18 30.5 5
    endloop
  endfacet
  facet normal 0.195091 0.980785 0
    outer loop
      vertex 17.0433 30.6903 5
      vertex 18 30.5 0
      vertex 17.0433 30.6903 0
    endloop
  endfacet
  facet normal 0.555528 0.831498 -0
    outer loop
      vertex 17.0433 30.6903 0
      vertex 16.2322 31.2322 5
      vertex 17.0433 30.6903 5
    endloop
  endfacet
  facet normal 0.555528 0.831498 0
    outer loop
      vertex 16.2322 31.2322 5
      vertex 17.0433 30.6903 0
      vertex 16.2322 31.2322 0
    endloop
  endfacet
  facet normal -0.980785 0.195091 0
    outer loop
      vertex 20.3097 32.0433 0
      vertex 20.5 33 5
      vertex 20.5 33 0
    endloop
  endfacet
  facet normal -0.980785 0.195091 0
    outer loop
      vertex 20.5 33 5
      vertex 20.3097 32.0433 0
      vertex 20.3097 32.0433 5
    endloop
  endfacet
  facet normal -0.980785 -0.195091 0
    outer loop
      vertex 20.5 48 0
      vertex 20.3097 48.9567 5
      vertex 20.3097 48.9567 0
    endloop
  endfacet
  facet normal -0.980785 -0.195091 0
    outer loop
      vertex 20.3097 48.9567 5
      vertex 20.5 48 0
      vertex 20.5 48 5
    endloop
  endfacet
  facet normal -0.195091 -0.980785 0
    outer loop
      vertex 18 50.5 0
      vertex 18.9567 50.3097 5
      vertex 18 50.5 5
    endloop
  endfacet
  facet normal -0.195091 -0.980785 -0
    outer loop
      vertex 18.9567 50.3097 5
      vertex 18 50.5 0
      vertex 18.9567 50.3097 0
    endloop
  endfacet
  facet normal 0.980785 0.195091 0
    outer loop
      vertex 15.6903 47.0433 5
      vertex 15.5 48 0
      vertex 15.5 48 5
    endloop
  endfacet
  facet normal 0.980785 0.195091 0
    outer loop
      vertex 15.5 48 0
      vertex 15.6903 47.0433 5
      vertex 15.6903 47.0433 0
    endloop
  endfacet
  facet normal -0.831498 0.555528 0
    outer loop
      vertex 19.7678 46.2322 0
      vertex 20.3097 47.0433 5
      vertex 20.3097 47.0433 0
    endloop
  endfacet
  facet normal -0.831498 0.555528 0
    outer loop
      vertex 20.3097 47.0433 5
      vertex 19.7678 46.2322 0
      vertex 19.7678 46.2322 5
    endloop
  endfacet
  facet normal -0.555528 0.831498 0
    outer loop
      vertex 19.7678 46.2322 0
      vertex 18.9567 45.6903 5
      vertex 19.7678 46.2322 5
    endloop
  endfacet
  facet normal -0.555528 0.831498 0
    outer loop
      vertex 18.9567 45.6903 5
      vertex 19.7678 46.2322 0
      vertex 18.9567 45.6903 0
    endloop
  endfacet
  facet normal -0.195091 0.980785 0
    outer loop
      vertex 18.9567 45.6903 0
      vertex 18 45.5 5
      vertex 18.9567 45.6903 5
    endloop
  endfacet
  facet normal -0.195091 0.980785 0
    outer loop
      vertex 18 45.5 5
      vertex 18.9567 45.6903 0
      vertex 18 45.5 0
    endloop
  endfacet
  facet normal -0.555528 -0.831498 0
    outer loop
      vertex 18.9567 50.3097 0
      vertex 19.7678 49.7678 5
      vertex 18.9567 50.3097 5
    endloop
  endfacet
  facet normal -0.555528 -0.831498 -0
    outer loop
      vertex 19.7678 49.7678 5
      vertex 18.9567 50.3097 0
      vertex 19.7678 49.7678 0
    endloop
  endfacet
  facet normal -0.831498 -0.555528 0
    outer loop
      vertex 20.3097 48.9567 0
      vertex 19.7678 49.7678 5
      vertex 19.7678 49.7678 0
    endloop
  endfacet
  facet normal -0.831498 -0.555528 0
    outer loop
      vertex 19.7678 49.7678 5
      vertex 20.3097 48.9567 0
      vertex 20.3097 48.9567 5
    endloop
  endfacet
  facet normal 0.195091 -0.980785 0
    outer loop
      vertex 17.0433 50.3097 0
      vertex 18 50.5 5
      vertex 17.0433 50.3097 5
    endloop
  endfacet
  facet normal 0.195091 -0.980785 0
    outer loop
      vertex 18 50.5 5
      vertex 17.0433 50.3097 0
      vertex 18 50.5 0
    endloop
  endfacet
  facet normal 0.555528 -0.831498 0
    outer loop
      vertex 16.2322 49.7678 0
      vertex 17.0433 50.3097 5
      vertex 16.2322 49.7678 5
    endloop
  endfacet
  facet normal 0.555528 -0.831498 0
    outer loop
      vertex 17.0433 50.3097 5
      vertex 16.2322 49.7678 0
      vertex 17.0433 50.3097 0
    endloop
  endfacet
  facet normal 0.980785 -0.195091 0
    outer loop
      vertex 15.5 48 5
      vertex 15.6903 48.9567 0
      vertex 15.6903 48.9567 5
    endloop
  endfacet
  facet normal 0.980785 -0.195091 0
    outer loop
      vertex 15.6903 48.9567 0
      vertex 15.5 48 5
      vertex 15.5 48 0
    endloop
  endfacet
  facet normal 0.831498 -0.555528 0
    outer loop
      vertex 15.6903 48.9567 5
      vertex 16.2322 49.7678 0
      vertex 16.2322 49.7678 5
    endloop
  endfacet
  facet normal 0.831498 -0.555528 0
    outer loop
      vertex 16.2322 49.7678 0
      vertex 15.6903 48.9567 5
      vertex 15.6903 48.9567 0
    endloop
  endfacet
  facet normal 0.831498 0.555528 0
    outer loop
      vertex 16.2322 46.2322 5
      vertex 15.6903 47.0433 0
      vertex 15.6903 47.0433 5
    endloop
  endfacet
  facet normal 0.831498 0.555528 0
    outer loop
      vertex 15.6903 47.0433 0
      vertex 16.2322 46.2322 5
      vertex 16.2322 46.2322 0
    endloop
  endfacet
  facet normal 0.195091 0.980785 -0
    outer loop
      vertex 18 45.5 0
      vertex 17.0433 45.6903 5
      vertex 18 45.5 5
    endloop
  endfacet
  facet normal 0.195091 0.980785 0
    outer loop
      vertex 17.0433 45.6903 5
      vertex 18 45.5 0
      vertex 17.0433 45.6903 0
    endloop
  endfacet
  facet normal 0.555528 0.831498 -0
    outer loop
      vertex 17.0433 45.6903 0
      vertex 16.2322 46.2322 5
      vertex 17.0433 45.6903 5
    endloop
  endfacet
  facet normal 0.555528 0.831498 0
    outer loop
      vertex 16.2322 46.2322 5
      vertex 17.0433 45.6903 0
      vertex 16.2322 46.2322 0
    endloop
  endfacet
  facet normal -0.980785 0.195091 0
    outer loop
      vertex 20.3097 47.0433 0
      vertex 20.5 48 5
      vertex 20.5 48 0
    endloop
  endfacet
  facet normal -0.980785 0.195091 0
    outer loop
      vertex 20.5 48 5
      vertex 20.3097 47.0433 0
      vertex 20.3097 47.0433 5
    endloop
  endfacet
  facet normal -0.980785 -0.195091 0
    outer loop
      vertex 35.5 18 0
      vertex 35.3097 18.9567 5
      vertex 35.3097 18.9567 0
    endloop
  endfacet
  facet normal -0.980785 -0.195091 0
    outer loop
      vertex 35.3097 18.9567 5
      vertex 35.5 18 0
      vertex 35.5 18 5
    endloop
  endfacet
  facet normal 0.195091 -0.980785 0
    outer loop
      vertex 32.0433 20.3097 0
      vertex 33 20.5 5
      vertex 32.0433 20.3097 5
    endloop
  endfacet
  facet normal 0.195091 -0.980785 0
    outer loop
      vertex 33 20.5 5
      vertex 32.0433 20.3097 0
      vertex 33 20.5 0
    endloop
  endfacet
  facet normal -0.195091 0.980785 0
    outer loop
      vertex 33.9567 15.6903 0
      vertex 33 15.5 5
      vertex 33.9567 15.6903 5
    endloop
  endfacet
  facet normal -0.195091 0.980785 0
    outer loop
      vertex 33 15.5 5
      vertex 33.9567 15.6903 0
      vertex 33 15.5 0
    endloop
  endfacet
  facet normal -0.555528 0.831498 0
    outer loop
      vertex 34.7678 16.2322 0
      vertex 33.9567 15.6903 5
      vertex 34.7678 16.2322 5
    endloop
  endfacet
  facet normal -0.555528 0.831498 0
    outer loop
      vertex 33.9567 15.6903 5
      vertex 34.7678 16.2322 0
      vertex 33.9567 15.6903 0
    endloop
  endfacet
  facet normal -0.555528 -0.831498 0
    outer loop
      vertex 33.9567 20.3097 0
      vertex 34.7678 19.7678 5
      vertex 33.9567 20.3097 5
    endloop
  endfacet
  facet normal -0.555528 -0.831498 -0
    outer loop
      vertex 34.7678 19.7678 5
      vertex 33.9567 20.3097 0
      vertex 34.7678 19.7678 0
    endloop
  endfacet
  facet normal -0.831498 -0.555528 0
    outer loop
      vertex 35.3097 18.9567 0
      vertex 34.7678 19.7678 5
      vertex 34.7678 19.7678 0
    endloop
  endfacet
  facet normal -0.831498 -0.555528 0
    outer loop
      vertex 34.7678 19.7678 5
      vertex 35.3097 18.9567 0
      vertex 35.3097 18.9567 5
    endloop
  endfacet
  facet normal -0.195091 -0.980785 0
    outer loop
      vertex 33 20.5 0
      vertex 33.9567 20.3097 5
      vertex 33 20.5 5
    endloop
  endfacet
  facet normal -0.195091 -0.980785 -0
    outer loop
      vertex 33.9567 20.3097 5
      vertex 33 20.5 0
      vertex 33.9567 20.3097 0
    endloop
  endfacet
  facet normal 0.831498 -0.555528 0
    outer loop
      vertex 30.6903 18.9567 5
      vertex 31.2322 19.7678 0
      vertex 31.2322 19.7678 5
    endloop
  endfacet
  facet normal 0.831498 -0.555528 0
    outer loop
      vertex 31.2322 19.7678 0
      vertex 30.6903 18.9567 5
      vertex 30.6903 18.9567 0
    endloop
  endfacet
  facet normal 0.980785 -0.195091 0
    outer loop
      vertex 30.5 18 5
      vertex 30.6903 18.9567 0
      vertex 30.6903 18.9567 5
    endloop
  endfacet
  facet normal 0.980785 -0.195091 0
    outer loop
      vertex 30.6903 18.9567 0
      vertex 30.5 18 5
      vertex 30.5 18 0
    endloop
  endfacet
  facet normal 0.555528 -0.831498 0
    outer loop
      vertex 31.2322 19.7678 0
      vertex 32.0433 20.3097 5
      vertex 31.2322 19.7678 5
    endloop
  endfacet
  facet normal 0.555528 -0.831498 0
    outer loop
      vertex 32.0433 20.3097 5
      vertex 31.2322 19.7678 0
      vertex 32.0433 20.3097 0
    endloop
  endfacet
  facet normal 0.195091 0.980785 -0
    outer loop
      vertex 33 15.5 0
      vertex 32.0433 15.6903 5
      vertex 33 15.5 5
    endloop
  endfacet
  facet normal 0.195091 0.980785 0
    outer loop
      vertex 32.0433 15.6903 5
      vertex 33 15.5 0
      vertex 32.0433 15.6903 0
    endloop
  endfacet
  facet normal 0.831498 0.555528 0
    outer loop
      vertex 31.2322 16.2322 5
      vertex 30.6903 17.0433 0
      vertex 30.6903 17.0433 5
    endloop
  endfacet
  facet normal 0.831498 0.555528 0
    outer loop
      vertex 30.6903 17.0433 0
      vertex 31.2322 16.2322 5
      vertex 31.2322 16.2322 0
    endloop
  endfacet
  facet normal 0.980785 0.195091 0
    outer loop
      vertex 30.6903 17.0433 5
      vertex 30.5 18 0
      vertex 30.5 18 5
    endloop
  endfacet
  facet normal 0.980785 0.195091 0
    outer loop
      vertex 30.5 18 0
      vertex 30.6903 17.0433 5
      vertex 30.6903 17.0433 0
    endloop
  endfacet
  facet normal -0.831498 0.555528 0
    outer loop
      vertex 34.7678 16.2322 0
      vertex 35.3097 17.0433 5
      vertex 35.3097 17.0433 0
    endloop
  endfacet
  facet normal -0.831498 0.555528 0
    outer loop
      vertex 35.3097 17.0433 5
      vertex 34.7678 16.2322 0
      vertex 34.7678 16.2322 5
    endloop
  endfacet
  facet normal 0.555528 0.831498 -0
    outer loop
      vertex 32.0433 15.6903 0
      vertex 31.2322 16.2322 5
      vertex 32.0433 15.6903 5
    endloop
  endfacet
  facet normal 0.555528 0.831498 0
    outer loop
      vertex 31.2322 16.2322 5
      vertex 32.0433 15.6903 0
      vertex 31.2322 16.2322 0
    endloop
  endfacet
  facet normal -0.980785 0.195091 0
    outer loop
      vertex 35.3097 17.0433 0
      vertex 35.5 18 5
      vertex 35.5 18 0
    endloop
  endfacet
  facet normal -0.980785 0.195091 0
    outer loop
      vertex 35.5 18 5
      vertex 35.3097 17.0433 0
      vertex 35.3097 17.0433 5
    endloop
  endfacet
  facet normal -0.980785 -0.195091 0
    outer loop
      vertex 35.5 33 0
      vertex 35.3097 33.9567 5
      vertex 35.3097 33.9567 0
    endloop
  endfacet
  facet normal -0.980785 -0.195091 0
    outer loop
      vertex 35.3097 33.9567 5
      vertex 35.5 33 0
      vertex 35.5 33 5
    endloop
  endfacet
  facet normal 0.195091 -0.980785 0
    outer loop
      vertex 32.0433 35.3097 0
      vertex 33 35.5 5
      vertex 32.0433 35.3097 5
    endloop
  endfacet
  facet normal 0.195091 -0.980785 0
    outer loop
      vertex 33 35.5 5
      vertex 32.0433 35.3097 0
      vertex 33 35.5 0
    endloop
  endfacet
  facet normal -0.195091 0.980785 0
    outer loop
      vertex 33.9567 30.6903 0
      vertex 33 30.5 5
      vertex 33.9567 30.6903 5
    endloop
  endfacet
  facet normal -0.195091 0.980785 0
    outer loop
      vertex 33 30.5 5
      vertex 33.9567 30.6903 0
      vertex 33 30.5 0
    endloop
  endfacet
  facet normal -0.555528 0.831498 0
    outer loop
      vertex 34.7678 31.2322 0
      vertex 33.9567 30.6903 5
      vertex 34.7678 31.2322 5
    endloop
  endfacet
  facet normal -0.555528 0.831498 0
    outer loop
      vertex 33.9567 30.6903 5
      vertex 34.7678 31.2322 0
      vertex 33.9567 30.6903 0
    endloop
  endfacet
  facet normal -0.555528 -0.831498 0
    outer loop
      vertex 33.9567 35.3097 0
      vertex 34.7678 34.7678 5
      vertex 33.9567 35.3097 5
    endloop
  endfacet
  facet normal -0.555528 -0.831498 -0
    outer loop
      vertex 34.7678 34.7678 5
      vertex 33.9567 35.3097 0
      vertex 34.7678 34.7678 0
    endloop
  endfacet
  facet normal -0.831498 -0.555528 0
    outer loop
      vertex 35.3097 33.9567 0
      vertex 34.7678 34.7678 5
      vertex 34.7678 34.7678 0
    endloop
  endfacet
  facet normal -0.831498 -0.555528 0
    outer loop
      vertex 34.7678 34.7678 5
      vertex 35.3097 33.9567 0
      vertex 35.3097 33.9567 5
    endloop
  endfacet
  facet normal -0.195091 -0.980785 0
    outer loop
      vertex 33 35.5 0
      vertex 33.9567 35.3097 5
      vertex 33 35.5 5
    endloop
  endfacet
  facet normal -0.195091 -0.980785 -0
    outer loop
      vertex 33.9567 35.3097 5
      vertex 33 35.5 0
      vertex 33.9567 35.3097 0
    endloop
  endfacet
  facet normal 0.831498 -0.555528 0
    outer loop
      vertex 30.6903 33.9567 5
      vertex 31.2322 34.7678 0
      vertex 31.2322 34.7678 5
    endloop
  endfacet
  facet normal 0.831498 -0.555528 0
    outer loop
      vertex 31.2322 34.7678 0
      vertex 30.6903 33.9567 5
      vertex 30.6903 33.9567 0
    endloop
  endfacet
  facet normal 0.980785 -0.195091 0
    outer loop
      vertex 30.5 33 5
      vertex 30.6903 33.9567 0
      vertex 30.6903 33.9567 5
    endloop
  endfacet
  facet normal 0.980785 -0.195091 0
    outer loop
      vertex 30.6903 33.9567 0
      vertex 30.5 33 5
      vertex 30.5 33 0
    endloop
  endfacet
  facet normal 0.555528 -0.831498 0
    outer loop
      vertex 31.2322 34.7678 0
      vertex 32.0433 35.3097 5
      vertex 31.2322 34.7678 5
    endloop
  endfacet
  facet normal 0.555528 -0.831498 0
    outer loop
      vertex 32.0433 35.3097 5
      vertex 31.2322 34.7678 0
      vertex 32.0433 35.3097 0
    endloop
  endfacet
  facet normal 0.195091 0.980785 -0
    outer loop
      vertex 33 30.5 0
      vertex 32.0433 30.6903 5
      vertex 33 30.5 5
    endloop
  endfacet
  facet normal 0.195091 0.980785 0
    outer loop
      vertex 32.0433 30.6903 5
      vertex 33 30.5 0
      vertex 32.0433 30.6903 0
    endloop
  endfacet
  facet normal 0.831498 0.555528 0
    outer loop
      vertex 31.2322 31.2322 5
      vertex 30.6903 32.0433 0
      vertex 30.6903 32.0433 5
    endloop
  endfacet
  facet normal 0.831498 0.555528 0
    outer loop
      vertex 30.6903 32.0433 0
      vertex 31.2322 31.2322 5
      vertex 31.2322 31.2322 0
    endloop
  endfacet
  facet normal 0.980785 0.195091 0
    outer loop
      vertex 30.6903 32.0433 5
      vertex 30.5 33 0
      vertex 30.5 33 5
    endloop
  endfacet
  facet normal 0.980785 0.195091 0
    outer loop
      vertex 30.5 33 0
      vertex 30.6903 32.0433 5
      vertex 30.6903 32.0433 0
    endloop
  endfacet
  facet normal -0.831498 0.555528 0
    outer loop
      vertex 34.7678 31.2322 0
      vertex 35.3097 32.0433 5
      vertex 35.3097 32.0433 0
    endloop
  endfacet
  facet normal -0.831498 0.555528 0
    outer loop
      vertex 35.3097 32.0433 5
      vertex 34.7678 31.2322 0
      vertex 34.7678 31.2322 5
    endloop
  endfacet
  facet normal 0.555528 0.831498 -0
    outer loop
      vertex 32.0433 30.6903 0
      vertex 31.2322 31.2322 5
      vertex 32.0433 30.6903 5
    endloop
  endfacet
  facet normal 0.555528 0.831498 0
    outer loop
      vertex 31.2322 31.2322 5
      vertex 32.0433 30.6903 0
      vertex 31.2322 31.2322 0
    endloop
  endfacet
  facet normal -0.980785 0.195091 0
    outer loop
      vertex 35.3097 32.0433 0
      vertex 35.5 33 5
      vertex 35.5 33 0
    endloop
  endfacet
  facet normal -0.980785 0.195091 0
    outer loop
      vertex 35.5 33 5
      vertex 35.3097 32.0433 0
      vertex 35.3097 32.0433 5
    endloop
  endfacet
  facet normal -0.980785 -0.195091 0
    outer loop
      vertex 35.5 48 0
      vertex 35.3097 48.9567 5
      vertex 35.3097 48.9567 0
    endloop
  endfacet
  facet normal -0.980785 -0.195091 0
    outer loop
      vertex 35.3097 48.9567 5
      vertex 35.5 48 0
      vertex 35.5 48 5
    endloop
  endfacet
  facet normal 0.195091 -0.980785 0
    outer loop
      vertex 32.0433 50.3097 0
      vertex 33 50.5 5
      vertex 32.0433 50.3097 5
    endloop
  endfacet
  facet normal 0.195091 -0.980785 0
    outer loop
      vertex 33 50.5 5
      vertex 32.0433 50.3097 0
      vertex 33 50.5 0
    endloop
  endfacet
  facet normal -0.195091 0.980785 0
    outer loop
      vertex 33.9567 45.6903 0
      vertex 33 45.5 5
      vertex 33.9567 45.6903 5
    endloop
  endfacet
  facet normal -0.195091 0.980785 0
    outer loop
      vertex 33 45.5 5
      vertex 33.9567 45.6903 0
      vertex 33 45.5 0
    endloop
  endfacet
  facet normal -0.555528 0.831498 0
    outer loop
      vertex 34.7678 46.2322 0
      vertex 33.9567 45.6903 5
      vertex 34.7678 46.2322 5
    endloop
  endfacet
  facet normal -0.555528 0.831498 0
    outer loop
      vertex 33.9567 45.6903 5
      vertex 34.7678 46.2322 0
      vertex 33.9567 45.6903 0
    endloop
  endfacet
  facet normal -0.555528 -0.831498 0
    outer loop
      vertex 33.9567 50.3097 0
      vertex 34.7678 49.7678 5
      vertex 33.9567 50.3097 5
    endloop
  endfacet
  facet normal -0.555528 -0.831498 -0
    outer loop
      vertex 34.7678 49.7678 5
      vertex 33.9567 50.3097 0
      vertex 34.7678 49.7678 0
    endloop
  endfacet
  facet normal -0.831498 -0.555528 0
    outer loop
      vertex 35.3097 48.9567 0
      vertex 34.7678 49.7678 5
      vertex 34.7678 49.7678 0
    endloop
  endfacet
  facet normal -0.831498 -0.555528 0
    outer loop
      vertex 34.7678 49.7678 5
      vertex 35.3097 48.9567 0
      vertex 35.3097 48.9567 5
    endloop
  endfacet
  facet normal -0.195091 -0.980785 0
    outer loop
      vertex 33 50.5 0
      vertex 33.9567 50.3097 5
      vertex 33 50.5 5
    endloop
  endfacet
  facet normal -0.195091 -0.980785 -0
    outer loop
      vertex 33.9567 50.3097 5
      vertex 33 50.5 0
      vertex 33.9567 50.3097 0
    endloop
  endfacet
  facet normal 0.831498 -0.555528 0
    outer loop
      vertex 30.6903 48.9567 5
      vertex 31.2322 49.7678 0
      vertex 31.2322 49.7678 5
    endloop
  endfacet
  facet normal 0.831498 -0.555528 0
    outer loop
      vertex 31.2322 49.7678 0
      vertex 30.6903 48.9567 5
      vertex 30.6903 48.9567 0
    endloop
  endfacet
  facet normal 0.980785 -0.195091 0
    outer loop
      vertex 30.5 48 5
      vertex 30.6903 48.9567 0
      vertex 30.6903 48.9567 5
    endloop
  endfacet
  facet normal 0.980785 -0.195091 0
    outer loop
      vertex 30.6903 48.9567 0
      vertex 30.5 48 5
      vertex 30.5 48 0
    endloop
  endfacet
  facet normal 0.555528 -0.831498 0
    outer loop
      vertex 31.2322 49.7678 0
      vertex 32.0433 50.3097 5
      vertex 31.2322 49.7678 5
    endloop
  endfacet
  facet normal 0.555528 -0.831498 0
    outer loop
      vertex 32.0433 50.3097 5
      vertex 31.2322 49.7678 0
      vertex 32.0433 50.3097 0
    endloop
  endfacet
  facet normal 0.195091 0.980785 -0
    outer loop
      vertex 33 45.5 0
      vertex 32.0433 45.6903 5
      vertex 33 45.5 5
    endloop
  endfacet
  facet normal 0.195091 0.980785 0
    outer loop
      vertex 32.0433 45.6903 5
      vertex 33 45.5 0
      vertex 32.0433 45.6903 0
    endloop
  endfacet
  facet normal 0.831498 0.555528 0
    outer loop
      vertex 31.2322 46.2322 5
      vertex 30.6903 47.0433 0
      vertex 30.6903 47.0433 5
    endloop
  endfacet
  facet normal 0.831498 0.555528 0
    outer loop
      vertex 30.6903 47.0433 0
      vertex 31.2322 46.2322 5
      vertex 31.2322 46.2322 0
    endloop
  endfacet
  facet normal 0.980785 0.195091 0
    outer loop
      vertex 30.6903 47.0433 5
      vertex 30.5 48 0
      vertex 30.5 48 5
    endloop
  endfacet
  facet normal 0.980785 0.195091 0
    outer loop
      vertex 30.5 48 0
      vertex 30.6903 47.0433 5
      vertex 30.6903 47.0433 0
    endloop
  endfacet
  facet normal -0.831498 0.555528 0
    outer loop
      vertex 34.7678 46.2322 0
      vertex 35.3097 47.0433 5
      vertex 35.3097 47.0433 0
    endloop
  endfacet
  facet normal -0.831498 0.555528 0
    outer loop
      vertex 35.3097 47.0433 5
      vertex 34.7678 46.2322 0
      vertex 34.7678 46.2322 5
    endloop
  endfacet
  facet normal 0.555528 0.831498 -0
    outer loop
      vertex 32.0433 45.6903 0
      vertex 31.2322 46.2322 5
      vertex 32.0433 45.6903 5
    endloop
  endfacet
  facet normal 0.555528 0.831498 0
    outer loop
      vertex 31.2322 46.2322 5
      vertex 32.0433 45.6903 0
      vertex 31.2322 46.2322 0
    endloop
  endfacet
  facet normal -0.980785 0.195091 0
    outer loop
      vertex 35.3097 47.0433 0
      vertex 35.5 48 5
      vertex 35.5 48 0
    endloop
  endfacet
  facet normal -0.980785 0.195091 0
    outer loop
      vertex 35.5 48 5
      vertex 35.3097 47.0433 0
      vertex 35.3097 47.0433 5
    endloop
  endfacet
  facet normal -0.980785 -0.195091 0
    outer loop
      vertex 50.5 18 0
      vertex 50.3097 18.9567 5
      vertex 50.3097 18.9567 0
    endloop
  endfacet
  facet normal -0.980785 -0.195091 0
    outer loop
      vertex 50.3097 18.9567 5
      vertex 50.5 18 0
      vertex 50.5 18 5
    endloop
  endfacet
  facet normal -0.195091 -0.980785 0
    outer loop
      vertex 48 20.5 0
      vertex 48.9567 20.3097 5
      vertex 48 20.5 5
    endloop
  endfacet
  facet normal -0.195091 -0.980785 -0
    outer loop
      vertex 48.9567 20.3097 5
      vertex 48 20.5 0
      vertex 48.9567 20.3097 0
    endloop
  endfacet
  facet normal 0.980785 0.195091 0
    outer loop
      vertex 45.6903 17.0433 5
      vertex 45.5 18 0
      vertex 45.5 18 5
    endloop
  endfacet
  facet normal 0.980785 0.195091 0
    outer loop
      vertex 45.5 18 0
      vertex 45.6903 17.0433 5
      vertex 45.6903 17.0433 0
    endloop
  endfacet
  facet normal -0.831498 0.555528 0
    outer loop
      vertex 49.7678 16.2322 0
      vertex 50.3097 17.0433 5
      vertex 50.3097 17.0433 0
    endloop
  endfacet
  facet normal -0.831498 0.555528 0
    outer loop
      vertex 50.3097 17.0433 5
      vertex 49.7678 16.2322 0
      vertex 49.7678 16.2322 5
    endloop
  endfacet
  facet normal -0.555528 0.831498 0
    outer loop
      vertex 49.7678 16.2322 0
      vertex 48.9567 15.6903 5
      vertex 49.7678 16.2322 5
    endloop
  endfacet
  facet normal -0.555528 0.831498 0
    outer loop
      vertex 48.9567 15.6903 5
      vertex 49.7678 16.2322 0
      vertex 48.9567 15.6903 0
    endloop
  endfacet
  facet normal -0.195091 0.980785 0
    outer loop
      vertex 48.9567 15.6903 0
      vertex 48 15.5 5
      vertex 48.9567 15.6903 5
    endloop
  endfacet
  facet normal -0.195091 0.980785 0
    outer loop
      vertex 48 15.5 5
      vertex 48.9567 15.6903 0
      vertex 48 15.5 0
    endloop
  endfacet
  facet normal -0.555528 -0.831498 0
    outer loop
      vertex 48.9567 20.3097 0
      vertex 49.7678 19.7678 5
      vertex 48.9567 20.3097 5
    endloop
  endfacet
  facet normal -0.555528 -0.831498 -0
    outer loop
      vertex 49.7678 19.7678 5
      vertex 48.9567 20.3097 0
      vertex 49.7678 19.7678 0
    endloop
  endfacet
  facet normal -0.831498 -0.555528 0
    outer loop
      vertex 50.3097 18.9567 0
      vertex 49.7678 19.7678 5
      vertex 49.7678 19.7678 0
    endloop
  endfacet
  facet normal -0.831498 -0.555528 0
    outer loop
      vertex 49.7678 19.7678 5
      vertex 50.3097 18.9567 0
      vertex 50.3097 18.9567 5
    endloop
  endfacet
  facet normal 0.195091 -0.980785 0
    outer loop
      vertex 47.0433 20.3097 0
      vertex 48 20.5 5
      vertex 47.0433 20.3097 5
    endloop
  endfacet
  facet normal 0.195091 -0.980785 0
    outer loop
      vertex 48 20.5 5
      vertex 47.0433 20.3097 0
      vertex 48 20.5 0
    endloop
  endfacet
  facet normal 0.555528 -0.831498 0
    outer loop
      vertex 46.2322 19.7678 0
      vertex 47.0433 20.3097 5
      vertex 46.2322 19.7678 5
    endloop
  endfacet
  facet normal 0.555528 -0.831498 0
    outer loop
      vertex 47.0433 20.3097 5
      vertex 46.2322 19.7678 0
      vertex 47.0433 20.3097 0
    endloop
  endfacet
  facet normal 0.980785 -0.195091 0
    outer loop
      vertex 45.5 18 5
      vertex 45.6903 18.9567 0
      vertex 45.6903 18.9567 5
    endloop
  endfacet
  facet normal 0.980785 -0.195091 0
    outer loop
      vertex 45.6903 18.9567 0
      vertex 45.5 18 5
      vertex 45.5 18 0
    endloop
  endfacet
  facet normal 0.831498 -0.555528 0
    outer loop
      vertex 45.6903 18.9567 5
      vertex 46.2322 19.7678 0
      vertex 46.2322 19.7678 5
    endloop
  endfacet
  facet normal 0.831498 -0.555528 0
    outer loop
      vertex 46.2322 19.7678 0
      vertex 45.6903 18.9567 5
      vertex 45.6903 18.9567 0
    endloop
  endfacet
  facet normal 0.831498 0.555528 0
    outer loop
      vertex 46.2322 16.2322 5
      vertex 45.6903 17.0433 0
      vertex 45.6903 17.0433 5
    endloop
  endfacet
  facet normal 0.831498 0.555528 0
    outer loop
      vertex 45.6903 17.0433 0
      vertex 46.2322 16.2322 5
      vertex 46.2322 16.2322 0
    endloop
  endfacet
  facet normal 0.195091 0.980785 -0
    outer loop
      vertex 48 15.5 0
      vertex 47.0433 15.6903 5
      vertex 48 15.5 5
    endloop
  endfacet
  facet normal 0.195091 0.980785 0
    outer loop
      vertex 47.0433 15.6903 5
      vertex 48 15.5 0
      vertex 47.0433 15.6903 0
    endloop
  endfacet
  facet normal 0.555528 0.831498 -0
    outer loop
      vertex 47.0433 15.6903 0
      vertex 46.2322 16.2322 5
      vertex 47.0433 15.6903 5
    endloop
  endfacet
  facet normal 0.555528 0.831498 0
    outer loop
      vertex 46.2322 16.2322 5
      vertex 47.0433 15.6903 0
      vertex 46.2322 16.2322 0
    endloop
  endfacet
  facet normal -0.980785 0.195091 0
    outer loop
      vertex 50.3097 17.0433 0
      vertex 50.5 18 5
      vertex 50.5 18 0
    endloop
  endfacet
  facet normal -0.980785 0.195091 0
    outer loop
      vertex 50.5 18 5
      vertex 50.3097 17.0433 0
      vertex 50.3097 17.0433 5
    endloop
  endfacet
  facet normal -0.980785 -0.195091 0
    outer loop
      vertex 50.5 33 0
      vertex 50.3097 33.9567 5
      vertex 50.3097 33.9567 0
    endloop
  endfacet
  facet normal -0.980785 -0.195091 0
    outer loop
      vertex 50.3097 33.9567 5
      vertex 50.5 33 0
      vertex 50.5 33 5
    endloop
  endfacet
  facet normal -0.195091 -0.980785 0
    outer loop
      vertex 48 35.5 0
      vertex 48.9567 35.3097 5
      vertex 48 35.5 5
    endloop
  endfacet
  facet normal -0.195091 -0.980785 -0
    outer loop
      vertex 48.9567 35.3097 5
      vertex 48 35.5 0
      vertex 48.9567 35.3097 0
    endloop
  endfacet
  facet normal 0.980785 0.195091 0
    outer loop
      vertex 45.6903 32.0433 5
      vertex 45.5 33 0
      vertex 45.5 33 5
    endloop
  endfacet
  facet normal 0.980785 0.195091 0
    outer loop
      vertex 45.5 33 0
      vertex 45.6903 32.0433 5
      vertex 45.6903 32.0433 0
    endloop
  endfacet
  facet normal -0.831498 0.555528 0
    outer loop
      vertex 49.7678 31.2322 0
      vertex 50.3097 32.0433 5
      vertex 50.3097 32.0433 0
    endloop
  endfacet
  facet normal -0.831498 0.555528 0
    outer loop
      vertex 50.3097 32.0433 5
      vertex 49.7678 31.2322 0
      vertex 49.7678 31.2322 5
    endloop
  endfacet
  facet normal -0.555528 0.831498 0
    outer loop
      vertex 49.7678 31.2322 0
      vertex 48.9567 30.6903 5
      vertex 49.7678 31.2322 5
    endloop
  endfacet
  facet normal -0.555528 0.831498 0
    outer loop
      vertex 48.9567 30.6903 5
      vertex 49.7678 31.2322 0
      vertex 48.9567 30.6903 0
    endloop
  endfacet
  facet normal -0.195091 0.980785 0
    outer loop
      vertex 48.9567 30.6903 0
      vertex 48 30.5 5
      vertex 48.9567 30.6903 5
    endloop
  endfacet
  facet normal -0.195091 0.980785 0
    outer loop
      vertex 48 30.5 5
      vertex 48.9567 30.6903 0
      vertex 48 30.5 0
    endloop
  endfacet
  facet normal -0.555528 -0.831498 0
    outer loop
      vertex 48.9567 35.3097 0
      vertex 49.7678 34.7678 5
      vertex 48.9567 35.3097 5
    endloop
  endfacet
  facet normal -0.555528 -0.831498 -0
    outer loop
      vertex 49.7678 34.7678 5
      vertex 48.9567 35.3097 0
      vertex 49.7678 34.7678 0
    endloop
  endfacet
  facet normal -0.831498 -0.555528 0
    outer loop
      vertex 50.3097 33.9567 0
      vertex 49.7678 34.7678 5
      vertex 49.7678 34.7678 0
    endloop
  endfacet
  facet normal -0.831498 -0.555528 0
    outer loop
      vertex 49.7678 34.7678 5
      vertex 50.3097 33.9567 0
      vertex 50.3097 33.9567 5
    endloop
  endfacet
  facet normal 0.195091 -0.980785 0
    outer loop
      vertex 47.0433 35.3097 0
      vertex 48 35.5 5
      vertex 47.0433 35.3097 5
    endloop
  endfacet
  facet normal 0.195091 -0.980785 0
    outer loop
      vertex 48 35.5 5
      vertex 47.0433 35.3097 0
      vertex 48 35.5 0
    endloop
  endfacet
  facet normal 0.555528 -0.831498 0
    outer loop
      vertex 46.2322 34.7678 0
      vertex 47.0433 35.3097 5
      vertex 46.2322 34.7678 5
    endloop
  endfacet
  facet normal 0.555528 -0.831498 0
    outer loop
      vertex 47.0433 35.3097 5
      vertex 46.2322 34.7678 0
      vertex 47.0433 35.3097 0
    endloop
  endfacet
  facet normal 0.831498 -0.555528 0
    outer loop
      vertex 45.6903 33.9567 5
      vertex 46.2322 34.7678 0
      vertex 46.2322 34.7678 5
    endloop
  endfacet
  facet normal 0.831498 -0.555528 0
    outer loop
      vertex 46.2322 34.7678 0
      vertex 45.6903 33.9567 5
      vertex 45.6903 33.9567 0
    endloop
  endfacet
  facet normal 0.831498 0.555528 0
    outer loop
      vertex 46.2322 31.2322 5
      vertex 45.6903 32.0433 0
      vertex 45.6903 32.0433 5
    endloop
  endfacet
  facet normal 0.831498 0.555528 0
    outer loop
      vertex 45.6903 32.0433 0
      vertex 46.2322 31.2322 5
      vertex 46.2322 31.2322 0
    endloop
  endfacet
  facet normal 0.195091 0.980785 -0
    outer loop
      vertex 48 30.5 0
      vertex 47.0433 30.6903 5
      vertex 48 30.5 5
    endloop
  endfacet
  facet normal 0.195091 0.980785 0
    outer loop
      vertex 47.0433 30.6903 5
      vertex 48 30.5 0
      vertex 47.0433 30.6903 0
    endloop
  endfacet
  facet normal 0.980785 -0.195091 0
    outer loop
      vertex 45.5 33 5
      vertex 45.6903 33.9567 0
      vertex 45.6903 33.9567 5
    endloop
  endfacet
  facet normal 0.980785 -0.195091 0
    outer loop
      vertex 45.6903 33.9567 0
      vertex 45.5 33 5
      vertex 45.5 33 0
    endloop
  endfacet
  facet normal 0.555528 0.831498 -0
    outer loop
      vertex 47.0433 30.6903 0
      vertex 46.2322 31.2322 5
      vertex 47.0433 30.6903 5
    endloop
  endfacet
  facet normal 0.555528 0.831498 0
    outer loop
      vertex 46.2322 31.2322 5
      vertex 47.0433 30.6903 0
      vertex 46.2322 31.2322 0
    endloop
  endfacet
  facet normal -0.980785 0.195091 0
    outer loop
      vertex 50.3097 32.0433 0
      vertex 50.5 33 5
      vertex 50.5 33 0
    endloop
  endfacet
  facet normal -0.980785 0.195091 0
    outer loop
      vertex 50.5 33 5
      vertex 50.3097 32.0433 0
      vertex 50.3097 32.0433 5
    endloop
  endfacet
  facet normal -0.980785 -0.195091 0
    outer loop
      vertex 50.5 48 0
      vertex 50.3097 48.9567 5
      vertex 50.3097 48.9567 0
    endloop
  endfacet
  facet normal -0.980785 -0.195091 0
    outer loop
      vertex 50.3097 48.9567 5
      vertex 50.5 48 0
      vertex 50.5 48 5
    endloop
  endfacet
  facet normal 0.195091 -0.980785 0
    outer loop
      vertex 47.0433 50.3097 0
      vertex 48 50.5 5
      vertex 47.0433 50.3097 5
    endloop
  endfacet
  facet normal 0.195091 -0.980785 0
    outer loop
      vertex 48 50.5 5
      vertex 47.0433 50.3097 0
      vertex 48 50.5 0
    endloop
  endfacet
  facet normal -0.555528 0.831498 0
    outer loop
      vertex 49.7678 46.2322 0
      vertex 48.9567 45.6903 5
      vertex 49.7678 46.2322 5
    endloop
  endfacet
  facet normal -0.555528 0.831498 0
    outer loop
      vertex 48.9567 45.6903 5
      vertex 49.7678 46.2322 0
      vertex 48.9567 45.6903 0
    endloop
  endfacet
  facet normal -0.555528 -0.831498 0
    outer loop
      vertex 48.9567 50.3097 0
      vertex 49.7678 49.7678 5
      vertex 48.9567 50.3097 5
    endloop
  endfacet
  facet normal -0.555528 -0.831498 -0
    outer loop
      vertex 49.7678 49.7678 5
      vertex 48.9567 50.3097 0
      vertex 49.7678 49.7678 0
    endloop
  endfacet
  facet normal -0.831498 -0.555528 0
    outer loop
      vertex 50.3097 48.9567 0
      vertex 49.7678 49.7678 5
      vertex 49.7678 49.7678 0
    endloop
  endfacet
  facet normal -0.831498 -0.555528 0
    outer loop
      vertex 49.7678 49.7678 5
      vertex 50.3097 48.9567 0
      vertex 50.3097 48.9567 5
    endloop
  endfacet
  facet normal -0.195091 -0.980785 0
    outer loop
      vertex 48 50.5 0
      vertex 48.9567 50.3097 5
      vertex 48 50.5 5
    endloop
  endfacet
  facet normal -0.195091 -0.980785 -0
    outer loop
      vertex 48.9567 50.3097 5
      vertex 48 50.5 0
      vertex 48.9567 50.3097 0
    endloop
  endfacet
  facet normal 0.831498 -0.555528 0
    outer loop
      vertex 45.6903 48.9567 5
      vertex 46.2322 49.7678 0
      vertex 46.2322 49.7678 5
    endloop
  endfacet
  facet normal 0.831498 -0.555528 0
    outer loop
      vertex 46.2322 49.7678 0
      vertex 45.6903 48.9567 5
      vertex 45.6903 48.9567 0
    endloop
  endfacet
  facet normal 0.980785 -0.195091 0
    outer loop
      vertex 45.5 48 5
      vertex 45.6903 48.9567 0
      vertex 45.6903 48.9567 5
    endloop
  endfacet
  facet normal 0.980785 -0.195091 0
    outer loop
      vertex 45.6903 48.9567 0
      vertex 45.5 48 5
      vertex 45.5 48 0
    endloop
  endfacet
  facet normal 0.555528 -0.831498 0
    outer loop
      vertex 46.2322 49.7678 0
      vertex 47.0433 50.3097 5
      vertex 46.2322 49.7678 5
    endloop
  endfacet
  facet normal 0.555528 -0.831498 0
    outer loop
      vertex 47.0433 50.3097 5
      vertex 46.2322 49.7678 0
      vertex 47.0433 50.3097 0
    endloop
  endfacet
  facet normal -0.980785 0.195091 0
    outer loop
      vertex 50.3097 47.0433 0
      vertex 50.5 48 5
      vertex 50.5 48 0
    endloop
  endfacet
  facet normal -0.980785 0.195091 0
    outer loop
      vertex 50.5 48 5
      vertex 50.3097 47.0433 0
      vertex 50.3097 47.0433 5
    endloop
  endfacet
  facet normal 0.195091 0.980785 -0
    outer loop
      vertex 48 45.5 0
      vertex 47.0433 45.6903 5
      vertex 48 45.5 5
    endloop
  endfacet
  facet normal 0.195091 0.980785 0
    outer loop
      vertex 47.0433 45.6903 5
      vertex 48 45.5 0
      vertex 47.0433 45.6903 0
    endloop
  endfacet
  facet normal 0.831498 0.555528 0
    outer loop
      vertex 46.2322 46.2322 5
      vertex 45.6903 47.0433 0
      vertex 45.6903 47.0433 5
    endloop
  endfacet
  facet normal 0.831498 0.555528 0
    outer loop
      vertex 45.6903 47.0433 0
      vertex 46.2322 46.2322 5
      vertex 46.2322 46.2322 0
    endloop
  endfacet
  facet normal 0.980785 0.195091 0
    outer loop
      vertex 45.6903 47.0433 5
      vertex 45.5 48 0
      vertex 45.5 48 5
    endloop
  endfacet
  facet normal 0.980785 0.195091 0
    outer loop
      vertex 45.5 48 0
      vertex 45.6903 47.0433 5
      vertex 45.6903 47.0433 0
    endloop
  endfacet
  facet normal -0.831498 0.555528 0
    outer loop
      vertex 49.7678 46.2322 0
      vertex 50.3097 47.0433 5
      vertex 50.3097 47.0433 0
    endloop
  endfacet
  facet normal -0.831498 0.555528 0
    outer loop
      vertex 50.3097 47.0433 5
      vertex 49.7678 46.2322 0
      vertex 49.7678 46.2322 5
    endloop
  endfacet
  facet normal -0.195091 0.980785 0
    outer loop
      vertex 48.9567 45.6903 0
      vertex 48 45.5 5
      vertex 48.9567 45.6903 5
    endloop
  endfacet
  facet normal -0.195091 0.980785 0
    outer loop
      vertex 48 45.5 5
      vertex 48.9567 45.6903 0
      vertex 48 45.5 0
    endloop
  endfacet
  facet normal 0.555528 0.831498 -0
    outer loop
      vertex 47.0433 45.6903 0
      vertex 46.2322 46.2322 5
      vertex 47.0433 45.6903 5
    endloop
  endfacet
  facet normal 0.555528 0.831498 0
    outer loop
      vertex 46.2322 46.2322 5
      vertex 47.0433 45.6903 0
      vertex 46.2322 46.2322 0
    endloop
  endfacet
  facet normal -0.980785 -0.195091 0
    outer loop
      vertex 65.5 18 0
      vertex 65.3097 18.9567 5
      vertex 65.3097 18.9567 0
    endloop
  endfacet
  facet normal -0.980785 -0.195091 0
    outer loop
      vertex 65.3097 18.9567 5
      vertex 65.5 18 0
      vertex 65.5 18 5
    endloop
  endfacet
  facet normal -0.195091 -0.980785 0
    outer loop
      vertex 63 20.5 0
      vertex 63.9567 20.3097 5
      vertex 63 20.5 5
    endloop
  endfacet
  facet normal -0.195091 -0.980785 -0
    outer loop
      vertex 63.9567 20.3097 5
      vertex 63 20.5 0
      vertex 63.9567 20.3097 0
    endloop
  endfacet
  facet normal 0.980785 0.195091 0
    outer loop
      vertex 60.6903 17.0433 5
      vertex 60.5 18 0
      vertex 60.5 18 5
    endloop
  endfacet
  facet normal 0.980785 0.195091 0
    outer loop
      vertex 60.5 18 0
      vertex 60.6903 17.0433 5
      vertex 60.6903 17.0433 0
    endloop
  endfacet
  facet normal -0.831498 0.555528 0
    outer loop
      vertex 64.7678 16.2322 0
      vertex 65.3097 17.0433 5
      vertex 65.3097 17.0433 0
    endloop
  endfacet
  facet normal -0.831498 0.555528 0
    outer loop
      vertex 65.3097 17.0433 5
      vertex 64.7678 16.2322 0
      vertex 64.7678 16.2322 5
    endloop
  endfacet
  facet normal -0.555528 0.831498 0
    outer loop
      vertex 64.7678 16.2322 0
      vertex 63.9567 15.6903 5
      vertex 64.7678 16.2322 5
    endloop
  endfacet
  facet normal -0.555528 0.831498 0
    outer loop
      vertex 63.9567 15.6903 5
      vertex 64.7678 16.2322 0
      vertex 63.9567 15.6903 0
    endloop
  endfacet
  facet normal -0.195091 0.980785 0
    outer loop
      vertex 63.9567 15.6903 0
      vertex 63 15.5 5
      vertex 63.9567 15.6903 5
    endloop
  endfacet
  facet normal -0.195091 0.980785 0
    outer loop
      vertex 63 15.5 5
      vertex 63.9567 15.6903 0
      vertex 63 15.5 0
    endloop
  endfacet
  facet normal -0.555528 -0.831498 0
    outer loop
      vertex 63.9567 20.3097 0
      vertex 64.7678 19.7678 5
      vertex 63.9567 20.3097 5
    endloop
  endfacet
  facet normal -0.555528 -0.831498 -0
    outer loop
      vertex 64.7678 19.7678 5
      vertex 63.9567 20.3097 0
      vertex 64.7678 19.7678 0
    endloop
  endfacet
  facet normal -0.831498 -0.555528 0
    outer loop
      vertex 65.3097 18.9567 0
      vertex 64.7678 19.7678 5
      vertex 64.7678 19.7678 0
    endloop
  endfacet
  facet normal -0.831498 -0.555528 0
    outer loop
      vertex 64.7678 19.7678 5
      vertex 65.3097 18.9567 0
      vertex 65.3097 18.9567 5
    endloop
  endfacet
  facet normal 0.195091 -0.980785 0
    outer loop
      vertex 62.0433 20.3097 0
      vertex 63 20.5 5
      vertex 62.0433 20.3097 5
    endloop
  endfacet
  facet normal 0.195091 -0.980785 0
    outer loop
      vertex 63 20.5 5
      vertex 62.0433 20.3097 0
      vertex 63 20.5 0
    endloop
  endfacet
  facet normal 0.555528 -0.831498 0
    outer loop
      vertex 61.2322 19.7678 0
      vertex 62.0433 20.3097 5
      vertex 61.2322 19.7678 5
    endloop
  endfacet
  facet normal 0.555528 -0.831498 0
    outer loop
      vertex 62.0433 20.3097 5
      vertex 61.2322 19.7678 0
      vertex 62.0433 20.3097 0
    endloop
  endfacet
  facet normal 0.831498 -0.555528 0
    outer loop
      vertex 60.6903 18.9567 5
      vertex 61.2322 19.7678 0
      vertex 61.2322 19.7678 5
    endloop
  endfacet
  facet normal 0.831498 -0.555528 0
    outer loop
      vertex 61.2322 19.7678 0
      vertex 60.6903 18.9567 5
      vertex 60.6903 18.9567 0
    endloop
  endfacet
  facet normal 0.831498 0.555528 0
    outer loop
      vertex 61.2322 16.2322 5
      vertex 60.6903 17.0433 0
      vertex 60.6903 17.0433 5
    endloop
  endfacet
  facet normal 0.831498 0.555528 0
    outer loop
      vertex 60.6903 17.0433 0
      vertex 61.2322 16.2322 5
      vertex 61.2322 16.2322 0
    endloop
  endfacet
  facet normal 0.195091 0.980785 -0
    outer loop
      vertex 63 15.5 0
      vertex 62.0433 15.6903 5
      vertex 63 15.5 5
    endloop
  endfacet
  facet normal 0.195091 0.980785 0
    outer loop
      vertex 62.0433 15.6903 5
      vertex 63 15.5 0
      vertex 62.0433 15.6903 0
    endloop
  endfacet
  facet normal 0.555528 0.831498 -0
    outer loop
      vertex 62.0433 15.6903 0
      vertex 61.2322 16.2322 5
      vertex 62.0433 15.6903 5
    endloop
  endfacet
  facet normal 0.555528 0.831498 0
    outer loop
      vertex 61.2322 16.2322 5
      vertex 62.0433 15.6903 0
      vertex 61.2322 16.2322 0
    endloop
  endfacet
  facet normal 0.980785 -0.195091 0
    outer loop
      vertex 60.5 18 5
      vertex 60.6903 18.9567 0
      vertex 60.6903 18.9567 5
    endloop
  endfacet
  facet normal 0.980785 -0.195091 0
    outer loop
      vertex 60.6903 18.9567 0
      vertex 60.5 18 5
      vertex 60.5 18 0
    endloop
  endfacet
  facet normal -0.980785 0.195091 0
    outer loop
      vertex 65.3097 17.0433 0
      vertex 65.5 18 5
      vertex 65.5 18 0
    endloop
  endfacet
  facet normal -0.980785 0.195091 0
    outer loop
      vertex 65.5 18 5
      vertex 65.3097 17.0433 0
      vertex 65.3097 17.0433 5
    endloop
  endfacet
  facet normal -0.980785 -0.195091 0
    outer loop
      vertex 65.5 33 0
      vertex 65.3097 33.9567 5
      vertex 65.3097 33.9567 0
    endloop
  endfacet
  facet normal -0.980785 -0.195091 0
    outer loop
      vertex 65.3097 33.9567 5
      vertex 65.5 33 0
      vertex 65.5 33 5
    endloop
  endfacet
  facet normal -0.195091 -0.980785 0
    outer loop
      vertex 63 35.5 0
      vertex 63.9567 35.3097 5
      vertex 63 35.5 5
    endloop
  endfacet
  facet normal -0.195091 -0.980785 -0
    outer loop
      vertex 63.9567 35.3097 5
      vertex 63 35.5 0
      vertex 63.9567 35.3097 0
    endloop
  endfacet
  facet normal 0.980785 0.195091 0
    outer loop
      vertex 60.6903 32.0433 5
      vertex 60.5 33 0
      vertex 60.5 33 5
    endloop
  endfacet
  facet normal 0.980785 0.195091 0
    outer loop
      vertex 60.5 33 0
      vertex 60.6903 32.0433 5
      vertex 60.6903 32.0433 0
    endloop
  endfacet
  facet normal -0.831498 0.555528 0
    outer loop
      vertex 64.7678 31.2322 0
      vertex 65.3097 32.0433 5
      vertex 65.3097 32.0433 0
    endloop
  endfacet
  facet normal -0.831498 0.555528 0
    outer loop
      vertex 65.3097 32.0433 5
      vertex 64.7678 31.2322 0
      vertex 64.7678 31.2322 5
    endloop
  endfacet
  facet normal -0.555528 0.831498 0
    outer loop
      vertex 64.7678 31.2322 0
      vertex 63.9567 30.6903 5
      vertex 64.7678 31.2322 5
    endloop
  endfacet
  facet normal -0.555528 0.831498 0
    outer loop
      vertex 63.9567 30.6903 5
      vertex 64.7678 31.2322 0
      vertex 63.9567 30.6903 0
    endloop
  endfacet
  facet normal -0.195091 0.980785 0
    outer loop
      vertex 63.9567 30.6903 0
      vertex 63 30.5 5
      vertex 63.9567 30.6903 5
    endloop
  endfacet
  facet normal -0.195091 0.980785 0
    outer loop
      vertex 63 30.5 5
      vertex 63.9567 30.6903 0
      vertex 63 30.5 0
    endloop
  endfacet
  facet normal -0.555528 -0.831498 0
    outer loop
      vertex 63.9567 35.3097 0
      vertex 64.7678 34.7678 5
      vertex 63.9567 35.3097 5
    endloop
  endfacet
  facet normal -0.555528 -0.831498 -0
    outer loop
      vertex 64.7678 34.7678 5
      vertex 63.9567 35.3097 0
      vertex 64.7678 34.7678 0
    endloop
  endfacet
  facet normal -0.831498 -0.555528 0
    outer loop
      vertex 65.3097 33.9567 0
      vertex 64.7678 34.7678 5
      vertex 64.7678 34.7678 0
    endloop
  endfacet
  facet normal -0.831498 -0.555528 0
    outer loop
      vertex 64.7678 34.7678 5
      vertex 65.3097 33.9567 0
      vertex 65.3097 33.9567 5
    endloop
  endfacet
  facet normal 0.195091 -0.980785 0
    outer loop
      vertex 62.0433 35.3097 0
      vertex 63 35.5 5
      vertex 62.0433 35.3097 5
    endloop
  endfacet
  facet normal 0.195091 -0.980785 0
    outer loop
      vertex 63 35.5 5
      vertex 62.0433 35.3097 0
      vertex 63 35.5 0
    endloop
  endfacet
  facet normal 0.555528 -0.831498 0
    outer loop
      vertex 61.2322 34.7678 0
      vertex 62.0433 35.3097 5
      vertex 61.2322 34.7678 5
    endloop
  endfacet
  facet normal 0.555528 -0.831498 0
    outer loop
      vertex 62.0433 35.3097 5
      vertex 61.2322 34.7678 0
      vertex 62.0433 35.3097 0
    endloop
  endfacet
  facet normal 0.831498 -0.555528 0
    outer loop
      vertex 60.6903 33.9567 5
      vertex 61.2322 34.7678 0
      vertex 61.2322 34.7678 5
    endloop
  endfacet
  facet normal 0.831498 -0.555528 0
    outer loop
      vertex 61.2322 34.7678 0
      vertex 60.6903 33.9567 5
      vertex 60.6903 33.9567 0
    endloop
  endfacet
  facet normal 0.831498 0.555528 0
    outer loop
      vertex 61.2322 31.2322 5
      vertex 60.6903 32.0433 0
      vertex 60.6903 32.0433 5
    endloop
  endfacet
  facet normal 0.831498 0.555528 0
    outer loop
      vertex 60.6903 32.0433 0
      vertex 61.2322 31.2322 5
      vertex 61.2322 31.2322 0
    endloop
  endfacet
  facet normal 0.195091 0.980785 -0
    outer loop
      vertex 63 30.5 0
      vertex 62.0433 30.6903 5
      vertex 63 30.5 5
    endloop
  endfacet
  facet normal 0.195091 0.980785 0
    outer loop
      vertex 62.0433 30.6903 5
      vertex 63 30.5 0
      vertex 62.0433 30.6903 0
    endloop
  endfacet
  facet normal 0.555528 0.831498 -0
    outer loop
      vertex 62.0433 30.6903 0
      vertex 61.2322 31.2322 5
      vertex 62.0433 30.6903 5
    endloop
  endfacet
  facet normal 0.555528 0.831498 0
    outer loop
      vertex 61.2322 31.2322 5
      vertex 62.0433 30.6903 0
      vertex 61.2322 31.2322 0
    endloop
  endfacet
  facet normal 0.980785 -0.195091 0
    outer loop
      vertex 60.5 33 5
      vertex 60.6903 33.9567 0
      vertex 60.6903 33.9567 5
    endloop
  endfacet
  facet normal 0.980785 -0.195091 0
    outer loop
      vertex 60.6903 33.9567 0
      vertex 60.5 33 5
      vertex 60.5 33 0
    endloop
  endfacet
  facet normal -0.980785 0.195091 0
    outer loop
      vertex 65.3097 32.0433 0
      vertex 65.5 33 5
      vertex 65.5 33 0
    endloop
  endfacet
  facet normal -0.980785 0.195091 0
    outer loop
      vertex 65.5 33 5
      vertex 65.3097 32.0433 0
      vertex 65.3097 32.0433 5
    endloop
  endfacet
  facet normal -0.980785 -0.195091 0
    outer loop
      vertex 65.5 48 0
      vertex 65.3097 48.9567 5
      vertex 65.3097 48.9567 0
    endloop
  endfacet
  facet normal -0.980785 -0.195091 0
    outer loop
      vertex 65.3097 48.9567 5
      vertex 65.5 48 0
      vertex 65.5 48 5
    endloop
  endfacet
  facet normal -0.195091 -0.980785 0
    outer loop
      vertex 63 50.5 0
      vertex 63.9567 50.3097 5
      vertex 63 50.5 5
    endloop
  endfacet
  facet normal -0.195091 -0.980785 -0
    outer loop
      vertex 63.9567 50.3097 5
      vertex 63 50.5 0
      vertex 63.9567 50.3097 0
    endloop
  endfacet
  facet normal 0.980785 0.195091 0
    outer loop
      vertex 60.6903 47.0433 5
      vertex 60.5 48 0
      vertex 60.5 48 5
    endloop
  endfacet
  facet normal 0.980785 0.195091 0
    outer loop
      vertex 60.5 48 0
      vertex 60.6903 47.0433 5
      vertex 60.6903 47.0433 0
    endloop
  endfacet
  facet normal -0.831498 0.555528 0
    outer loop
      vertex 64.7678 46.2322 0
      vertex 65.3097 47.0433 5
      vertex 65.3097 47.0433 0
    endloop
  endfacet
  facet normal -0.831498 0.555528 0
    outer loop
      vertex 65.3097 47.0433 5
      vertex 64.7678 46.2322 0
      vertex 64.7678 46.2322 5
    endloop
  endfacet
  facet normal -0.555528 0.831498 0
    outer loop
      vertex 64.7678 46.2322 0
      vertex 63.9567 45.6903 5
      vertex 64.7678 46.2322 5
    endloop
  endfacet
  facet normal -0.555528 0.831498 0
    outer loop
      vertex 63.9567 45.6903 5
      vertex 64.7678 46.2322 0
      vertex 63.9567 45.6903 0
    endloop
  endfacet
  facet normal -0.195091 0.980785 0
    outer loop
      vertex 63.9567 45.6903 0
      vertex 63 45.5 5
      vertex 63.9567 45.6903 5
    endloop
  endfacet
  facet normal -0.195091 0.980785 0
    outer loop
      vertex 63 45.5 5
      vertex 63.9567 45.6903 0
      vertex 63 45.5 0
    endloop
  endfacet
  facet normal -0.555528 -0.831498 0
    outer loop
      vertex 63.9567 50.3097 0
      vertex 64.7678 49.7678 5
      vertex 63.9567 50.3097 5
    endloop
  endfacet
  facet normal -0.555528 -0.831498 -0
    outer loop
      vertex 64.7678 49.7678 5
      vertex 63.9567 50.3097 0
      vertex 64.7678 49.7678 0
    endloop
  endfacet
  facet normal -0.831498 -0.555528 0
    outer loop
      vertex 65.3097 48.9567 0
      vertex 64.7678 49.7678 5
      vertex 64.7678 49.7678 0
    endloop
  endfacet
  facet normal -0.831498 -0.555528 0
    outer loop
      vertex 64.7678 49.7678 5
      vertex 65.3097 48.9567 0
      vertex 65.3097 48.9567 5
    endloop
  endfacet
  facet normal 0.195091 -0.980785 0
    outer loop
      vertex 62.0433 50.3097 0
      vertex 63 50.5 5
      vertex 62.0433 50.3097 5
    endloop
  endfacet
  facet normal 0.195091 -0.980785 0
    outer loop
      vertex 63 50.5 5
      vertex 62.0433 50.3097 0
      vertex 63 50.5 0
    endloop
  endfacet
  facet normal 0.555528 -0.831498 0
    outer loop
      vertex 61.2322 49.7678 0
      vertex 62.0433 50.3097 5
      vertex 61.2322 49.7678 5
    endloop
  endfacet
  facet normal 0.555528 -0.831498 0
    outer loop
      vertex 62.0433 50.3097 5
      vertex 61.2322 49.7678 0
      vertex 62.0433 50.3097 0
    endloop
  endfacet
  facet normal 0.831498 -0.555528 0
    outer loop
      vertex 60.6903 48.9567 5
      vertex 61.2322 49.7678 0
      vertex 61.2322 49.7678 5
    endloop
  endfacet
  facet normal 0.831498 -0.555528 0
    outer loop
      vertex 61.2322 49.7678 0
      vertex 60.6903 48.9567 5
      vertex 60.6903 48.9567 0
    endloop
  endfacet
  facet normal 0.831498 0.555528 0
    outer loop
      vertex 61.2322 46.2322 5
      vertex 60.6903 47.0433 0
      vertex 60.6903 47.0433 5
    endloop
  endfacet
  facet normal 0.831498 0.555528 0
    outer loop
      vertex 60.6903 47.0433 0
      vertex 61.2322 46.2322 5
      vertex 61.2322 46.2322 0
    endloop
  endfacet
  facet normal 0.195091 0.980785 -0
    outer loop
      vertex 63 45.5 0
      vertex 62.0433 45.6903 5
      vertex 63 45.5 5
    endloop
  endfacet
  facet normal 0.195091 0.980785 0
    outer loop
      vertex 62.0433 45.6903 5
      vertex 63 45.5 0
      vertex 62.0433 45.6903 0
    endloop
  endfacet
  facet normal 0.555528 0.831498 -0
    outer loop
      vertex 62.0433 45.6903 0
      vertex 61.2322 46.2322 5
      vertex 62.0433 45.6903 5
    endloop
  endfacet
  facet normal 0.555528 0.831498 0
    outer loop
      vertex 61.2322 46.2322 5
      vertex 62.0433 45.6903 0
      vertex 61.2322 46.2322 0
    endloop
  endfacet
  facet normal 0.980785 -0.195091 0
    outer loop
      vertex 60.5 48 5
      vertex 60.6903 48.9567 0
      vertex 60.6903 48.9567 5
    endloop
  endfacet
  facet normal 0.980785 -0.195091 0
    outer loop
      vertex 60.6903 48.9567 0
      vertex 60.5 48 5
      vertex 60.5 48 0
    endloop
  endfacet
  facet normal -0.980785 0.195091 0
    outer loop
      vertex 65.3097 47.0433 0
      vertex 65.5 48 5
      vertex 65.5 48 0
    endloop
  endfacet
  facet normal -0.980785 0.195091 0
    outer loop
      vertex 65.5 48 5
      vertex 65.3097 47.0433 0
      vertex 65.3097 47.0433 5
    endloop
  endfacet
  facet normal -0.980785 -0.195091 0
    outer loop
      vertex 80.5 18 0
      vertex 80.3097 18.9567 5
      vertex 80.3097 18.9567 0
    endloop
  endfacet
  facet normal -0.980785 -0.195091 0
    outer loop
      vertex 80.3097 18.9567 5
      vertex 80.5 18 0
      vertex 80.5 18 5
    endloop
  endfacet
  facet normal 0.195091 -0.980785 0
    outer loop
      vertex 77.0433 20.3097 0
      vertex 78 20.5 5
      vertex 77.0433 20.3097 5
    endloop
  endfacet
  facet normal 0.195091 -0.980785 0
    outer loop
      vertex 78 20.5 5
      vertex 77.0433 20.3097 0
      vertex 78 20.5 0
    endloop
  endfacet
  facet normal -0.555528 0.831498 0
    outer loop
      vertex 79.7678 16.2322 0
      vertex 78.9567 15.6903 5
      vertex 79.7678 16.2322 5
    endloop
  endfacet
  facet normal -0.555528 0.831498 0
    outer loop
      vertex 78.9567 15.6903 5
      vertex 79.7678 16.2322 0
      vertex 78.9567 15.6903 0
    endloop
  endfacet
  facet normal -0.555528 -0.831498 0
    outer loop
      vertex 78.9567 20.3097 0
      vertex 79.7678 19.7678 5
      vertex 78.9567 20.3097 5
    endloop
  endfacet
  facet normal -0.555528 -0.831498 -0
    outer loop
      vertex 79.7678 19.7678 5
      vertex 78.9567 20.3097 0
      vertex 79.7678 19.7678 0
    endloop
  endfacet
  facet normal -0.831498 -0.555528 0
    outer loop
      vertex 80.3097 18.9567 0
      vertex 79.7678 19.7678 5
      vertex 79.7678 19.7678 0
    endloop
  endfacet
  facet normal -0.831498 -0.555528 0
    outer loop
      vertex 79.7678 19.7678 5
      vertex 80.3097 18.9567 0
      vertex 80.3097 18.9567 5
    endloop
  endfacet
  facet normal -0.195091 -0.980785 0
    outer loop
      vertex 78 20.5 0
      vertex 78.9567 20.3097 5
      vertex 78 20.5 5
    endloop
  endfacet
  facet normal -0.195091 -0.980785 -0
    outer loop
      vertex 78.9567 20.3097 5
      vertex 78 20.5 0
      vertex 78.9567 20.3097 0
    endloop
  endfacet
  facet normal 0.831498 -0.555528 0
    outer loop
      vertex 75.6903 18.9567 5
      vertex 76.2322 19.7678 0
      vertex 76.2322 19.7678 5
    endloop
  endfacet
  facet normal 0.831498 -0.555528 0
    outer loop
      vertex 76.2322 19.7678 0
      vertex 75.6903 18.9567 5
      vertex 75.6903 18.9567 0
    endloop
  endfacet
  facet normal 0.980785 -0.195091 0
    outer loop
      vertex 75.5 18 5
      vertex 75.6903 18.9567 0
      vertex 75.6903 18.9567 5
    endloop
  endfacet
  facet normal 0.980785 -0.195091 0
    outer loop
      vertex 75.6903 18.9567 0
      vertex 75.5 18 5
      vertex 75.5 18 0
    endloop
  endfacet
  facet normal 0.555528 -0.831498 0
    outer loop
      vertex 76.2322 19.7678 0
      vertex 77.0433 20.3097 5
      vertex 76.2322 19.7678 5
    endloop
  endfacet
  facet normal 0.555528 -0.831498 0
    outer loop
      vertex 77.0433 20.3097 5
      vertex 76.2322 19.7678 0
      vertex 77.0433 20.3097 0
    endloop
  endfacet
  facet normal -0.980785 0.195091 0
    outer loop
      vertex 80.3097 17.0433 0
      vertex 80.5 18 5
      vertex 80.5 18 0
    endloop
  endfacet
  facet normal -0.980785 0.195091 0
    outer loop
      vertex 80.5 18 5
      vertex 80.3097 17.0433 0
      vertex 80.3097 17.0433 5
    endloop
  endfacet
  facet normal 0.195091 0.980785 -0
    outer loop
      vertex 78 15.5 0
      vertex 77.0433 15.6903 5
      vertex 78 15.5 5
    endloop
  endfacet
  facet normal 0.195091 0.980785 0
    outer loop
      vertex 77.0433 15.6903 5
      vertex 78 15.5 0
      vertex 77.0433 15.6903 0
    endloop
  endfacet
  facet normal 0.831498 0.555528 0
    outer loop
      vertex 76.2322 16.2322 5
      vertex 75.6903 17.0433 0
      vertex 75.6903 17.0433 5
    endloop
  endfacet
  facet normal 0.831498 0.555528 0
    outer loop
      vertex 75.6903 17.0433 0
      vertex 76.2322 16.2322 5
      vertex 76.2322 16.2322 0
    endloop
  endfacet
  facet normal 0.980785 0.195091 0
    outer loop
      vertex 75.6903 17.0433 5
      vertex 75.5 18 0
      vertex 75.5 18 5
    endloop
  endfacet
  facet normal 0.980785 0.195091 0
    outer loop
      vertex 75.5 18 0
      vertex 75.6903 17.0433 5
      vertex 75.6903 17.0433 0
    endloop
  endfacet
  facet normal -0.831498 0.555528 0
    outer loop
      vertex 79.7678 16.2322 0
      vertex 80.3097 17.0433 5
      vertex 80.3097 17.0433 0
    endloop
  endfacet
  facet normal -0.831498 0.555528 0
    outer loop
      vertex 80.3097 17.0433 5
      vertex 79.7678 16.2322 0
      vertex 79.7678 16.2322 5
    endloop
  endfacet
  facet normal -0.195091 0.980785 0
    outer loop
      vertex 78.9567 15.6903 0
      vertex 78 15.5 5
      vertex 78.9567 15.6903 5
    endloop
  endfacet
  facet normal -0.195091 0.980785 0
    outer loop
      vertex 78 15.5 5
      vertex 78.9567 15.6903 0
      vertex 78 15.5 0
    endloop
  endfacet
  facet normal 0.555528 0.831498 -0
    outer loop
      vertex 77.0433 15.6903 0
      vertex 76.2322 16.2322 5
      vertex 77.0433 15.6903 5
    endloop
  endfacet
  facet normal 0.555528 0.831498 0
    outer loop
      vertex 76.2322 16.2322 5
      vertex 77.0433 15.6903 0
      vertex 76.2322 16.2322 0
    endloop
  endfacet
  facet normal -0.980785 -0.195091 0
    outer loop
      vertex 80.5 33 0
      vertex 80.3097 33.9567 5
      vertex 80.3097 33.9567 0
    endloop
  endfacet
  facet normal -0.980785 -0.195091 0
    outer loop
      vertex 80.3097 33.9567 5
      vertex 80.5 33 0
      vertex 80.5 33 5
    endloop
  endfacet
  facet normal 0.195091 -0.980785 0
    outer loop
      vertex 77.0433 35.3097 0
      vertex 78 35.5 5
      vertex 77.0433 35.3097 5
    endloop
  endfacet
  facet normal 0.195091 -0.980785 0
    outer loop
      vertex 78 35.5 5
      vertex 77.0433 35.3097 0
      vertex 78 35.5 0
    endloop
  endfacet
  facet normal -0.555528 0.831498 0
    outer loop
      vertex 79.7678 31.2322 0
      vertex 78.9567 30.6903 5
      vertex 79.7678 31.2322 5
    endloop
  endfacet
  facet normal -0.555528 0.831498 0
    outer loop
      vertex 78.9567 30.6903 5
      vertex 79.7678 31.2322 0
      vertex 78.9567 30.6903 0
    endloop
  endfacet
  facet normal -0.555528 -0.831498 0
    outer loop
      vertex 78.9567 35.3097 0
      vertex 79.7678 34.7678 5
      vertex 78.9567 35.3097 5
    endloop
  endfacet
  facet normal -0.555528 -0.831498 -0
    outer loop
      vertex 79.7678 34.7678 5
      vertex 78.9567 35.3097 0
      vertex 79.7678 34.7678 0
    endloop
  endfacet
  facet normal -0.831498 -0.555528 0
    outer loop
      vertex 80.3097 33.9567 0
      vertex 79.7678 34.7678 5
      vertex 79.7678 34.7678 0
    endloop
  endfacet
  facet normal -0.831498 -0.555528 0
    outer loop
      vertex 79.7678 34.7678 5
      vertex 80.3097 33.9567 0
      vertex 80.3097 33.9567 5
    endloop
  endfacet
  facet normal -0.195091 -0.980785 0
    outer loop
      vertex 78 35.5 0
      vertex 78.9567 35.3097 5
      vertex 78 35.5 5
    endloop
  endfacet
  facet normal -0.195091 -0.980785 -0
    outer loop
      vertex 78.9567 35.3097 5
      vertex 78 35.5 0
      vertex 78.9567 35.3097 0
    endloop
  endfacet
  facet normal 0.831498 -0.555528 0
    outer loop
      vertex 75.6903 33.9567 5
      vertex 76.2322 34.7678 0
      vertex 76.2322 34.7678 5
    endloop
  endfacet
  facet normal 0.831498 -0.555528 0
    outer loop
      vertex 76.2322 34.7678 0
      vertex 75.6903 33.9567 5
      vertex 75.6903 33.9567 0
    endloop
  endfacet
  facet normal 0.980785 -0.195091 0
    outer loop
      vertex 75.5 33 5
      vertex 75.6903 33.9567 0
      vertex 75.6903 33.9567 5
    endloop
  endfacet
  facet normal 0.980785 -0.195091 0
    outer loop
      vertex 75.6903 33.9567 0
      vertex 75.5 33 5
      vertex 75.5 33 0
    endloop
  endfacet
  facet normal 0.555528 -0.831498 0
    outer loop
      vertex 76.2322 34.7678 0
      vertex 77.0433 35.3097 5
      vertex 76.2322 34.7678 5
    endloop
  endfacet
  facet normal 0.555528 -0.831498 0
    outer loop
      vertex 77.0433 35.3097 5
      vertex 76.2322 34.7678 0
      vertex 77.0433 35.3097 0
    endloop
  endfacet
  facet normal -0.980785 0.195091 0
    outer loop
      vertex 80.3097 32.0433 0
      vertex 80.5 33 5
      vertex 80.5 33 0
    endloop
  endfacet
  facet normal -0.980785 0.195091 0
    outer loop
      vertex 80.5 33 5
      vertex 80.3097 32.0433 0
      vertex 80.3097 32.0433 5
    endloop
  endfacet
  facet normal 0.195091 0.980785 -0
    outer loop
      vertex 78 30.5 0
      vertex 77.0433 30.6903 5
      vertex 78 30.5 5
    endloop
  endfacet
  facet normal 0.195091 0.980785 0
    outer loop
      vertex 77.0433 30.6903 5
      vertex 78 30.5 0
      vertex 77.0433 30.6903 0
    endloop
  endfacet
  facet normal 0.831498 0.555528 0
    outer loop
      vertex 76.2322 31.2322 5
      vertex 75.6903 32.0433 0
      vertex 75.6903 32.0433 5
    endloop
  endfacet
  facet normal 0.831498 0.555528 0
    outer loop
      vertex 75.6903 32.0433 0
      vertex 76.2322 31.2322 5
      vertex 76.2322 31.2322 0
    endloop
  endfacet
  facet normal 0.980785 0.195091 0
    outer loop
      vertex 75.6903 32.0433 5
      vertex 75.5 33 0
      vertex 75.5 33 5
    endloop
  endfacet
  facet normal 0.980785 0.195091 0
    outer loop
      vertex 75.5 33 0
      vertex 75.6903 32.0433 5
      vertex 75.6903 32.0433 0
    endloop
  endfacet
  facet normal -0.831498 0.555528 0
    outer loop
      vertex 79.7678 31.2322 0
      vertex 80.3097 32.0433 5
      vertex 80.3097 32.0433 0
    endloop
  endfacet
  facet normal -0.831498 0.555528 0
    outer loop
      vertex 80.3097 32.0433 5
      vertex 79.7678 31.2322 0
      vertex 79.7678 31.2322 5
    endloop
  endfacet
  facet normal -0.195091 0.980785 0
    outer loop
      vertex 78.9567 30.6903 0
      vertex 78 30.5 5
      vertex 78.9567 30.6903 5
    endloop
  endfacet
  facet normal -0.195091 0.980785 0
    outer loop
      vertex 78 30.5 5
      vertex 78.9567 30.6903 0
      vertex 78 30.5 0
    endloop
  endfacet
  facet normal 0.555528 0.831498 -0
    outer loop
      vertex 77.0433 30.6903 0
      vertex 76.2322 31.2322 5
      vertex 77.0433 30.6903 5
    endloop
  endfacet
  facet normal 0.555528 0.831498 0
    outer loop
      vertex 76.2322 31.2322 5
      vertex 77.0433 30.6903 0
      vertex 76.2322 31.2322 0
    endloop
  endfacet
  facet normal -0.980785 -0.195091 0
    outer loop
      vertex 80.5 48 0
      vertex 80.3097 48.9567 5
      vertex 80.3097 48.9567 0
    endloop
  endfacet
  facet normal -0.980785 -0.195091 0
    outer loop
      vertex 80.3097 48.9567 5
      vertex 80.5 48 0
      vertex 80.5 48 5
    endloop
  endfacet
  facet normal 0.195091 -0.980785 0
    outer loop
      vertex 77.0433 50.3097 0
      vertex 78 50.5 5
      vertex 77.0433 50.3097 5
    endloop
  endfacet
  facet normal 0.195091 -0.980785 0
    outer loop
      vertex 78 50.5 5
      vertex 77.0433 50.3097 0
      vertex 78 50.5 0
    endloop
  endfacet
  facet normal -0.195091 0.980785 0
    outer loop
      vertex 78.9567 45.6903 0
      vertex 78 45.5 5
      vertex 78.9567 45.6903 5
    endloop
  endfacet
  facet normal -0.195091 0.980785 0
    outer loop
      vertex 78 45.5 5
      vertex 78.9567 45.6903 0
      vertex 78 45.5 0
    endloop
  endfacet
  facet normal -0.555528 0.831498 0
    outer loop
      vertex 79.7678 46.2322 0
      vertex 78.9567 45.6903 5
      vertex 79.7678 46.2322 5
    endloop
  endfacet
  facet normal -0.555528 0.831498 0
    outer loop
      vertex 78.9567 45.6903 5
      vertex 79.7678 46.2322 0
      vertex 78.9567 45.6903 0
    endloop
  endfacet
  facet normal -0.555528 -0.831498 0
    outer loop
      vertex 78.9567 50.3097 0
      vertex 79.7678 49.7678 5
      vertex 78.9567 50.3097 5
    endloop
  endfacet
  facet normal -0.555528 -0.831498 -0
    outer loop
      vertex 79.7678 49.7678 5
      vertex 78.9567 50.3097 0
      vertex 79.7678 49.7678 0
    endloop
  endfacet
  facet normal -0.831498 -0.555528 0
    outer loop
      vertex 80.3097 48.9567 0
      vertex 79.7678 49.7678 5
      vertex 79.7678 49.7678 0
    endloop
  endfacet
  facet normal -0.831498 -0.555528 0
    outer loop
      vertex 79.7678 49.7678 5
      vertex 80.3097 48.9567 0
      vertex 80.3097 48.9567 5
    endloop
  endfacet
  facet normal -0.195091 -0.980785 0
    outer loop
      vertex 78 50.5 0
      vertex 78.9567 50.3097 5
      vertex 78 50.5 5
    endloop
  endfacet
  facet normal -0.195091 -0.980785 -0
    outer loop
      vertex 78.9567 50.3097 5
      vertex 78 50.5 0
      vertex 78.9567 50.3097 0
    endloop
  endfacet
  facet normal 0.831498 -0.555528 0
    outer loop
      vertex 75.6903 48.9567 5
      vertex 76.2322 49.7678 0
      vertex 76.2322 49.7678 5
    endloop
  endfacet
  facet normal 0.831498 -0.555528 0
    outer loop
      vertex 76.2322 49.7678 0
      vertex 75.6903 48.9567 5
      vertex 75.6903 48.9567 0
    endloop
  endfacet
  facet normal 0.980785 -0.195091 0
    outer loop
      vertex 75.5 48 5
      vertex 75.6903 48.9567 0
      vertex 75.6903 48.9567 5
    endloop
  endfacet
  facet normal 0.980785 -0.195091 0
    outer loop
      vertex 75.6903 48.9567 0
      vertex 75.5 48 5
      vertex 75.5 48 0
    endloop
  endfacet
  facet normal 0.555528 -0.831498 0
    outer loop
      vertex 76.2322 49.7678 0
      vertex 77.0433 50.3097 5
      vertex 76.2322 49.7678 5
    endloop
  endfacet
  facet normal 0.555528 -0.831498 0
    outer loop
      vertex 77.0433 50.3097 5
      vertex 76.2322 49.7678 0
      vertex 77.0433 50.3097 0
    endloop
  endfacet
  facet normal -0.980785 0.195091 0
    outer loop
      vertex 80.3097 47.0433 0
      vertex 80.5 48 5
      vertex 80.5 48 0
    endloop
  endfacet
  facet normal -0.980785 0.195091 0
    outer loop
      vertex 80.5 48 5
      vertex 80.3097 47.0433 0
      vertex 80.3097 47.0433 5
    endloop
  endfacet
  facet normal 0.195091 0.980785 -0
    outer loop
      vertex 78 45.5 0
      vertex 77.0433 45.6903 5
      vertex 78 45.5 5
    endloop
  endfacet
  facet normal 0.195091 0.980785 0
    outer loop
      vertex 77.0433 45.6903 5
      vertex 78 45.5 0
      vertex 77.0433 45.6903 0
    endloop
  endfacet
  facet normal 0.831498 0.555528 0
    outer loop
      vertex 76.2322 46.2322 5
      vertex 75.6903 47.0433 0
      vertex 75.6903 47.0433 5
    endloop
  endfacet
  facet normal 0.831498 0.555528 0
    outer loop
      vertex 75.6903 47.0433 0
      vertex 76.2322 46.2322 5
      vertex 76.2322 46.2322 0
    endloop
  endfacet
  facet normal 0.980785 0.195091 0
    outer loop
      vertex 75.6903 47.0433 5
      vertex 75.5 48 0
      vertex 75.5 48 5
    endloop
  endfacet
  facet normal 0.980785 0.195091 0
    outer loop
      vertex 75.5 48 0
      vertex 75.6903 47.0433 5
      vertex 75.6903 47.0433 0
    endloop
  endfacet
  facet normal -0.831498 0.555528 0
    outer loop
      vertex 79.7678 46.2322 0
      vertex 80.3097 47.0433 5
      vertex 80.3097 47.0433 0
    endloop
  endfacet
  facet normal -0.831498 0.555528 0
    outer loop
      vertex 80.3097 47.0433 5
      vertex 79.7678 46.2322 0
      vertex 79.7678 46.2322 5
    endloop
  endfacet
  facet normal 0.555528 0.831498 -0
    outer loop
      vertex 77.0433 45.6903 0
      vertex 76.2322 46.2322 5
      vertex 77.0433 45.6903 5
    endloop
  endfacet
  facet normal 0.555528 0.831498 0
    outer loop
      vertex 76.2322 46.2322 5
      vertex 77.0433 45.6903 0
      vertex 76.2322 46.2322 0
    endloop
  endfacet
  facet normal -0.995185 -0.0980169 0
    outer loop
      vertex 0.0960732 4.02455 0
      vertex 0 5 5
      vertex 0 5 0
    endloop
  endfacet
  facet normal -0.995185 -0.0980169 0
    outer loop
      vertex 0 5 5
      vertex 0.0960732 4.02455 0
      vertex 0.0960732 4.02455 5
    endloop
  endfacet
  facet normal -0.88205 0.471156 0
    outer loop
      vertex 0.380602 300.213 0
      vertex 0.842651 301.078 5
      vertex 0.842651 301.078 0
    endloop
  endfacet
  facet normal -0.88205 0.471156 0
    outer loop
      vertex 0.842651 301.078 5
      vertex 0.380602 300.213 0
      vertex 0.380602 300.213 5
    endloop
  endfacet
  facet normal -1 0 0
    outer loop
      vertex 0 5 0
      vertex 0 298.3 5
      vertex 0 298.3 0
    endloop
  endfacet
  facet normal -1 -0 0
    outer loop
      vertex 0 298.3 5
      vertex 0 5 0
      vertex 0 5 5
    endloop
  endfacet
  facet normal 0 0 -1
    outer loop
      vertex 31.2322 34.7678 0
      vertex 19.7678 34.7678 0
      vertex 31.2322 46.2322 0
    endloop
  endfacet
  facet normal 0 0 -1
    outer loop
      vertex 31.2322 46.2322 0
      vertex 20.3097 47.0433 0
      vertex 20.5 48 0
    endloop
  endfacet
  facet normal 0 0 -1
    outer loop
      vertex 19.7678 46.2322 0
      vertex 31.2322 46.2322 0
      vertex 19.7678 34.7678 0
    endloop
  endfacet
  facet normal 0 0 -1
    outer loop
      vertex 31.2322 46.2322 0
      vertex 19.7678 46.2322 0
      vertex 20.3097 47.0433 0
    endloop
  endfacet
  facet normal 0 0 -1
    outer loop
      vertex 18.9567 35.3097 0
      vertex 19.7678 46.2322 0
      vertex 19.7678 34.7678 0
    endloop
  endfacet
  facet normal 0 0 -1
    outer loop
      vertex 18.9567 35.3097 0
      vertex 18.9567 45.6903 0
      vertex 19.7678 46.2322 0
    endloop
  endfacet
  facet normal 0 0 -1
    outer loop
      vertex 18 35.5 0
      vertex 18.9567 45.6903 0
      vertex 18.9567 35.3097 0
    endloop
  endfacet
  facet normal 0 0 -1
    outer loop
      vertex 18 35.5 0
      vertex 18 45.5 0
      vertex 18.9567 45.6903 0
    endloop
  endfacet
  facet normal 0 0 -1
    outer loop
      vertex 17.0433 35.3097 0
      vertex 18 45.5 0
      vertex 18 35.5 0
    endloop
  endfacet
  facet normal 0 0 -1
    outer loop
      vertex 17.0433 35.3097 0
      vertex 17.0433 45.6903 0
      vertex 18 45.5 0
    endloop
  endfacet
  facet normal 0 0 -1
    outer loop
      vertex 16.2322 34.7678 0
      vertex 17.0433 45.6903 0
      vertex 17.0433 35.3097 0
    endloop
  endfacet
  facet normal 0 0 -1
    outer loop
      vertex 16.2322 34.7678 0
      vertex 16.2322 46.2322 0
      vertex 17.0433 45.6903 0
    endloop
  endfacet
  facet normal 0 0 -1
    outer loop
      vertex 15.6903 33.9567 0
      vertex 16.2322 46.2322 0
      vertex 16.2322 34.7678 0
    endloop
  endfacet
  facet normal 0 0 -1
    outer loop
      vertex 15.6903 33.9567 0
      vertex 15.6903 47.0433 0
      vertex 16.2322 46.2322 0
    endloop
  endfacet
  facet normal 0 0 -1
    outer loop
      vertex 15.5 33 0
      vertex 15.6903 47.0433 0
      vertex 15.6903 33.9567 0
    endloop
  endfacet
  facet normal -0 0 -1
    outer loop
      vertex 15.6903 47.0433 0
      vertex 15.5 33 0
      vertex 15.5 48 0
    endloop
  endfacet
  facet normal 0 0 -1
    outer loop
      vertex 31.2322 19.7678 0
      vertex 19.7678 19.7678 0
      vertex 31.2322 31.2322 0
    endloop
  endfacet
  facet normal 0 0 -1
    outer loop
      vertex 31.2322 31.2322 0
      vertex 20.3097 32.0433 0
      vertex 20.5 33 0
    endloop
  endfacet
  facet normal 0 0 -1
    outer loop
      vertex 19.7678 31.2322 0
      vertex 31.2322 31.2322 0
      vertex 19.7678 19.7678 0
    endloop
  endfacet
  facet normal 0 0 -1
    outer loop
      vertex 31.2322 31.2322 0
      vertex 19.7678 31.2322 0
      vertex 20.3097 32.0433 0
    endloop
  endfacet
  facet normal 0 0 -1
    outer loop
      vertex 18.9567 20.3097 0
      vertex 19.7678 31.2322 0
      vertex 19.7678 19.7678 0
    endloop
  endfacet
  facet normal 0 0 -1
    outer loop
      vertex 18.9567 20.3097 0
      vertex 18.9567 30.6903 0
      vertex 19.7678 31.2322 0
    endloop
  endfacet
  facet normal 0 0 -1
    outer loop
      vertex 18 20.5 0
      vertex 18.9567 30.6903 0
      vertex 18.9567 20.3097 0
    endloop
  endfacet
  facet normal 0 0 -1
    outer loop
      vertex 18 20.5 0
      vertex 18 30.5 0
      vertex 18.9567 30.6903 0
    endloop
  endfacet
  facet normal 0 0 -1
    outer loop
      vertex 17.0433 20.3097 0
      vertex 18 30.5 0
      vertex 18 20.5 0
    endloop
  endfacet
  facet normal 0 0 -1
    outer loop
      vertex 17.0433 20.3097 0
      vertex 17.0433 30.6903 0
      vertex 18 30.5 0
    endloop
  endfacet
  facet normal 0 0 -1
    outer loop
      vertex 16.2322 19.7678 0
      vertex 17.0433 30.6903 0
      vertex 17.0433 20.3097 0
    endloop
  endfacet
  facet normal 0 0 -1
    outer loop
      vertex 16.2322 19.7678 0
      vertex 16.2322 31.2322 0
      vertex 17.0433 30.6903 0
    endloop
  endfacet
  facet normal 0 0 -1
    outer loop
      vertex 15.6903 18.9567 0
      vertex 16.2322 31.2322 0
      vertex 16.2322 19.7678 0
    endloop
  endfacet
  facet normal 0 0 -1
    outer loop
      vertex 15.6903 18.9567 0
      vertex 15.6903 32.0433 0
      vertex 16.2322 31.2322 0
    endloop
  endfacet
  facet normal 0 0 -1
    outer loop
      vertex 0 5 0
      vertex 15.6903 18.9567 0
      vertex 15.5 18 0
    endloop
  endfacet
  facet normal -0 0 -1
    outer loop
      vertex 15.6903 18.9567 0
      vertex 0 5 0
      vertex 15.6903 32.0433 0
    endloop
  endfacet
  facet normal 0 0 -1
    outer loop
      vertex 46.2322 34.7678 0
      vertex 34.7678 34.7678 0
      vertex 46.2322 46.2322 0
    endloop
  endfacet
  facet normal 0 0 -1
    outer loop
      vertex 46.2322 46.2322 0
      vertex 35.3097 47.0433 0
      vertex 35.5 48 0
    endloop
  endfacet
  facet normal 0 0 -1
    outer loop
      vertex 34.7678 46.2322 0
      vertex 46.2322 46.2322 0
      vertex 34.7678 34.7678 0
    endloop
  endfacet
  facet normal 0 0 -1
    outer loop
      vertex 46.2322 46.2322 0
      vertex 34.7678 46.2322 0
      vertex 35.3097 47.0433 0
    endloop
  endfacet
  facet normal 0 0 -1
    outer loop
      vertex 33.9567 35.3097 0
      vertex 34.7678 46.2322 0
      vertex 34.7678 34.7678 0
    endloop
  endfacet
  facet normal 0 0 -1
    outer loop
      vertex 33.9567 35.3097 0
      vertex 33.9567 45.6903 0
      vertex 34.7678 46.2322 0
    endloop
  endfacet
  facet normal 0 0 -1
    outer loop
      vertex 33 35.5 0
      vertex 33.9567 45.6903 0
      vertex 33.9567 35.3097 0
    endloop
  endfacet
  facet normal 0 0 -1
    outer loop
      vertex 33 35.5 0
      vertex 33 45.5 0
      vertex 33.9567 45.6903 0
    endloop
  endfacet
  facet normal 0 0 -1
    outer loop
      vertex 32.0433 35.3097 0
      vertex 33 45.5 0
      vertex 33 35.5 0
    endloop
  endfacet
  facet normal 0 0 -1
    outer loop
      vertex 32.0433 35.3097 0
      vertex 32.0433 45.6903 0
      vertex 33 45.5 0
    endloop
  endfacet
  facet normal 0 0 -1
    outer loop
      vertex 31.2322 34.7678 0
      vertex 32.0433 45.6903 0
      vertex 32.0433 35.3097 0
    endloop
  endfacet
  facet normal 0 0 -1
    outer loop
      vertex 31.2322 34.7678 0
      vertex 31.2322 46.2322 0
      vertex 32.0433 45.6903 0
    endloop
  endfacet
  facet normal 0 0 -1
    outer loop
      vertex 20.3097 33.9567 0
      vertex 30.6903 33.9567 0
      vertex 20.5 33 0
    endloop
  endfacet
  facet normal 0 0 -1
    outer loop
      vertex 30.6903 33.9567 0
      vertex 20.3097 33.9567 0
      vertex 31.2322 34.7678 0
    endloop
  endfacet
  facet normal 0 0 -1
    outer loop
      vertex 20.5 33 0
      vertex 30.6903 33.9567 0
      vertex 30.5 33 0
    endloop
  endfacet
  facet normal 0 0 -1
    outer loop
      vertex 19.7678 34.7678 0
      vertex 31.2322 34.7678 0
      vertex 20.3097 33.9567 0
    endloop
  endfacet
  facet normal 0 0 -1
    outer loop
      vertex 46.2322 19.7678 0
      vertex 34.7678 19.7678 0
      vertex 46.2322 31.2322 0
    endloop
  endfacet
  facet normal 0 0 -1
    outer loop
      vertex 46.2322 31.2322 0
      vertex 35.3097 32.0433 0
      vertex 35.5 33 0
    endloop
  endfacet
  facet normal 0 0 -1
    outer loop
      vertex 34.7678 31.2322 0
      vertex 46.2322 31.2322 0
      vertex 34.7678 19.7678 0
    endloop
  endfacet
  facet normal 0 0 -1
    outer loop
      vertex 46.2322 31.2322 0
      vertex 34.7678 31.2322 0
      vertex 35.3097 32.0433 0
    endloop
  endfacet
  facet normal 0 0 -1
    outer loop
      vertex 33.9567 20.3097 0
      vertex 34.7678 31.2322 0
      vertex 34.7678 19.7678 0
    endloop
  endfacet
  facet normal 0 0 -1
    outer loop
      vertex 33.9567 20.3097 0
      vertex 33.9567 30.6903 0
      vertex 34.7678 31.2322 0
    endloop
  endfacet
  facet normal 0 0 -1
    outer loop
      vertex 33 20.5 0
      vertex 33.9567 30.6903 0
      vertex 33.9567 20.3097 0
    endloop
  endfacet
  facet normal 0 0 -1
    outer loop
      vertex 33 20.5 0
      vertex 33 30.5 0
      vertex 33.9567 30.6903 0
    endloop
  endfacet
  facet normal 0 0 -1
    outer loop
      vertex 32.0433 20.3097 0
      vertex 33 30.5 0
      vertex 33 20.5 0
    endloop
  endfacet
  facet normal 0 0 -1
    outer loop
      vertex 32.0433 20.3097 0
      vertex 32.0433 30.6903 0
      vertex 33 30.5 0
    endloop
  endfacet
  facet normal 0 0 -1
    outer loop
      vertex 31.2322 19.7678 0
      vertex 32.0433 30.6903 0
      vertex 32.0433 20.3097 0
    endloop
  endfacet
  facet normal 0 0 -1
    outer loop
      vertex 31.2322 19.7678 0
      vertex 31.2322 31.2322 0
      vertex 32.0433 30.6903 0
    endloop
  endfacet
  facet normal 0 0 -1
    outer loop
      vertex 20.3097 18.9567 0
      vertex 30.6903 18.9567 0
      vertex 20.5 18 0
    endloop
  endfacet
  facet normal 0 0 -1
    outer loop
      vertex 30.6903 18.9567 0
      vertex 20.3097 18.9567 0
      vertex 31.2322 19.7678 0
    endloop
  endfacet
  facet normal 0 0 -1
    outer loop
      vertex 20.5 18 0
      vertex 30.6903 18.9567 0
      vertex 30.5 18 0
    endloop
  endfacet
  facet normal 0 0 -1
    outer loop
      vertex 19.7678 19.7678 0
      vertex 31.2322 19.7678 0
      vertex 20.3097 18.9567 0
    endloop
  endfacet
  facet normal 0 0 -1
    outer loop
      vertex 61.2322 34.7678 0
      vertex 49.7678 34.7678 0
      vertex 61.2322 46.2322 0
    endloop
  endfacet
  facet normal 0 0 -1
    outer loop
      vertex 61.2322 46.2322 0
      vertex 50.3097 47.0433 0
      vertex 50.5 48 0
    endloop
  endfacet
  facet normal 0 0 -1
    outer loop
      vertex 49.7678 46.2322 0
      vertex 61.2322 46.2322 0
      vertex 49.7678 34.7678 0
    endloop
  endfacet
  facet normal 0 0 -1
    outer loop
      vertex 61.2322 46.2322 0
      vertex 49.7678 46.2322 0
      vertex 50.3097 47.0433 0
    endloop
  endfacet
  facet normal 0 0 -1
    outer loop
      vertex 48.9567 35.3097 0
      vertex 49.7678 46.2322 0
      vertex 49.7678 34.7678 0
    endloop
  endfacet
  facet normal 0 0 -1
    outer loop
      vertex 48.9567 35.3097 0
      vertex 48.9567 45.6903 0
      vertex 49.7678 46.2322 0
    endloop
  endfacet
  facet normal 0 0 -1
    outer loop
      vertex 48 35.5 0
      vertex 48.9567 45.6903 0
      vertex 48.9567 35.3097 0
    endloop
  endfacet
  facet normal 0 0 -1
    outer loop
      vertex 48 35.5 0
      vertex 48 45.5 0
      vertex 48.9567 45.6903 0
    endloop
  endfacet
  facet normal 0 0 -1
    outer loop
      vertex 47.0433 35.3097 0
      vertex 48 45.5 0
      vertex 48 35.5 0
    endloop
  endfacet
  facet normal 0 0 -1
    outer loop
      vertex 47.0433 35.3097 0
      vertex 47.0433 45.6903 0
      vertex 48 45.5 0
    endloop
  endfacet
  facet normal 0 0 -1
    outer loop
      vertex 46.2322 34.7678 0
      vertex 47.0433 45.6903 0
      vertex 47.0433 35.3097 0
    endloop
  endfacet
  facet normal 0 0 -1
    outer loop
      vertex 46.2322 34.7678 0
      vertex 46.2322 46.2322 0
      vertex 47.0433 45.6903 0
    endloop
  endfacet
  facet normal 0 0 -1
    outer loop
      vertex 35.3097 33.9567 0
      vertex 45.6903 33.9567 0
      vertex 35.5 33 0
    endloop
  endfacet
  facet normal 0 0 -1
    outer loop
      vertex 45.6903 33.9567 0
      vertex 35.3097 33.9567 0
      vertex 46.2322 34.7678 0
    endloop
  endfacet
  facet normal 0 0 -1
    outer loop
      vertex 35.5 33 0
      vertex 45.6903 33.9567 0
      vertex 45.5 33 0
    endloop
  endfacet
  facet normal 0 0 -1
    outer loop
      vertex 34.7678 34.7678 0
      vertex 46.2322 34.7678 0
      vertex 35.3097 33.9567 0
    endloop
  endfacet
  facet normal 0 0 -1
    outer loop
      vertex 61.2322 19.7678 0
      vertex 49.7678 19.7678 0
      vertex 61.2322 31.2322 0
    endloop
  endfacet
  facet normal 0 0 -1
    outer loop
      vertex 61.2322 31.2322 0
      vertex 50.3097 32.0433 0
      vertex 50.5 33 0
    endloop
  endfacet
  facet normal 0 0 -1
    outer loop
      vertex 49.7678 31.2322 0
      vertex 61.2322 31.2322 0
      vertex 49.7678 19.7678 0
    endloop
  endfacet
  facet normal 0 0 -1
    outer loop
      vertex 61.2322 31.2322 0
      vertex 49.7678 31.2322 0
      vertex 50.3097 32.0433 0
    endloop
  endfacet
  facet normal 0 0 -1
    outer loop
      vertex 48.9567 20.3097 0
      vertex 49.7678 31.2322 0
      vertex 49.7678 19.7678 0
    endloop
  endfacet
  facet normal 0 0 -1
    outer loop
      vertex 48.9567 20.3097 0
      vertex 48.9567 30.6903 0
      vertex 49.7678 31.2322 0
    endloop
  endfacet
  facet normal 0 0 -1
    outer loop
      vertex 48 20.5 0
      vertex 48.9567 30.6903 0
      vertex 48.9567 20.3097 0
    endloop
  endfacet
  facet normal 0 0 -1
    outer loop
      vertex 48 20.5 0
      vertex 48 30.5 0
      vertex 48.9567 30.6903 0
    endloop
  endfacet
  facet normal 0 0 -1
    outer loop
      vertex 47.0433 20.3097 0
      vertex 48 30.5 0
      vertex 48 20.5 0
    endloop
  endfacet
  facet normal 0 0 -1
    outer loop
      vertex 47.0433 20.3097 0
      vertex 47.0433 30.6903 0
      vertex 48 30.5 0
    endloop
  endfacet
  facet normal 0 0 -1
    outer loop
      vertex 46.2322 19.7678 0
      vertex 47.0433 30.6903 0
      vertex 47.0433 20.3097 0
    endloop
  endfacet
  facet normal 0 0 -1
    outer loop
      vertex 46.2322 19.7678 0
      vertex 46.2322 31.2322 0
      vertex 47.0433 30.6903 0
    endloop
  endfacet
  facet normal 0 0 -1
    outer loop
      vertex 35.3097 18.9567 0
      vertex 45.6903 18.9567 0
      vertex 35.5 18 0
    endloop
  endfacet
  facet normal 0 0 -1
    outer loop
      vertex 45.6903 18.9567 0
      vertex 35.3097 18.9567 0
      vertex 46.2322 19.7678 0
    endloop
  endfacet
  facet normal 0 0 -1
    outer loop
      vertex 35.5 18 0
      vertex 45.6903 18.9567 0
      vertex 45.5 18 0
    endloop
  endfacet
  facet normal 0 0 -1
    outer loop
      vertex 34.7678 19.7678 0
      vertex 46.2322 19.7678 0
      vertex 35.3097 18.9567 0
    endloop
  endfacet
  facet normal 0 0 -1
    outer loop
      vertex 76.2322 34.7678 0
      vertex 64.7678 34.7678 0
      vertex 76.2322 46.2322 0
    endloop
  endfacet
  facet normal 0 0 -1
    outer loop
      vertex 76.2322 46.2322 0
      vertex 65.3097 47.0433 0
      vertex 65.5 48 0
    endloop
  endfacet
  facet normal 0 0 -1
    outer loop
      vertex 64.7678 46.2322 0
      vertex 76.2322 46.2322 0
      vertex 64.7678 34.7678 0
    endloop
  endfacet
  facet normal 0 0 -1
    outer loop
      vertex 76.2322 46.2322 0
      vertex 64.7678 46.2322 0
      vertex 65.3097 47.0433 0
    endloop
  endfacet
  facet normal 0 0 -1
    outer loop
      vertex 63.9567 35.3097 0
      vertex 64.7678 46.2322 0
      vertex 64.7678 34.7678 0
    endloop
  endfacet
  facet normal 0 0 -1
    outer loop
      vertex 63.9567 35.3097 0
      vertex 63.9567 45.6903 0
      vertex 64.7678 46.2322 0
    endloop
  endfacet
  facet normal 0 0 -1
    outer loop
      vertex 63 35.5 0
      vertex 63.9567 45.6903 0
      vertex 63.9567 35.3097 0
    endloop
  endfacet
  facet normal 0 0 -1
    outer loop
      vertex 63 35.5 0
      vertex 63 45.5 0
      vertex 63.9567 45.6903 0
    endloop
  endfacet
  facet normal 0 0 -1
    outer loop
      vertex 62.0433 35.3097 0
      vertex 63 45.5 0
      vertex 63 35.5 0
    endloop
  endfacet
  facet normal 0 0 -1
    outer loop
      vertex 62.0433 35.3097 0
      vertex 62.0433 45.6903 0
      vertex 63 45.5 0
    endloop
  endfacet
  facet normal 0 0 -1
    outer loop
      vertex 61.2322 34.7678 0
      vertex 62.0433 45.6903 0
      vertex 62.0433 35.3097 0
    endloop
  endfacet
  facet normal 0 0 -1
    outer loop
      vertex 61.2322 34.7678 0
      vertex 61.2322 46.2322 0
      vertex 62.0433 45.6903 0
    endloop
  endfacet
  facet normal 0 0 -1
    outer loop
      vertex 50.3097 33.9567 0
      vertex 60.6903 33.9567 0
      vertex 50.5 33 0
    endloop
  endfacet
  facet normal 0 0 -1
    outer loop
      vertex 60.6903 33.9567 0
      vertex 50.3097 33.9567 0
      vertex 61.2322 34.7678 0
    endloop
  endfacet
  facet normal 0 0 -1
    outer loop
      vertex 50.5 33 0
      vertex 60.6903 33.9567 0
      vertex 60.5 33 0
    endloop
  endfacet
  facet normal 0 0 -1
    outer loop
      vertex 49.7678 34.7678 0
      vertex 61.2322 34.7678 0
      vertex 50.3097 33.9567 0
    endloop
  endfacet
  facet normal 0 0 -1
    outer loop
      vertex 76.2322 19.7678 0
      vertex 64.7678 19.7678 0
      vertex 76.2322 31.2322 0
    endloop
  endfacet
  facet normal 0 0 -1
    outer loop
      vertex 76.2322 31.2322 0
      vertex 65.3097 32.0433 0
      vertex 65.5 33 0
    endloop
  endfacet
  facet normal 0 0 -1
    outer loop
      vertex 64.7678 31.2322 0
      vertex 76.2322 31.2322 0
      vertex 64.7678 19.7678 0
    endloop
  endfacet
  facet normal 0 0 -1
    outer loop
      vertex 76.2322 31.2322 0
      vertex 64.7678 31.2322 0
      vertex 65.3097 32.0433 0
    endloop
  endfacet
  facet normal 0 0 -1
    outer loop
      vertex 63.9567 20.3097 0
      vertex 64.7678 31.2322 0
      vertex 64.7678 19.7678 0
    endloop
  endfacet
  facet normal 0 0 -1
    outer loop
      vertex 63.9567 20.3097 0
      vertex 63.9567 30.6903 0
      vertex 64.7678 31.2322 0
    endloop
  endfacet
  facet normal 0 0 -1
    outer loop
      vertex 63 20.5 0
      vertex 63.9567 30.6903 0
      vertex 63.9567 20.3097 0
    endloop
  endfacet
  facet normal 0 0 -1
    outer loop
      vertex 63 20.5 0
      vertex 63 30.5 0
      vertex 63.9567 30.6903 0
    endloop
  endfacet
  facet normal 0 0 -1
    outer loop
      vertex 62.0433 20.3097 0
      vertex 63 30.5 0
      vertex 63 20.5 0
    endloop
  endfacet
  facet normal 0 0 -1
    outer loop
      vertex 62.0433 20.3097 0
      vertex 62.0433 30.6903 0
      vertex 63 30.5 0
    endloop
  endfacet
  facet normal 0 0 -1
    outer loop
      vertex 61.2322 19.7678 0
      vertex 62.0433 30.6903 0
      vertex 62.0433 20.3097 0
    endloop
  endfacet
  facet normal 0 0 -1
    outer loop
      vertex 61.2322 19.7678 0
      vertex 61.2322 31.2322 0
      vertex 62.0433 30.6903 0
    endloop
  endfacet
  facet normal 0 0 -1
    outer loop
      vertex 50.3097 18.9567 0
      vertex 60.6903 18.9567 0
      vertex 50.5 18 0
    endloop
  endfacet
  facet normal 0 0 -1
    outer loop
      vertex 60.6903 18.9567 0
      vertex 50.3097 18.9567 0
      vertex 61.2322 19.7678 0
    endloop
  endfacet
  facet normal 0 0 -1
    outer loop
      vertex 50.5 18 0
      vertex 60.6903 18.9567 0
      vertex 60.5 18 0
    endloop
  endfacet
  facet normal 0 0 -1
    outer loop
      vertex 49.7678 19.7678 0
      vertex 61.2322 19.7678 0
      vertex 50.3097 18.9567 0
    endloop
  endfacet
  facet normal 0 0 -1
    outer loop
      vertex 80.3097 33.9567 0
      vertex 80.5 48 0
      vertex 80.5 33 0
    endloop
  endfacet
  facet normal 0 0 -1
    outer loop
      vertex 80.3097 33.9567 0
      vertex 80.3097 47.0433 0
      vertex 80.5 48 0
    endloop
  endfacet
  facet normal 0 0 -1
    outer loop
      vertex 79.7678 34.7678 0
      vertex 80.3097 47.0433 0
      vertex 80.3097 33.9567 0
    endloop
  endfacet
  facet normal 0 0 -1
    outer loop
      vertex 79.7678 34.7678 0
      vertex 79.7678 46.2322 0
      vertex 80.3097 47.0433 0
    endloop
  endfacet
  facet normal 0 0 -1
    outer loop
      vertex 78.9567 35.3097 0
      vertex 79.7678 46.2322 0
      vertex 79.7678 34.7678 0
    endloop
  endfacet
  facet normal 0 0 -1
    outer loop
      vertex 78.9567 35.3097 0
      vertex 78.9567 45.6903 0
      vertex 79.7678 46.2322 0
    endloop
  endfacet
  facet normal 0 0 -1
    outer loop
      vertex 78 35.5 0
      vertex 78.9567 45.6903 0
      vertex 78.9567 35.3097 0
    endloop
  endfacet
  facet normal 0 0 -1
    outer loop
      vertex 78 35.5 0
      vertex 78 45.5 0
      vertex 78.9567 45.6903 0
    endloop
  endfacet
  facet normal 0 0 -1
    outer loop
      vertex 77.0433 35.3097 0
      vertex 78 45.5 0
      vertex 78 35.5 0
    endloop
  endfacet
  facet normal 0 0 -1
    outer loop
      vertex 77.0433 35.3097 0
      vertex 77.0433 45.6903 0
      vertex 78 45.5 0
    endloop
  endfacet
  facet normal 0 0 -1
    outer loop
      vertex 76.2322 34.7678 0
      vertex 77.0433 45.6903 0
      vertex 77.0433 35.3097 0
    endloop
  endfacet
  facet normal 0 0 -1
    outer loop
      vertex 76.2322 34.7678 0
      vertex 76.2322 46.2322 0
      vertex 77.0433 45.6903 0
    endloop
  endfacet
  facet normal 0 0 -1
    outer loop
      vertex 65.3097 33.9567 0
      vertex 75.6903 33.9567 0
      vertex 65.5 33 0
    endloop
  endfacet
  facet normal 0 0 -1
    outer loop
      vertex 75.6903 33.9567 0
      vertex 65.3097 33.9567 0
      vertex 76.2322 34.7678 0
    endloop
  endfacet
  facet normal 0 0 -1
    outer loop
      vertex 65.5 33 0
      vertex 75.6903 33.9567 0
      vertex 75.5 33 0
    endloop
  endfacet
  facet normal 0 0 -1
    outer loop
      vertex 64.7678 34.7678 0
      vertex 76.2322 34.7678 0
      vertex 65.3097 33.9567 0
    endloop
  endfacet
  facet normal 0 0 -1
    outer loop
      vertex 80.3097 18.9567 0
      vertex 80.5 33 0
      vertex 80.5 18 0
    endloop
  endfacet
  facet normal 0 0 -1
    outer loop
      vertex 80.3097 18.9567 0
      vertex 80.3097 32.0433 0
      vertex 80.5 33 0
    endloop
  endfacet
  facet normal 0 0 -1
    outer loop
      vertex 79.7678 19.7678 0
      vertex 80.3097 32.0433 0
      vertex 80.3097 18.9567 0
    endloop
  endfacet
  facet normal 0 0 -1
    outer loop
      vertex 79.7678 19.7678 0
      vertex 79.7678 31.2322 0
      vertex 80.3097 32.0433 0
    endloop
  endfacet
  facet normal 0 0 -1
    outer loop
      vertex 78.9567 20.3097 0
      vertex 79.7678 31.2322 0
      vertex 79.7678 19.7678 0
    endloop
  endfacet
  facet normal 0 0 -1
    outer loop
      vertex 78.9567 20.3097 0
      vertex 78.9567 30.6903 0
      vertex 79.7678 31.2322 0
    endloop
  endfacet
  facet normal 0 0 -1
    outer loop
      vertex 78 20.5 0
      vertex 78.9567 30.6903 0
      vertex 78.9567 20.3097 0
    endloop
  endfacet
  facet normal 0 0 -1
    outer loop
      vertex 78 20.5 0
      vertex 78 30.5 0
      vertex 78.9567 30.6903 0
    endloop
  endfacet
  facet normal 0 0 -1
    outer loop
      vertex 77.0433 20.3097 0
      vertex 78 30.5 0
      vertex 78 20.5 0
    endloop
  endfacet
  facet normal 0 0 -1
    outer loop
      vertex 77.0433 20.3097 0
      vertex 77.0433 30.6903 0
      vertex 78 30.5 0
    endloop
  endfacet
  facet normal 0 0 -1
    outer loop
      vertex 76.2322 19.7678 0
      vertex 77.0433 30.6903 0
      vertex 77.0433 20.3097 0
    endloop
  endfacet
  facet normal 0 0 -1
    outer loop
      vertex 76.2322 19.7678 0
      vertex 76.2322 31.2322 0
      vertex 77.0433 30.6903 0
    endloop
  endfacet
  facet normal 0 0 -1
    outer loop
      vertex 65.3097 18.9567 0
      vertex 75.6903 18.9567 0
      vertex 65.5 18 0
    endloop
  endfacet
  facet normal 0 0 -1
    outer loop
      vertex 75.6903 18.9567 0
      vertex 65.3097 18.9567 0
      vertex 76.2322 19.7678 0
    endloop
  endfacet
  facet normal 0 0 -1
    outer loop
      vertex 65.5 18 0
      vertex 75.6903 18.9567 0
      vertex 75.5 18 0
    endloop
  endfacet
  facet normal 0 0 -1
    outer loop
      vertex 64.7678 19.7678 0
      vertex 76.2322 19.7678 0
      vertex 65.3097 18.9567 0
    endloop
  endfacet
  facet normal 0 0 -1
    outer loop
      vertex 280.547 78.0803 0
      vertex 87.4531 78.0803 0
      vertex 280.776 78.5083 0
    endloop
  endfacet
  facet normal 0 0 -1
    outer loop
      vertex 280.892 224.573 0
      vertex 87.6901 226.167 0
      vertex 87.7376 226.65 0
    endloop
  endfacet
  facet normal -0 0 -1
    outer loop
      vertex 280.776 78.5083 0
      vertex 87.4531 78.0803 0
      vertex 280.892 78.7265 0
    endloop
  endfacet
  facet normal 0 0 -1
    outer loop
      vertex 280.892 224.573 0
      vertex 87.6658 225.921 0
      vertex 87.6901 226.167 0
    endloop
  endfacet
  facet normal 0 0 -1
    outer loop
      vertex 87.2244 78.5083 0
      vertex 280.892 78.7265 0
      vertex 87.4531 78.0803 0
    endloop
  endfacet
  facet normal 0 0 -1
    outer loop
      vertex 87.1077 78.7265 0
      vertex 280.892 78.7265 0
      vertex 87.2244 78.5083 0
    endloop
  endfacet
  facet normal 0 0 -1
    outer loop
      vertex 280.892 224.573 0
      vertex 87.4531 225.22 0
      vertex 87.6658 225.921 0
    endloop
  endfacet
  facet normal 0 0 -1
    outer loop
      vertex 280.892 78.7265 0
      vertex 87.1077 78.7265 0
      vertex 280.892 224.573 0
    endloop
  endfacet
  facet normal 0 0 -1
    outer loop
      vertex 280.892 224.573 0
      vertex 87.2244 224.792 0
      vertex 87.4531 225.22 0
    endloop
  endfacet
  facet normal 0 0 -1
    outer loop
      vertex 87.1077 224.573 0
      vertex 280.892 224.573 0
      vertex 87.1077 78.7265 0
    endloop
  endfacet
  facet normal 0 0 -1
    outer loop
      vertex 280.892 224.573 0
      vertex 87.1077 224.573 0
      vertex 87.2244 224.792 0
    endloop
  endfacet
  facet normal 0 0 -1
    outer loop
      vertex 86.9507 78.9178 0
      vertex 87.1077 224.573 0
      vertex 87.1077 78.7265 0
    endloop
  endfacet
  facet normal 0 0 -1
    outer loop
      vertex 86.9507 78.9178 0
      vertex 86.9507 224.382 0
      vertex 87.1077 224.573 0
    endloop
  endfacet
  facet normal 0 0 -1
    outer loop
      vertex 86.6429 79.2929 0
      vertex 86.9507 224.382 0
      vertex 86.9507 78.9178 0
    endloop
  endfacet
  facet normal 0 0 -1
    outer loop
      vertex 86.6429 79.2929 0
      vertex 86.6429 224.007 0
      vertex 86.9507 224.382 0
    endloop
  endfacet
  facet normal 0 0 -1
    outer loop
      vertex 86.4516 79.4499 0
      vertex 86.6429 224.007 0
      vertex 86.6429 79.2929 0
    endloop
  endfacet
  facet normal 0 0 -1
    outer loop
      vertex 86.0765 79.7577 0
      vertex 86.6429 224.007 0
      vertex 86.4516 79.4499 0
    endloop
  endfacet
  facet normal 0 0 -1
    outer loop
      vertex 86.0765 79.7577 0
      vertex 86.0765 223.542 0
      vertex 86.6429 224.007 0
    endloop
  endfacet
  facet normal 0 0 -1
    outer loop
      vertex 85.6486 79.9865 0
      vertex 86.0765 223.542 0
      vertex 86.0765 79.7577 0
    endloop
  endfacet
  facet normal 0 0 -1
    outer loop
      vertex 85.6486 79.9865 0
      vertex 85.6486 223.314 0
      vertex 86.0765 223.542 0
    endloop
  endfacet
  facet normal 0 0 -1
    outer loop
      vertex 85.4303 80.1031 0
      vertex 85.6486 223.314 0
      vertex 85.6486 79.9865 0
    endloop
  endfacet
  facet normal 0 0 -1
    outer loop
      vertex 85.4303 80.1031 0
      vertex 85.4303 223.197 0
      vertex 85.6486 223.314 0
    endloop
  endfacet
  facet normal 0 0 -1
    outer loop
      vertex 84.7292 80.3158 0
      vertex 85.4303 223.197 0
      vertex 85.4303 80.1031 0
    endloop
  endfacet
  facet normal 0 0 -1
    outer loop
      vertex 84.7292 80.3158 0
      vertex 84.7292 222.984 0
      vertex 85.4303 223.197 0
    endloop
  endfacet
  facet normal 0 0 -1
    outer loop
      vertex 84.7292 80.3158 0
      vertex 84.4829 222.96 0
      vertex 84.7292 222.984 0
    endloop
  endfacet
  facet normal 0 0 -1
    outer loop
      vertex 84.2463 80.3634 0
      vertex 84.4829 222.96 0
      vertex 84.7292 80.3158 0
    endloop
  endfacet
  facet normal 0 0 -1
    outer loop
      vertex 84 80.3876 0
      vertex 84.4829 222.96 0
      vertex 84.2463 80.3634 0
    endloop
  endfacet
  facet normal 0 0 -1
    outer loop
      vertex 84 80.3876 0
      vertex 84 222.912 0
      vertex 84.4829 222.96 0
    endloop
  endfacet
  facet normal 0 0 -1
    outer loop
      vertex 83.7537 80.3634 0
      vertex 84 222.912 0
      vertex 84 80.3876 0
    endloop
  endfacet
  facet normal 0 0 -1
    outer loop
      vertex 83.2708 80.3158 0
      vertex 84 222.912 0
      vertex 83.7537 80.3634 0
    endloop
  endfacet
  facet normal 0 0 -1
    outer loop
      vertex 83.2708 80.3158 0
      vertex 83.2708 222.984 0
      vertex 84 222.912 0
    endloop
  endfacet
  facet normal 0 0 -1
    outer loop
      vertex 82.5697 80.1031 0
      vertex 83.2708 222.984 0
      vertex 83.2708 80.3158 0
    endloop
  endfacet
  facet normal 0 0 -1
    outer loop
      vertex 82.5697 80.1031 0
      vertex 82.5697 223.197 0
      vertex 83.2708 222.984 0
    endloop
  endfacet
  facet normal 0 0 -1
    outer loop
      vertex 82.3514 79.9865 0
      vertex 82.5697 223.197 0
      vertex 82.5697 80.1031 0
    endloop
  endfacet
  facet normal 0 0 -1
    outer loop
      vertex 82.3514 79.9865 0
      vertex 82.3514 223.314 0
      vertex 82.5697 223.197 0
    endloop
  endfacet
  facet normal 0 0 -1
    outer loop
      vertex 81.9235 79.7577 0
      vertex 82.3514 223.314 0
      vertex 82.3514 79.9865 0
    endloop
  endfacet
  facet normal 0 0 -1
    outer loop
      vertex 81.9235 79.7577 0
      vertex 81.9235 223.542 0
      vertex 82.3514 223.314 0
    endloop
  endfacet
  facet normal 0 0 -1
    outer loop
      vertex 81.5484 79.4499 0
      vertex 81.9235 223.542 0
      vertex 81.9235 79.7577 0
    endloop
  endfacet
  facet normal 0 0 -1
    outer loop
      vertex 81.3571 79.2929 0
      vertex 81.9235 223.542 0
      vertex 81.5484 79.4499 0
    endloop
  endfacet
  facet normal 0 0 -1
    outer loop
      vertex 81.3571 79.2929 0
      vertex 81.3571 224.007 0
      vertex 81.9235 223.542 0
    endloop
  endfacet
  facet normal 0 0 -1
    outer loop
      vertex 18 50.5 0
      vertex 81.3571 79.2929 0
      vertex 81.0493 78.9178 0
    endloop
  endfacet
  facet normal -0 0 -1
    outer loop
      vertex 81.3571 79.2929 0
      vertex 18 50.5 0
      vertex 81.3571 224.007 0
    endloop
  endfacet
  facet normal 0 0 -1
    outer loop
      vertex 18 50.5 0
      vertex 81.0493 78.9178 0
      vertex 80.8923 78.7265 0
    endloop
  endfacet
  facet normal -0 0 -1
    outer loop
      vertex 81.3571 224.007 0
      vertex 18 50.5 0
      vertex 81.0493 224.382 0
    endloop
  endfacet
  facet normal 0 0 -1
    outer loop
      vertex 33 50.5 0
      vertex 80.8923 78.7265 0
      vertex 80.7756 78.5083 0
    endloop
  endfacet
  facet normal -0 0 -1
    outer loop
      vertex 81.0493 224.382 0
      vertex 18 50.5 0
      vertex 80.8923 224.573 0
    endloop
  endfacet
  facet normal 0 0 -1
    outer loop
      vertex 33 50.5 0
      vertex 80.7756 78.5083 0
      vertex 80.5469 78.0803 0
    endloop
  endfacet
  facet normal 0 0 -1
    outer loop
      vertex 17.0433 50.3097 0
      vertex 80.8923 224.573 0
      vertex 18 50.5 0
    endloop
  endfacet
  facet normal 0 0 -1
    outer loop
      vertex 48 50.5 0
      vertex 80.5469 78.0803 0
      vertex 80.406 77.616 0
    endloop
  endfacet
  facet normal 0 0 -1
    outer loop
      vertex 48 50.5 0
      vertex 80.406 77.616 0
      vertex 80.3342 77.3792 0
    endloop
  endfacet
  facet normal -0 0 -1
    outer loop
      vertex 80.8923 224.573 0
      vertex 17.0433 50.3097 0
      vertex 80.7756 224.792 0
    endloop
  endfacet
  facet normal 0 0 -1
    outer loop
      vertex 48 50.5 0
      vertex 80.3342 77.3792 0
      vertex 80.3099 77.1329 0
    endloop
  endfacet
  facet normal -0 0 -1
    outer loop
      vertex 80.7756 224.792 0
      vertex 17.0433 50.3097 0
      vertex 80.5469 225.22 0
    endloop
  endfacet
  facet normal 0 0 -1
    outer loop
      vertex 48 50.5 0
      vertex 80.3099 77.1329 0
      vertex 80.2624 76.65 0
    endloop
  endfacet
  facet normal 0 0 -1
    outer loop
      vertex 0 298.3 0
      vertex 80.5469 225.22 0
      vertex 17.0433 50.3097 0
    endloop
  endfacet
  facet normal 0 0 -1
    outer loop
      vertex 287.594 77.616 0
      vertex 368 5 0
      vertex 287.666 77.3792 0
    endloop
  endfacet
  facet normal 0 0 -1
    outer loop
      vertex 368 298.3 0
      vertex 287.69 226.167 0
      vertex 287.738 226.65 0
    endloop
  endfacet
  facet normal 0 0 -1
    outer loop
      vertex 287.453 78.0803 0
      vertex 368 5 0
      vertex 287.594 77.616 0
    endloop
  endfacet
  facet normal 0 0 -1
    outer loop
      vertex 368 298.3 0
      vertex 287.666 225.921 0
      vertex 287.69 226.167 0
    endloop
  endfacet
  facet normal 0 0 -1
    outer loop
      vertex 368 5 0
      vertex 287.453 78.0803 0
      vertex 368 298.3 0
    endloop
  endfacet
  facet normal 0 0 -1
    outer loop
      vertex 287.453 225.22 0
      vertex 368 298.3 0
      vertex 287.453 78.0803 0
    endloop
  endfacet
  facet normal 0 0 -1
    outer loop
      vertex 368 298.3 0
      vertex 287.453 225.22 0
      vertex 287.666 225.921 0
    endloop
  endfacet
  facet normal 0 0 -1
    outer loop
      vertex 287.224 78.5083 0
      vertex 287.453 225.22 0
      vertex 287.453 78.0803 0
    endloop
  endfacet
  facet normal 0 0 -1
    outer loop
      vertex 287.224 78.5083 0
      vertex 287.224 224.792 0
      vertex 287.453 225.22 0
    endloop
  endfacet
  facet normal 0 0 -1
    outer loop
      vertex 287.108 78.7265 0
      vertex 287.224 224.792 0
      vertex 287.224 78.5083 0
    endloop
  endfacet
  facet normal 0 0 -1
    outer loop
      vertex 287.108 78.7265 0
      vertex 287.108 224.573 0
      vertex 287.224 224.792 0
    endloop
  endfacet
  facet normal 0 0 -1
    outer loop
      vertex 286.951 78.9178 0
      vertex 287.108 224.573 0
      vertex 287.108 78.7265 0
    endloop
  endfacet
  facet normal 0 0 -1
    outer loop
      vertex 286.951 78.9178 0
      vertex 286.951 224.382 0
      vertex 287.108 224.573 0
    endloop
  endfacet
  facet normal 0 0 -1
    outer loop
      vertex 286.643 79.2929 0
      vertex 286.951 224.382 0
      vertex 286.951 78.9178 0
    endloop
  endfacet
  facet normal 0 0 -1
    outer loop
      vertex 286.643 79.2929 0
      vertex 286.643 224.007 0
      vertex 286.951 224.382 0
    endloop
  endfacet
  facet normal 0 0 -1
    outer loop
      vertex 286.452 79.4499 0
      vertex 286.643 224.007 0
      vertex 286.643 79.2929 0
    endloop
  endfacet
  facet normal 0 0 -1
    outer loop
      vertex 286.077 79.7577 0
      vertex 286.643 224.007 0
      vertex 286.452 79.4499 0
    endloop
  endfacet
  facet normal 0 0 -1
    outer loop
      vertex 286.077 79.7577 0
      vertex 286.077 223.542 0
      vertex 286.643 224.007 0
    endloop
  endfacet
  facet normal 0 0 -1
    outer loop
      vertex 285.649 79.9865 0
      vertex 286.077 223.542 0
      vertex 286.077 79.7577 0
    endloop
  endfacet
  facet normal 0 0 -1
    outer loop
      vertex 285.649 79.9865 0
      vertex 285.649 223.314 0
      vertex 286.077 223.542 0
    endloop
  endfacet
  facet normal 0 0 -1
    outer loop
      vertex 285.43 80.1031 0
      vertex 285.649 223.314 0
      vertex 285.649 79.9865 0
    endloop
  endfacet
  facet normal 0 0 -1
    outer loop
      vertex 285.43 80.1031 0
      vertex 285.43 223.197 0
      vertex 285.649 223.314 0
    endloop
  endfacet
  facet normal 0 0 -1
    outer loop
      vertex 284.729 80.3158 0
      vertex 285.43 223.197 0
      vertex 285.43 80.1031 0
    endloop
  endfacet
  facet normal 0 0 -1
    outer loop
      vertex 284.729 80.3158 0
      vertex 284.729 222.984 0
      vertex 285.43 223.197 0
    endloop
  endfacet
  facet normal 0 0 -1
    outer loop
      vertex 284.729 80.3158 0
      vertex 284.483 222.96 0
      vertex 284.729 222.984 0
    endloop
  endfacet
  facet normal 0 0 -1
    outer loop
      vertex 284.246 80.3634 0
      vertex 284.483 222.96 0
      vertex 284.729 80.3158 0
    endloop
  endfacet
  facet normal 0 0 -1
    outer loop
      vertex 284 80.3876 0
      vertex 284.483 222.96 0
      vertex 284.246 80.3634 0
    endloop
  endfacet
  facet normal 0 0 -1
    outer loop
      vertex 284 80.3876 0
      vertex 284 222.912 0
      vertex 284.483 222.96 0
    endloop
  endfacet
  facet normal 0 0 -1
    outer loop
      vertex 283.754 80.3634 0
      vertex 284 222.912 0
      vertex 284 80.3876 0
    endloop
  endfacet
  facet normal 0 0 -1
    outer loop
      vertex 283.271 80.3158 0
      vertex 284 222.912 0
      vertex 283.754 80.3634 0
    endloop
  endfacet
  facet normal 0 0 -1
    outer loop
      vertex 283.271 80.3158 0
      vertex 283.271 222.984 0
      vertex 284 222.912 0
    endloop
  endfacet
  facet normal 0 0 -1
    outer loop
      vertex 282.57 80.1031 0
      vertex 283.271 222.984 0
      vertex 283.271 80.3158 0
    endloop
  endfacet
  facet normal 0 0 -1
    outer loop
      vertex 282.57 80.1031 0
      vertex 282.57 223.197 0
      vertex 283.271 222.984 0
    endloop
  endfacet
  facet normal 0 0 -1
    outer loop
      vertex 282.351 79.9865 0
      vertex 282.57 223.197 0
      vertex 282.57 80.1031 0
    endloop
  endfacet
  facet normal 0 0 -1
    outer loop
      vertex 282.351 79.9865 0
      vertex 282.351 223.314 0
      vertex 282.57 223.197 0
    endloop
  endfacet
  facet normal 0 0 -1
    outer loop
      vertex 281.923 79.7577 0
      vertex 282.351 223.314 0
      vertex 282.351 79.9865 0
    endloop
  endfacet
  facet normal 0 0 -1
    outer loop
      vertex 281.923 79.7577 0
      vertex 281.923 223.542 0
      vertex 282.351 223.314 0
    endloop
  endfacet
  facet normal 0 0 -1
    outer loop
      vertex 281.548 79.4499 0
      vertex 281.923 223.542 0
      vertex 281.923 79.7577 0
    endloop
  endfacet
  facet normal 0 0 -1
    outer loop
      vertex 281.357 79.2929 0
      vertex 281.923 223.542 0
      vertex 281.548 79.4499 0
    endloop
  endfacet
  facet normal 0 0 -1
    outer loop
      vertex 281.357 79.2929 0
      vertex 281.357 224.007 0
      vertex 281.923 223.542 0
    endloop
  endfacet
  facet normal 0 0 -1
    outer loop
      vertex 281.049 78.9178 0
      vertex 281.357 224.007 0
      vertex 281.357 79.2929 0
    endloop
  endfacet
  facet normal 0 0 -1
    outer loop
      vertex 281.049 78.9178 0
      vertex 281.049 224.382 0
      vertex 281.357 224.007 0
    endloop
  endfacet
  facet normal 0 0 -1
    outer loop
      vertex 280.892 78.7265 0
      vertex 281.049 224.382 0
      vertex 281.049 78.9178 0
    endloop
  endfacet
  facet normal 0 0 -1
    outer loop
      vertex 280.892 78.7265 0
      vertex 280.892 224.573 0
      vertex 281.049 224.382 0
    endloop
  endfacet
  facet normal -0 0 -1
    outer loop
      vertex 280.406 77.616 0
      vertex 87.6658 77.3792 0
      vertex 280.547 78.0803 0
    endloop
  endfacet
  facet normal 0 0 -1
    outer loop
      vertex 87.594 77.616 0
      vertex 280.547 78.0803 0
      vertex 87.6658 77.3792 0
    endloop
  endfacet
  facet normal 0 0 -1
    outer loop
      vertex 280.334 77.3792 0
      vertex 87.6658 77.3792 0
      vertex 280.406 77.616 0
    endloop
  endfacet
  facet normal 0 0 -1
    outer loop
      vertex 87.4531 78.0803 0
      vertex 280.547 78.0803 0
      vertex 87.594 77.616 0
    endloop
  endfacet
  facet normal 0 0 -1
    outer loop
      vertex 87.6658 77.3792 0
      vertex 280.334 77.3792 0
      vertex 87.6901 77.1329 0
    endloop
  endfacet
  facet normal 0 0 -1
    outer loop
      vertex 87.6901 77.1329 0
      vertex 280.334 77.3792 0
      vertex 87.7376 76.65 0
    endloop
  endfacet
  facet normal 0 0 -1
    outer loop
      vertex 280.892 224.573 0
      vertex 87.7376 226.65 0
      vertex 280.776 224.792 0
    endloop
  endfacet
  facet normal 0 0 -1
    outer loop
      vertex 87.7376 76.65 0
      vertex 280.334 77.3792 0
      vertex 280.31 77.1329 0
    endloop
  endfacet
  facet normal 0 0 -1
    outer loop
      vertex 280.776 224.792 0
      vertex 87.7376 226.65 0
      vertex 280.547 225.22 0
    endloop
  endfacet
  facet normal 0 0 -1
    outer loop
      vertex 87.7376 76.65 0
      vertex 280.31 77.1329 0
      vertex 280.262 76.65 0
    endloop
  endfacet
  facet normal 0 0 -1
    outer loop
      vertex 280.547 225.22 0
      vertex 87.7376 226.65 0
      vertex 280.334 225.921 0
    endloop
  endfacet
  facet normal 0 0 -1
    outer loop
      vertex 363 0 0
      vertex 368 5 0
      vertex 367.904 4.02455 0
    endloop
  endfacet
  facet normal 0 0 -1
    outer loop
      vertex 287.69 77.1329 0
      vertex 368 5 0
      vertex 287.738 76.65 0
    endloop
  endfacet
  facet normal 0 0 -1
    outer loop
      vertex 363 0 0
      vertex 367.904 4.02455 0
      vertex 367.619 3.08658 0
    endloop
  endfacet
  facet normal 0 0 -1
    outer loop
      vertex 287.666 77.3792 0
      vertex 368 5 0
      vertex 287.69 77.1329 0
    endloop
  endfacet
  facet normal 0 0 -1
    outer loop
      vertex 363 0 0
      vertex 367.619 3.08658 0
      vertex 367.157 2.22215 0
    endloop
  endfacet
  facet normal 0 0 -1
    outer loop
      vertex 287.69 227.133 0
      vertex 368 298.3 0
      vertex 287.738 226.65 0
    endloop
  endfacet
  facet normal 0 0 -1
    outer loop
      vertex 363 0 0
      vertex 367.157 2.22215 0
      vertex 366.536 1.46447 0
    endloop
  endfacet
  facet normal 0 0 -1
    outer loop
      vertex 287.666 227.379 0
      vertex 368 298.3 0
      vertex 287.69 227.133 0
    endloop
  endfacet
  facet normal 0 0 -1
    outer loop
      vertex 363 0 0
      vertex 366.536 1.46447 0
      vertex 365.778 0.842651 0
    endloop
  endfacet
  facet normal 0 0 -1
    outer loop
      vertex 287.594 227.616 0
      vertex 368 298.3 0
      vertex 287.666 227.379 0
    endloop
  endfacet
  facet normal 0 0 -1
    outer loop
      vertex 363 0 0
      vertex 365.778 0.842651 0
      vertex 364.913 0.380602 0
    endloop
  endfacet
  facet normal 0 0 -1
    outer loop
      vertex 287.453 228.08 0
      vertex 368 298.3 0
      vertex 287.594 227.616 0
    endloop
  endfacet
  facet normal 0 0 -1
    outer loop
      vertex 363 0 0
      vertex 364.913 0.380602 0
      vertex 363.975 0.0960732 0
    endloop
  endfacet
  facet normal 0 0 -1
    outer loop
      vertex 287.224 228.508 0
      vertex 368 298.3 0
      vertex 287.453 228.08 0
    endloop
  endfacet
  facet normal 0 0 -1
    outer loop
      vertex 286.951 74.3822 0
      vertex 368 5 0
      vertex 363 0 0
    endloop
  endfacet
  facet normal 0 0 -1
    outer loop
      vertex 287.108 228.727 0
      vertex 368 298.3 0
      vertex 287.224 228.508 0
    endloop
  endfacet
  facet normal 0 0 -1
    outer loop
      vertex 286.951 228.918 0
      vertex 368 298.3 0
      vertex 287.108 228.727 0
    endloop
  endfacet
  facet normal 0 0 -1
    outer loop
      vertex 368 5 0
      vertex 287.69 76.1671 0
      vertex 287.738 76.65 0
    endloop
  endfacet
  facet normal 0 0 -1
    outer loop
      vertex 368 5 0
      vertex 287.666 75.9208 0
      vertex 287.69 76.1671 0
    endloop
  endfacet
  facet normal 0 0 -1
    outer loop
      vertex 368 5 0
      vertex 287.453 75.2197 0
      vertex 287.666 75.9208 0
    endloop
  endfacet
  facet normal 0 0 -1
    outer loop
      vertex 368 5 0
      vertex 287.224 74.7917 0
      vertex 287.453 75.2197 0
    endloop
  endfacet
  facet normal 0 0 -1
    outer loop
      vertex 368 5 0
      vertex 287.108 74.5735 0
      vertex 287.224 74.7917 0
    endloop
  endfacet
  facet normal 0 0 -1
    outer loop
      vertex 368 5 0
      vertex 286.951 74.3822 0
      vertex 287.108 74.5735 0
    endloop
  endfacet
  facet normal 0 0 -1
    outer loop
      vertex 363 0 0
      vertex 286.643 74.0071 0
      vertex 286.951 74.3822 0
    endloop
  endfacet
  facet normal 0 0 -1
    outer loop
      vertex 363 0 0
      vertex 286.077 73.5423 0
      vertex 286.643 74.0071 0
    endloop
  endfacet
  facet normal 0 0 -1
    outer loop
      vertex 363 0 0
      vertex 285.649 73.3135 0
      vertex 286.077 73.5423 0
    endloop
  endfacet
  facet normal 0 0 -1
    outer loop
      vertex 363 0 0
      vertex 285.43 73.1969 0
      vertex 285.649 73.3135 0
    endloop
  endfacet
  facet normal 0 0 -1
    outer loop
      vertex 363 0 0
      vertex 284.729 72.9842 0
      vertex 285.43 73.1969 0
    endloop
  endfacet
  facet normal 0 0 -1
    outer loop
      vertex 363 0 0
      vertex 284.483 72.9599 0
      vertex 284.729 72.9842 0
    endloop
  endfacet
  facet normal 0 0 -1
    outer loop
      vertex 363 0 0
      vertex 284 72.9124 0
      vertex 284.483 72.9599 0
    endloop
  endfacet
  facet normal 0 0 -1
    outer loop
      vertex 363 0 0
      vertex 283.271 72.9842 0
      vertex 284 72.9124 0
    endloop
  endfacet
  facet normal 0 0 -1
    outer loop
      vertex 363 0 0
      vertex 282.57 73.1969 0
      vertex 283.271 72.9842 0
    endloop
  endfacet
  facet normal 0 0 -1
    outer loop
      vertex 79.7678 16.2322 0
      vertex 282.57 73.1969 0
      vertex 363 0 0
    endloop
  endfacet
  facet normal 0 -0 -1
    outer loop
      vertex 80.3097 17.0433 0
      vertex 282.57 73.1969 0
      vertex 79.7678 16.2322 0
    endloop
  endfacet
  facet normal -0 0 -1
    outer loop
      vertex 282.57 73.1969 0
      vertex 80.3097 17.0433 0
      vertex 282.351 73.3135 0
    endloop
  endfacet
  facet normal 0 0 1
    outer loop
      vertex 281.357 74.0071 0
      vertex 280.892 74.5735 0
      vertex 281.049 74.3822 0
    endloop
  endfacet
  facet normal 0 0 -1
    outer loop
      vertex 280.892 74.5735 0
      vertex 280.547 75.2197 0
      vertex 280.776 74.7917 0
    endloop
  endfacet
  facet normal 0 0 -1
    outer loop
      vertex 280.334 225.921 0
      vertex 87.7376 226.65 0
      vertex 280.287 226.404 0
    endloop
  endfacet
  facet normal 0 0 -1
    outer loop
      vertex 280.287 76.4037 0
      vertex 87.7376 76.65 0
      vertex 280.262 76.65 0
    endloop
  endfacet
  facet normal 0 0 -1
    outer loop
      vertex 280.334 75.9208 0
      vertex 87.7376 76.65 0
      vertex 280.287 76.4037 0
    endloop
  endfacet
  facet normal 0 0 -1
    outer loop
      vertex 87.6658 75.9208 0
      vertex 280.334 75.9208 0
      vertex 280.547 75.2197 0
    endloop
  endfacet
  facet normal 0 0 -1
    outer loop
      vertex 80.5 33 0
      vertex 280.547 75.2197 0
      vertex 280.892 74.5735 0
    endloop
  endfacet
  facet normal 0 0 -1
    outer loop
      vertex 80.5 18 0
      vertex 280.892 74.5735 0
      vertex 281.357 74.0071 0
    endloop
  endfacet
  facet normal -0 0 -1
    outer loop
      vertex 282.351 73.3135 0
      vertex 80.3097 17.0433 0
      vertex 281.923 73.5423 0
    endloop
  endfacet
  facet normal 0 0 -1
    outer loop
      vertex 280.334 75.9208 0
      vertex 87.6901 76.1671 0
      vertex 87.7376 76.65 0
    endloop
  endfacet
  facet normal 0 0 -1
    outer loop
      vertex 280.334 75.9208 0
      vertex 87.6658 75.9208 0
      vertex 87.6901 76.1671 0
    endloop
  endfacet
  facet normal 0 0 -1
    outer loop
      vertex 280.547 75.2197 0
      vertex 87.4531 75.2197 0
      vertex 87.6658 75.9208 0
    endloop
  endfacet
  facet normal -0 0 -1
    outer loop
      vertex 280.547 75.2197 0
      vertex 80.5 33 0
      vertex 87.4531 75.2197 0
    endloop
  endfacet
  facet normal 0 0 -1
    outer loop
      vertex 80.5 48 0
      vertex 87.4531 75.2197 0
      vertex 80.5 33 0
    endloop
  endfacet
  facet normal 0 0 -1
    outer loop
      vertex 87.4531 75.2197 0
      vertex 80.5 48 0
      vertex 87.2244 74.7917 0
    endloop
  endfacet
  facet normal 0 0 -1
    outer loop
      vertex 87.2244 74.7917 0
      vertex 80.5 48 0
      vertex 87.1077 74.5735 0
    endloop
  endfacet
  facet normal 0 0 -1
    outer loop
      vertex 87.1077 74.5735 0
      vertex 80.5 48 0
      vertex 86.9507 74.3822 0
    endloop
  endfacet
  facet normal 0 0 -1
    outer loop
      vertex 86.9507 74.3822 0
      vertex 80.5 48 0
      vertex 86.6429 74.0071 0
    endloop
  endfacet
  facet normal 0 0 -1
    outer loop
      vertex 80.3097 48.9567 0
      vertex 86.6429 74.0071 0
      vertex 80.5 48 0
    endloop
  endfacet
  facet normal 0 0 -1
    outer loop
      vertex 86.6429 74.0071 0
      vertex 80.3097 48.9567 0
      vertex 86.0765 73.5423 0
    endloop
  endfacet
  facet normal 0 0 -1
    outer loop
      vertex 79.7678 49.7678 0
      vertex 86.0765 73.5423 0
      vertex 80.3097 48.9567 0
    endloop
  endfacet
  facet normal 0 0 -1
    outer loop
      vertex 86.0765 73.5423 0
      vertex 79.7678 49.7678 0
      vertex 85.6486 73.3135 0
    endloop
  endfacet
  facet normal 0 0 -1
    outer loop
      vertex 85.4303 73.1969 0
      vertex 79.7678 49.7678 0
      vertex 84.7292 72.9842 0
    endloop
  endfacet
  facet normal 0 0 -1
    outer loop
      vertex 63.9567 50.3097 0
      vertex 81.0493 74.3822 0
      vertex 81.3571 74.0071 0
    endloop
  endfacet
  facet normal -0 0 -1
    outer loop
      vertex 83.2708 72.9842 0
      vertex 78 50.5 0
      vertex 82.5697 73.1969 0
    endloop
  endfacet
  facet normal 0 0 -1
    outer loop
      vertex 78 50.5 0
      vertex 83.2708 72.9842 0
      vertex 78.9567 50.3097 0
    endloop
  endfacet
  facet normal -0 0 -1
    outer loop
      vertex 84 72.9124 0
      vertex 78.9567 50.3097 0
      vertex 83.2708 72.9842 0
    endloop
  endfacet
  facet normal 0 0 -1
    outer loop
      vertex 84.4829 72.9599 0
      vertex 78.9567 50.3097 0
      vertex 84 72.9124 0
    endloop
  endfacet
  facet normal 0 0 -1
    outer loop
      vertex 84.7292 72.9842 0
      vertex 78.9567 50.3097 0
      vertex 84.4829 72.9599 0
    endloop
  endfacet
  facet normal 0 0 -1
    outer loop
      vertex 78.9567 50.3097 0
      vertex 84.7292 72.9842 0
      vertex 79.7678 49.7678 0
    endloop
  endfacet
  facet normal 0 0 -1
    outer loop
      vertex 85.6486 73.3135 0
      vertex 79.7678 49.7678 0
      vertex 85.4303 73.1969 0
    endloop
  endfacet
  facet normal 0 0 -1
    outer loop
      vertex 280.892 74.5735 0
      vertex 80.5 18 0
      vertex 80.5 33 0
    endloop
  endfacet
  facet normal 0 0 -1
    outer loop
      vertex 281.357 74.0071 0
      vertex 80.3097 17.0433 0
      vertex 80.5 18 0
    endloop
  endfacet
  facet normal -0 0 -1
    outer loop
      vertex 281.923 73.5423 0
      vertex 80.3097 17.0433 0
      vertex 281.357 74.0071 0
    endloop
  endfacet
  facet normal 0 0 -1
    outer loop
      vertex 363 0 0
      vertex 78.9567 15.6903 0
      vertex 79.7678 16.2322 0
    endloop
  endfacet
  facet normal 0 0 -1
    outer loop
      vertex 363 0 0
      vertex 78 15.5 0
      vertex 78.9567 15.6903 0
    endloop
  endfacet
  facet normal 0 0 -1
    outer loop
      vertex 75.6903 32.0433 0
      vertex 65.5 33 0
      vertex 75.5 33 0
    endloop
  endfacet
  facet normal 0 0 -1
    outer loop
      vertex 76.2322 31.2322 0
      vertex 65.5 33 0
      vertex 75.6903 32.0433 0
    endloop
  endfacet
  facet normal 0 0 -1
    outer loop
      vertex 75.6903 17.0433 0
      vertex 65.5 18 0
      vertex 75.5 18 0
    endloop
  endfacet
  facet normal 0 0 -1
    outer loop
      vertex 65.3097 17.0433 0
      vertex 75.6903 17.0433 0
      vertex 76.2322 16.2322 0
    endloop
  endfacet
  facet normal 0 0 -1
    outer loop
      vertex 64.7678 16.2322 0
      vertex 76.2322 16.2322 0
      vertex 77.0433 15.6903 0
    endloop
  endfacet
  facet normal 0 0 -1
    outer loop
      vertex 75.6903 17.0433 0
      vertex 65.3097 17.0433 0
      vertex 65.5 18 0
    endloop
  endfacet
  facet normal 0 0 -1
    outer loop
      vertex 63.9567 15.6903 0
      vertex 77.0433 15.6903 0
      vertex 78 15.5 0
    endloop
  endfacet
  facet normal 0 0 -1
    outer loop
      vertex 76.2322 16.2322 0
      vertex 64.7678 16.2322 0
      vertex 65.3097 17.0433 0
    endloop
  endfacet
  facet normal 0 0 -1
    outer loop
      vertex 77.0433 15.6903 0
      vertex 63.9567 15.6903 0
      vertex 64.7678 16.2322 0
    endloop
  endfacet
  facet normal 0 0 -1
    outer loop
      vertex 5 0 0
      vertex 78 15.5 0
      vertex 363 0 0
    endloop
  endfacet
  facet normal 0 -0 -1
    outer loop
      vertex 63 15.5 0
      vertex 78 15.5 0
      vertex 5 0 0
    endloop
  endfacet
  facet normal 0 0 -1
    outer loop
      vertex 60.6903 32.0433 0
      vertex 50.5 33 0
      vertex 60.5 33 0
    endloop
  endfacet
  facet normal 0 0 -1
    outer loop
      vertex 61.2322 31.2322 0
      vertex 50.5 33 0
      vertex 60.6903 32.0433 0
    endloop
  endfacet
  facet normal 0 0 -1
    outer loop
      vertex 60.6903 17.0433 0
      vertex 50.5 18 0
      vertex 60.5 18 0
    endloop
  endfacet
  facet normal 0 0 -1
    outer loop
      vertex 50.3097 17.0433 0
      vertex 60.6903 17.0433 0
      vertex 61.2322 16.2322 0
    endloop
  endfacet
  facet normal 0 0 -1
    outer loop
      vertex 49.7678 16.2322 0
      vertex 61.2322 16.2322 0
      vertex 62.0433 15.6903 0
    endloop
  endfacet
  facet normal 0 0 -1
    outer loop
      vertex 60.6903 17.0433 0
      vertex 50.3097 17.0433 0
      vertex 50.5 18 0
    endloop
  endfacet
  facet normal 0 0 -1
    outer loop
      vertex 48.9567 15.6903 0
      vertex 62.0433 15.6903 0
      vertex 63 15.5 0
    endloop
  endfacet
  facet normal 0 0 -1
    outer loop
      vertex 61.2322 16.2322 0
      vertex 49.7678 16.2322 0
      vertex 50.3097 17.0433 0
    endloop
  endfacet
  facet normal 0 0 -1
    outer loop
      vertex 62.0433 15.6903 0
      vertex 48.9567 15.6903 0
      vertex 49.7678 16.2322 0
    endloop
  endfacet
  facet normal 0 0 -1
    outer loop
      vertex 78 15.5 0
      vertex 63 15.5 0
      vertex 63.9567 15.6903 0
    endloop
  endfacet
  facet normal 0 -0 -1
    outer loop
      vertex 48 15.5 0
      vertex 63 15.5 0
      vertex 5 0 0
    endloop
  endfacet
  facet normal 0 0 -1
    outer loop
      vertex 45.6903 32.0433 0
      vertex 35.5 33 0
      vertex 45.5 33 0
    endloop
  endfacet
  facet normal 0 0 -1
    outer loop
      vertex 46.2322 31.2322 0
      vertex 35.5 33 0
      vertex 45.6903 32.0433 0
    endloop
  endfacet
  facet normal 0 0 -1
    outer loop
      vertex 45.6903 17.0433 0
      vertex 35.5 18 0
      vertex 45.5 18 0
    endloop
  endfacet
  facet normal 0 0 -1
    outer loop
      vertex 35.3097 17.0433 0
      vertex 45.6903 17.0433 0
      vertex 46.2322 16.2322 0
    endloop
  endfacet
  facet normal 0 0 -1
    outer loop
      vertex 34.7678 16.2322 0
      vertex 46.2322 16.2322 0
      vertex 47.0433 15.6903 0
    endloop
  endfacet
  facet normal 0 0 -1
    outer loop
      vertex 45.6903 17.0433 0
      vertex 35.3097 17.0433 0
      vertex 35.5 18 0
    endloop
  endfacet
  facet normal 0 0 -1
    outer loop
      vertex 33.9567 15.6903 0
      vertex 47.0433 15.6903 0
      vertex 48 15.5 0
    endloop
  endfacet
  facet normal 0 0 -1
    outer loop
      vertex 46.2322 16.2322 0
      vertex 34.7678 16.2322 0
      vertex 35.3097 17.0433 0
    endloop
  endfacet
  facet normal 0 0 -1
    outer loop
      vertex 47.0433 15.6903 0
      vertex 33.9567 15.6903 0
      vertex 34.7678 16.2322 0
    endloop
  endfacet
  facet normal 0 0 -1
    outer loop
      vertex 63 15.5 0
      vertex 48 15.5 0
      vertex 48.9567 15.6903 0
    endloop
  endfacet
  facet normal 0 -0 -1
    outer loop
      vertex 33 15.5 0
      vertex 48 15.5 0
      vertex 5 0 0
    endloop
  endfacet
  facet normal 0 0 -1
    outer loop
      vertex 30.6903 32.0433 0
      vertex 20.5 33 0
      vertex 30.5 33 0
    endloop
  endfacet
  facet normal 0 0 -1
    outer loop
      vertex 31.2322 31.2322 0
      vertex 20.5 33 0
      vertex 30.6903 32.0433 0
    endloop
  endfacet
  facet normal 0 0 -1
    outer loop
      vertex 30.6903 17.0433 0
      vertex 20.5 18 0
      vertex 30.5 18 0
    endloop
  endfacet
  facet normal 0 0 -1
    outer loop
      vertex 20.3097 17.0433 0
      vertex 30.6903 17.0433 0
      vertex 31.2322 16.2322 0
    endloop
  endfacet
  facet normal 0 0 -1
    outer loop
      vertex 19.7678 16.2322 0
      vertex 31.2322 16.2322 0
      vertex 32.0433 15.6903 0
    endloop
  endfacet
  facet normal 0 0 -1
    outer loop
      vertex 30.6903 17.0433 0
      vertex 20.3097 17.0433 0
      vertex 20.5 18 0
    endloop
  endfacet
  facet normal 0 0 -1
    outer loop
      vertex 5 0 0
      vertex 32.0433 15.6903 0
      vertex 33 15.5 0
    endloop
  endfacet
  facet normal 0 0 -1
    outer loop
      vertex 31.2322 16.2322 0
      vertex 19.7678 16.2322 0
      vertex 20.3097 17.0433 0
    endloop
  endfacet
  facet normal 0 0 -1
    outer loop
      vertex 32.0433 15.6903 0
      vertex 18.9567 15.6903 0
      vertex 19.7678 16.2322 0
    endloop
  endfacet
  facet normal 0 0 -1
    outer loop
      vertex 48 15.5 0
      vertex 33 15.5 0
      vertex 33.9567 15.6903 0
    endloop
  endfacet
  facet normal -0 0 -1
    outer loop
      vertex 32.0433 15.6903 0
      vertex 5 0 0
      vertex 18.9567 15.6903 0
    endloop
  endfacet
  facet normal -0 0 -1
    outer loop
      vertex 15.6903 32.0433 0
      vertex 0 5 0
      vertex 15.5 33 0
    endloop
  endfacet
  facet normal -0 0 -1
    outer loop
      vertex 15.6903 17.0433 0
      vertex 0 5 0
      vertex 15.5 18 0
    endloop
  endfacet
  facet normal -0 0 -1
    outer loop
      vertex 16.2322 16.2322 0
      vertex 0 5 0
      vertex 15.6903 17.0433 0
    endloop
  endfacet
  facet normal 0 0 -1
    outer loop
      vertex 0 5 0
      vertex 16.2322 16.2322 0
      vertex 5 0 0
    endloop
  endfacet
  facet normal -0 0 -1
    outer loop
      vertex 17.0433 15.6903 0
      vertex 5 0 0
      vertex 16.2322 16.2322 0
    endloop
  endfacet
  facet normal -0 0 -1
    outer loop
      vertex 18 15.5 0
      vertex 5 0 0
      vertex 17.0433 15.6903 0
    endloop
  endfacet
  facet normal 0 0 -1
    outer loop
      vertex 18.9567 15.6903 0
      vertex 5 0 0
      vertex 18 15.5 0
    endloop
  endfacet
  facet normal 0 0 -1
    outer loop
      vertex 364.913 302.919 0
      vertex 363 303.3 0
      vertex 363.975 303.204 0
    endloop
  endfacet
  facet normal 0 0 -1
    outer loop
      vertex 366.536 301.836 0
      vertex 363 303.3 0
      vertex 365.778 302.457 0
    endloop
  endfacet
  facet normal 0 0 -1
    outer loop
      vertex 365.778 302.457 0
      vertex 363 303.3 0
      vertex 364.913 302.919 0
    endloop
  endfacet
  facet normal 0 0 -1
    outer loop
      vertex 367.619 300.213 0
      vertex 363 303.3 0
      vertex 367.157 301.078 0
    endloop
  endfacet
  facet normal 0 0 -1
    outer loop
      vertex 367.157 301.078 0
      vertex 363 303.3 0
      vertex 366.536 301.836 0
    endloop
  endfacet
  facet normal 0 0 -1
    outer loop
      vertex 368 298.3 0
      vertex 363 303.3 0
      vertex 367.904 299.275 0
    endloop
  endfacet
  facet normal 0 0 -1
    outer loop
      vertex 367.904 299.275 0
      vertex 363 303.3 0
      vertex 367.619 300.213 0
    endloop
  endfacet
  facet normal -0 0 -1
    outer loop
      vertex 368 298.3 0
      vertex 286.951 228.918 0
      vertex 363 303.3 0
    endloop
  endfacet
  facet normal 0 0 -1
    outer loop
      vertex 286.643 229.293 0
      vertex 363 303.3 0
      vertex 286.951 228.918 0
    endloop
  endfacet
  facet normal 0 0 -1
    outer loop
      vertex 286.452 229.45 0
      vertex 363 303.3 0
      vertex 286.643 229.293 0
    endloop
  endfacet
  facet normal 0 0 -1
    outer loop
      vertex 286.077 229.758 0
      vertex 363 303.3 0
      vertex 286.452 229.45 0
    endloop
  endfacet
  facet normal 0 0 -1
    outer loop
      vertex 285.649 229.986 0
      vertex 363 303.3 0
      vertex 286.077 229.758 0
    endloop
  endfacet
  facet normal 0 0 -1
    outer loop
      vertex 285.43 230.103 0
      vertex 363 303.3 0
      vertex 285.649 229.986 0
    endloop
  endfacet
  facet normal 0 0 -1
    outer loop
      vertex 284.729 230.316 0
      vertex 363 303.3 0
      vertex 285.43 230.103 0
    endloop
  endfacet
  facet normal 0 0 -1
    outer loop
      vertex 284.246 230.363 0
      vertex 363 303.3 0
      vertex 284.729 230.316 0
    endloop
  endfacet
  facet normal 0 0 -1
    outer loop
      vertex 284 230.388 0
      vertex 363 303.3 0
      vertex 284.246 230.363 0
    endloop
  endfacet
  facet normal 0 0 -1
    outer loop
      vertex 283.754 230.363 0
      vertex 363 303.3 0
      vertex 284 230.388 0
    endloop
  endfacet
  facet normal 0 0 -1
    outer loop
      vertex 283.271 230.316 0
      vertex 363 303.3 0
      vertex 283.754 230.363 0
    endloop
  endfacet
  facet normal 0 0 -1
    outer loop
      vertex 282.57 230.103 0
      vertex 363 303.3 0
      vertex 283.271 230.316 0
    endloop
  endfacet
  facet normal 0 0 -1
    outer loop
      vertex 85.4303 230.103 0
      vertex 282.57 230.103 0
      vertex 282.351 229.986 0
    endloop
  endfacet
  facet normal 0 0 -1
    outer loop
      vertex 85.4303 230.103 0
      vertex 282.351 229.986 0
      vertex 281.923 229.758 0
    endloop
  endfacet
  facet normal 0 0 -1
    outer loop
      vertex 86.0765 229.758 0
      vertex 281.923 229.758 0
      vertex 281.548 229.45 0
    endloop
  endfacet
  facet normal 0 0 -1
    outer loop
      vertex 86.0765 229.758 0
      vertex 281.548 229.45 0
      vertex 281.357 229.293 0
    endloop
  endfacet
  facet normal 0 0 -1
    outer loop
      vertex 280.892 228.727 0
      vertex 281.357 229.293 0
      vertex 281.049 228.918 0
    endloop
  endfacet
  facet normal 0 0 -1
    outer loop
      vertex 280.547 228.08 0
      vertex 280.892 228.727 0
      vertex 280.776 228.508 0
    endloop
  endfacet
  facet normal 0 0 1
    outer loop
      vertex 280.334 227.379 0
      vertex 280.547 228.08 0
      vertex 280.406 227.616 0
    endloop
  endfacet
  facet normal 0 0 -1
    outer loop
      vertex 280.287 226.404 0
      vertex 87.7376 226.65 0
      vertex 280.262 226.65 0
    endloop
  endfacet
  facet normal 0 0 -1
    outer loop
      vertex 280.262 226.65 0
      vertex 87.7376 226.65 0
      vertex 280.31 227.133 0
    endloop
  endfacet
  facet normal -0 0 -1
    outer loop
      vertex 280.31 227.133 0
      vertex 87.7376 226.65 0
      vertex 280.334 227.379 0
    endloop
  endfacet
  facet normal 0 0 -1
    outer loop
      vertex 87.6901 227.133 0
      vertex 280.334 227.379 0
      vertex 87.7376 226.65 0
    endloop
  endfacet
  facet normal 0 0 -1
    outer loop
      vertex 87.6658 227.379 0
      vertex 280.334 227.379 0
      vertex 87.6901 227.133 0
    endloop
  endfacet
  facet normal 0 0 -1
    outer loop
      vertex 280.334 227.379 0
      vertex 87.6658 227.379 0
      vertex 280.547 228.08 0
    endloop
  endfacet
  facet normal 0 0 -1
    outer loop
      vertex 87.594 227.616 0
      vertex 280.547 228.08 0
      vertex 87.6658 227.379 0
    endloop
  endfacet
  facet normal 0 0 -1
    outer loop
      vertex 87.4531 228.08 0
      vertex 280.547 228.08 0
      vertex 87.594 227.616 0
    endloop
  endfacet
  facet normal 0 0 -1
    outer loop
      vertex 280.547 228.08 0
      vertex 87.4531 228.08 0
      vertex 280.892 228.727 0
    endloop
  endfacet
  facet normal 0 0 -1
    outer loop
      vertex 87.2244 228.508 0
      vertex 280.892 228.727 0
      vertex 87.4531 228.08 0
    endloop
  endfacet
  facet normal 0 0 -1
    outer loop
      vertex 87.1077 228.727 0
      vertex 280.892 228.727 0
      vertex 87.2244 228.508 0
    endloop
  endfacet
  facet normal 0 0 -1
    outer loop
      vertex 280.892 228.727 0
      vertex 87.1077 228.727 0
      vertex 281.357 229.293 0
    endloop
  endfacet
  facet normal 0 0 -1
    outer loop
      vertex 86.9507 228.918 0
      vertex 281.357 229.293 0
      vertex 87.1077 228.727 0
    endloop
  endfacet
  facet normal 0 0 -1
    outer loop
      vertex 86.6429 229.293 0
      vertex 281.357 229.293 0
      vertex 86.9507 228.918 0
    endloop
  endfacet
  facet normal 0 0 -1
    outer loop
      vertex 86.4516 229.45 0
      vertex 281.357 229.293 0
      vertex 86.6429 229.293 0
    endloop
  endfacet
  facet normal 0 0 -1
    outer loop
      vertex 86.0765 229.758 0
      vertex 281.357 229.293 0
      vertex 86.4516 229.45 0
    endloop
  endfacet
  facet normal 0 0 -1
    outer loop
      vertex 281.923 229.758 0
      vertex 86.0765 229.758 0
      vertex 85.6486 229.986 0
    endloop
  endfacet
  facet normal 0 0 -1
    outer loop
      vertex 85.4303 230.103 0
      vertex 281.923 229.758 0
      vertex 85.6486 229.986 0
    endloop
  endfacet
  facet normal 0 0 -1
    outer loop
      vertex 282.57 230.103 0
      vertex 85.4303 230.103 0
      vertex 363 303.3 0
    endloop
  endfacet
  facet normal 0 0 -1
    outer loop
      vertex 5 303.3 0
      vertex 85.4303 230.103 0
      vertex 84.7292 230.316 0
    endloop
  endfacet
  facet normal 0 0 -1
    outer loop
      vertex 5 303.3 0
      vertex 84.7292 230.316 0
      vertex 84.2463 230.363 0
    endloop
  endfacet
  facet normal 0 0 -1
    outer loop
      vertex 5 303.3 0
      vertex 84.2463 230.363 0
      vertex 84 230.388 0
    endloop
  endfacet
  facet normal 0 0 -1
    outer loop
      vertex 5 303.3 0
      vertex 84 230.388 0
      vertex 83.7537 230.363 0
    endloop
  endfacet
  facet normal 0 0 -1
    outer loop
      vertex 5 303.3 0
      vertex 83.7537 230.363 0
      vertex 83.2708 230.316 0
    endloop
  endfacet
  facet normal 0 0 -1
    outer loop
      vertex 81.9235 229.758 0
      vertex 82.5697 230.103 0
      vertex 82.3514 229.986 0
    endloop
  endfacet
  facet normal 0 0 -1
    outer loop
      vertex 80.8923 228.727 0
      vertex 81.3571 229.293 0
      vertex 81.0493 228.918 0
    endloop
  endfacet
  facet normal 0 0 1
    outer loop
      vertex 80.3342 227.379 0
      vertex 80.5469 228.08 0
      vertex 80.406 227.616 0
    endloop
  endfacet
  facet normal 0 0 1
    outer loop
      vertex 80.2624 226.65 0
      vertex 80.3342 227.379 0
      vertex 80.3099 227.133 0
    endloop
  endfacet
  facet normal -0 0 -1
    outer loop
      vertex 80.7756 74.7917 0
      vertex 63 50.5 0
      vertex 80.5469 75.2197 0
    endloop
  endfacet
  facet normal -0 0 -1
    outer loop
      vertex 80.5469 75.2197 0
      vertex 63 50.5 0
      vertex 80.3342 75.9208 0
    endloop
  endfacet
  facet normal 0 0 -1
    outer loop
      vertex 62.0433 50.3097 0
      vertex 80.3342 75.9208 0
      vertex 63 50.5 0
    endloop
  endfacet
  facet normal 0 0 -1
    outer loop
      vertex 63.9567 50.3097 0
      vertex 77.0433 50.3097 0
      vertex 76.2322 49.7678 0
    endloop
  endfacet
  facet normal 0 0 -1
    outer loop
      vertex 64.7678 49.7678 0
      vertex 76.2322 49.7678 0
      vertex 75.6903 48.9567 0
    endloop
  endfacet
  facet normal 0 0 -1
    outer loop
      vertex 65.3097 48.9567 0
      vertex 75.6903 48.9567 0
      vertex 75.5 48 0
    endloop
  endfacet
  facet normal 0 0 -1
    outer loop
      vertex 76.2322 46.2322 0
      vertex 65.5 48 0
      vertex 75.6903 47.0433 0
    endloop
  endfacet
  facet normal 0 0 -1
    outer loop
      vertex 75.6903 47.0433 0
      vertex 65.5 48 0
      vertex 75.5 48 0
    endloop
  endfacet
  facet normal 0 0 -1
    outer loop
      vertex 65.3097 48.9567 0
      vertex 75.5 48 0
      vertex 65.5 48 0
    endloop
  endfacet
  facet normal 0 0 -1
    outer loop
      vertex 75.6903 48.9567 0
      vertex 65.3097 48.9567 0
      vertex 64.7678 49.7678 0
    endloop
  endfacet
  facet normal 0 0 -1
    outer loop
      vertex 76.2322 49.7678 0
      vertex 64.7678 49.7678 0
      vertex 63.9567 50.3097 0
    endloop
  endfacet
  facet normal -0 0 -1
    outer loop
      vertex 80.3342 75.9208 0
      vertex 62.0433 50.3097 0
      vertex 80.2866 76.4037 0
    endloop
  endfacet
  facet normal -0 0 -1
    outer loop
      vertex 80.2866 76.4037 0
      vertex 62.0433 50.3097 0
      vertex 80.2624 76.65 0
    endloop
  endfacet
  facet normal 0 0 -1
    outer loop
      vertex 48.9567 50.3097 0
      vertex 80.2624 76.65 0
      vertex 62.0433 50.3097 0
    endloop
  endfacet
  facet normal 0 0 -1
    outer loop
      vertex 80.5469 78.0803 0
      vertex 48 50.5 0
      vertex 33 50.5 0
    endloop
  endfacet
  facet normal 0 0 -1
    outer loop
      vertex 48.9567 50.3097 0
      vertex 62.0433 50.3097 0
      vertex 61.2322 49.7678 0
    endloop
  endfacet
  facet normal 0 0 -1
    outer loop
      vertex 49.7678 49.7678 0
      vertex 61.2322 49.7678 0
      vertex 60.6903 48.9567 0
    endloop
  endfacet
  facet normal 0 0 -1
    outer loop
      vertex 50.3097 48.9567 0
      vertex 60.6903 48.9567 0
      vertex 60.5 48 0
    endloop
  endfacet
  facet normal 0 0 -1
    outer loop
      vertex 61.2322 46.2322 0
      vertex 50.5 48 0
      vertex 60.6903 47.0433 0
    endloop
  endfacet
  facet normal 0 0 -1
    outer loop
      vertex 60.6903 47.0433 0
      vertex 50.5 48 0
      vertex 60.5 48 0
    endloop
  endfacet
  facet normal 0 0 -1
    outer loop
      vertex 50.3097 48.9567 0
      vertex 60.5 48 0
      vertex 50.5 48 0
    endloop
  endfacet
  facet normal 0 0 -1
    outer loop
      vertex 60.6903 48.9567 0
      vertex 50.3097 48.9567 0
      vertex 49.7678 49.7678 0
    endloop
  endfacet
  facet normal 0 0 -1
    outer loop
      vertex 61.2322 49.7678 0
      vertex 49.7678 49.7678 0
      vertex 48.9567 50.3097 0
    endloop
  endfacet
  facet normal 0 0 -1
    outer loop
      vertex 80.2624 76.65 0
      vertex 48.9567 50.3097 0
      vertex 48 50.5 0
    endloop
  endfacet
  facet normal 0 0 -1
    outer loop
      vertex 80.8923 78.7265 0
      vertex 33 50.5 0
      vertex 18 50.5 0
    endloop
  endfacet
  facet normal 0 0 -1
    outer loop
      vertex 33 50.5 0
      vertex 48 50.5 0
      vertex 47.0433 50.3097 0
    endloop
  endfacet
  facet normal 0 0 -1
    outer loop
      vertex 33.9567 50.3097 0
      vertex 47.0433 50.3097 0
      vertex 46.2322 49.7678 0
    endloop
  endfacet
  facet normal 0 0 -1
    outer loop
      vertex 34.7678 49.7678 0
      vertex 46.2322 49.7678 0
      vertex 45.6903 48.9567 0
    endloop
  endfacet
  facet normal 0 0 -1
    outer loop
      vertex 35.3097 48.9567 0
      vertex 45.6903 48.9567 0
      vertex 45.5 48 0
    endloop
  endfacet
  facet normal 0 0 -1
    outer loop
      vertex 46.2322 46.2322 0
      vertex 35.5 48 0
      vertex 45.6903 47.0433 0
    endloop
  endfacet
  facet normal 0 0 -1
    outer loop
      vertex 45.6903 47.0433 0
      vertex 35.5 48 0
      vertex 45.5 48 0
    endloop
  endfacet
  facet normal 0 0 -1
    outer loop
      vertex 35.3097 48.9567 0
      vertex 45.5 48 0
      vertex 35.5 48 0
    endloop
  endfacet
  facet normal 0 0 -1
    outer loop
      vertex 45.6903 48.9567 0
      vertex 35.3097 48.9567 0
      vertex 34.7678 49.7678 0
    endloop
  endfacet
  facet normal 0 0 -1
    outer loop
      vertex 46.2322 49.7678 0
      vertex 34.7678 49.7678 0
      vertex 33.9567 50.3097 0
    endloop
  endfacet
  facet normal 0 0 -1
    outer loop
      vertex 47.0433 50.3097 0
      vertex 33.9567 50.3097 0
      vertex 33 50.5 0
    endloop
  endfacet
  facet normal 0 0 -1
    outer loop
      vertex 80.5469 225.22 0
      vertex 0 298.3 0
      vertex 80.3342 225.921 0
    endloop
  endfacet
  facet normal 0 0 -1
    outer loop
      vertex 18 50.5 0
      vertex 33 50.5 0
      vertex 32.0433 50.3097 0
    endloop
  endfacet
  facet normal 0 0 -1
    outer loop
      vertex 18.9567 50.3097 0
      vertex 32.0433 50.3097 0
      vertex 31.2322 49.7678 0
    endloop
  endfacet
  facet normal 0 0 -1
    outer loop
      vertex 19.7678 49.7678 0
      vertex 31.2322 49.7678 0
      vertex 30.6903 48.9567 0
    endloop
  endfacet
  facet normal 0 0 -1
    outer loop
      vertex 31.2322 46.2322 0
      vertex 20.5 48 0
      vertex 30.6903 47.0433 0
    endloop
  endfacet
  facet normal 0 0 -1
    outer loop
      vertex 30.6903 47.0433 0
      vertex 20.5 48 0
      vertex 30.5 48 0
    endloop
  endfacet
  facet normal 0 0 -1
    outer loop
      vertex 30.5 48 0
      vertex 20.5 48 0
      vertex 30.6903 48.9567 0
    endloop
  endfacet
  facet normal 0 0 -1
    outer loop
      vertex 20.3097 48.9567 0
      vertex 30.6903 48.9567 0
      vertex 20.5 48 0
    endloop
  endfacet
  facet normal 0 0 -1
    outer loop
      vertex 19.7678 49.7678 0
      vertex 30.6903 48.9567 0
      vertex 20.3097 48.9567 0
    endloop
  endfacet
  facet normal 0 0 -1
    outer loop
      vertex 31.2322 49.7678 0
      vertex 19.7678 49.7678 0
      vertex 18.9567 50.3097 0
    endloop
  endfacet
  facet normal 0 0 -1
    outer loop
      vertex 32.0433 50.3097 0
      vertex 18.9567 50.3097 0
      vertex 18 50.5 0
    endloop
  endfacet
  facet normal 0 0 -1
    outer loop
      vertex 80.3342 225.921 0
      vertex 0 298.3 0
      vertex 80.2866 226.404 0
    endloop
  endfacet
  facet normal 0 0 -1
    outer loop
      vertex 80.2866 226.404 0
      vertex 0 298.3 0
      vertex 80.2624 226.65 0
    endloop
  endfacet
  facet normal 0 0 -1
    outer loop
      vertex 80.2624 226.65 0
      vertex 0 298.3 0
      vertex 80.3342 227.379 0
    endloop
  endfacet
  facet normal 0 0 -1
    outer loop
      vertex 0 298.3 0
      vertex 17.0433 50.3097 0
      vertex 16.2322 49.7678 0
    endloop
  endfacet
  facet normal 0 0 -1
    outer loop
      vertex 0 298.3 0
      vertex 16.2322 49.7678 0
      vertex 15.6903 48.9567 0
    endloop
  endfacet
  facet normal -0 0 -1
    outer loop
      vertex 15.5 33 0
      vertex 0 5 0
      vertex 15.5 48 0
    endloop
  endfacet
  facet normal 0 0 -1
    outer loop
      vertex 85.4303 230.103 0
      vertex 5 303.3 0
      vertex 363 303.3 0
    endloop
  endfacet
  facet normal 0 0 -1
    outer loop
      vertex 82.5697 230.103 0
      vertex 5 303.3 0
      vertex 83.2708 230.316 0
    endloop
  endfacet
  facet normal 0 0 -1
    outer loop
      vertex 81.9235 229.758 0
      vertex 5 303.3 0
      vertex 82.5697 230.103 0
    endloop
  endfacet
  facet normal 0 0 -1
    outer loop
      vertex 81.5484 229.45 0
      vertex 5 303.3 0
      vertex 81.9235 229.758 0
    endloop
  endfacet
  facet normal 0 0 -1
    outer loop
      vertex 81.3571 229.293 0
      vertex 5 303.3 0
      vertex 81.5484 229.45 0
    endloop
  endfacet
  facet normal 0 0 -1
    outer loop
      vertex 80.8923 228.727 0
      vertex 5 303.3 0
      vertex 81.3571 229.293 0
    endloop
  endfacet
  facet normal 0 0 -1
    outer loop
      vertex 0 298.3 0
      vertex 80.8923 228.727 0
      vertex 80.7756 228.508 0
    endloop
  endfacet
  facet normal 0 0 -1
    outer loop
      vertex 0 298.3 0
      vertex 80.7756 228.508 0
      vertex 80.5469 228.08 0
    endloop
  endfacet
  facet normal 0 0 -1
    outer loop
      vertex 80.3342 227.379 0
      vertex 0 298.3 0
      vertex 80.5469 228.08 0
    endloop
  endfacet
  facet normal -0 0 -1
    outer loop
      vertex 15.5 48 0
      vertex 0 5 0
      vertex 15.6903 48.9567 0
    endloop
  endfacet
  facet normal 0 0 -1
    outer loop
      vertex 0 5 0
      vertex 5 0 0
      vertex 4.02455 0.0960732 0
    endloop
  endfacet
  facet normal 0 0 -1
    outer loop
      vertex 0 298.3 0
      vertex 15.6903 48.9567 0
      vertex 0 5 0
    endloop
  endfacet
  facet normal 0 0 -1
    outer loop
      vertex 0 5 0
      vertex 4.02455 0.0960732 0
      vertex 3.08658 0.380602 0
    endloop
  endfacet
  facet normal 0 0 -1
    outer loop
      vertex 80.8923 228.727 0
      vertex 0 298.3 0
      vertex 5 303.3 0
    endloop
  endfacet
  facet normal 0 0 -1
    outer loop
      vertex 0 5 0
      vertex 3.08658 0.380602 0
      vertex 2.22215 0.842651 0
    endloop
  endfacet
  facet normal 0 0 -1
    outer loop
      vertex 5 303.3 0
      vertex 0 298.3 0
      vertex 4.02455 303.204 0
    endloop
  endfacet
  facet normal 0 0 -1
    outer loop
      vertex 0 5 0
      vertex 2.22215 0.842651 0
      vertex 1.46447 1.46447 0
    endloop
  endfacet
  facet normal 0 0 -1
    outer loop
      vertex 4.02455 303.204 0
      vertex 0 298.3 0
      vertex 3.08658 302.919 0
    endloop
  endfacet
  facet normal 0 0 -1
    outer loop
      vertex 0 5 0
      vertex 1.46447 1.46447 0
      vertex 0.842651 2.22215 0
    endloop
  endfacet
  facet normal 0 0 -1
    outer loop
      vertex 3.08658 302.919 0
      vertex 0 298.3 0
      vertex 2.22215 302.457 0
    endloop
  endfacet
  facet normal 0 0 -1
    outer loop
      vertex 0 5 0
      vertex 0.842651 2.22215 0
      vertex 0.380602 3.08658 0
    endloop
  endfacet
  facet normal 0 0 -1
    outer loop
      vertex 2.22215 302.457 0
      vertex 0 298.3 0
      vertex 1.46447 301.836 0
    endloop
  endfacet
  facet normal 0 0 -1
    outer loop
      vertex 0 5 0
      vertex 0.380602 3.08658 0
      vertex 0.0960732 4.02455 0
    endloop
  endfacet
  facet normal 0 0 -1
    outer loop
      vertex 1.46447 301.836 0
      vertex 0 298.3 0
      vertex 0.842651 301.078 0
    endloop
  endfacet
  facet normal 0 0 -1
    outer loop
      vertex 0.842651 301.078 0
      vertex 0 298.3 0
      vertex 0.380602 300.213 0
    endloop
  endfacet
  facet normal 0 0 -1
    outer loop
      vertex 0.380602 300.213 0
      vertex 0 298.3 0
      vertex 0.0960732 299.275 0
    endloop
  endfacet
  facet normal -0 0 -1
    outer loop
      vertex 82.5697 73.1969 0
      vertex 78 50.5 0
      vertex 82.3514 73.3135 0
    endloop
  endfacet
  facet normal -0 0 -1
    outer loop
      vertex 82.3514 73.3135 0
      vertex 78 50.5 0
      vertex 81.9235 73.5423 0
    endloop
  endfacet
  facet normal 0 0 -1
    outer loop
      vertex 77.0433 50.3097 0
      vertex 81.9235 73.5423 0
      vertex 78 50.5 0
    endloop
  endfacet
  facet normal -0 0 -1
    outer loop
      vertex 81.9235 73.5423 0
      vertex 77.0433 50.3097 0
      vertex 81.3571 74.0071 0
    endloop
  endfacet
  facet normal 0 0 -1
    outer loop
      vertex 63.9567 50.3097 0
      vertex 81.3571 74.0071 0
      vertex 77.0433 50.3097 0
    endloop
  endfacet
  facet normal -0 0 -1
    outer loop
      vertex 81.0493 74.3822 0
      vertex 63.9567 50.3097 0
      vertex 80.8923 74.5735 0
    endloop
  endfacet
  facet normal -0 0 -1
    outer loop
      vertex 80.8923 74.5735 0
      vertex 63 50.5 0
      vertex 80.7756 74.7917 0
    endloop
  endfacet
  facet normal 0 0 -1
    outer loop
      vertex 63 50.5 0
      vertex 80.8923 74.5735 0
      vertex 63.9567 50.3097 0
    endloop
  endfacet
  facet normal 0 0 -1
    outer loop
      vertex 366.536 301.836 5
      vertex 367 306.3 5
      vertex 367 301.27 5
    endloop
  endfacet
  facet normal 0 0 -1
    outer loop
      vertex 365.778 302.457 5
      vertex 367 306.3 5
      vertex 366.536 301.836 5
    endloop
  endfacet
  facet normal 0 0 -1
    outer loop
      vertex 364.913 302.919 5
      vertex 367 306.3 5
      vertex 365.778 302.457 5
    endloop
  endfacet
  facet normal 0 0 -1
    outer loop
      vertex 364 303.3 5
      vertex 364.913 302.919 5
      vertex 364 303.196 5
    endloop
  endfacet
  facet normal 0 0 -1
    outer loop
      vertex 364.913 302.919 5
      vertex 364 303.3 5
      vertex 367 306.3 5
    endloop
  endfacet
  facet normal 0 0 -1
    outer loop
      vertex 363 303.3 5
      vertex 367 306.3 5
      vertex 364 303.3 5
    endloop
  endfacet
  facet normal 0 0 -1
    outer loop
      vertex 3 306.3 5
      vertex 363 303.3 5
      vertex 6 303.3 5
    endloop
  endfacet
  facet normal 0 0 -1
    outer loop
      vertex 3 306.3 5
      vertex 6 303.3 5
      vertex 5 303.3 5
    endloop
  endfacet
  facet normal 0 0 -1
    outer loop
      vertex 363 303.3 5
      vertex 3 306.3 5
      vertex 367 306.3 5
    endloop
  endfacet
  facet normal 0 0 -1
    outer loop
      vertex 4.02455 303.204 5
      vertex 3 306.3 5
      vertex 5 303.3 5
    endloop
  endfacet
  facet normal 0 0 -1
    outer loop
      vertex 3.08658 302.919 5
      vertex 3 306.3 5
      vertex 4.02455 303.204 5
    endloop
  endfacet
  facet normal 0 0 -1
    outer loop
      vertex 3 306.3 5
      vertex 3.08658 302.919 5
      vertex 3 302.873 5
    endloop
  endfacet
  facet normal -0 0 1
    outer loop
      vertex 0 298.3 5
      vertex 3 82.3 5
      vertex 3 302.873 5
    endloop
  endfacet
  facet normal 0 0 1
    outer loop
      vertex 0 5 5
      vertex 3 82.3 5
      vertex 0 298.3 5
    endloop
  endfacet
  facet normal 0 0 1
    outer loop
      vertex 0 298.3 5
      vertex 3 302.873 5
      vertex 2.22215 302.457 5
    endloop
  endfacet
  facet normal -0 0 1
    outer loop
      vertex 3 82.3 5
      vertex 44.25 77.3 5
      vertex 44.25 82.3 5
    endloop
  endfacet
  facet normal 0 0 1
    outer loop
      vertex 44.25 77.3 5
      vertex 3 82.3 5
      vertex 3 77.3 5
    endloop
  endfacet
  facet normal 0 0 1
    outer loop
      vertex 367 301.27 5
      vertex 368 298.3 5
      vertex 367.904 299.275 5
    endloop
  endfacet
  facet normal 0 0 1
    outer loop
      vertex 368 298.3 5
      vertex 367 82.3 5
      vertex 368 5 5
    endloop
  endfacet
  facet normal 0 0 1
    outer loop
      vertex 367 301.27 5
      vertex 367.904 299.275 5
      vertex 367.619 300.213 5
    endloop
  endfacet
  facet normal -0 0 1
    outer loop
      vertex 288.137 73.8859 5
      vertex 368 5 5
      vertex 367 82.3 5
    endloop
  endfacet
  facet normal 0 0 1
    outer loop
      vertex 367 301.27 5
      vertex 367.619 300.213 5
      vertex 367.157 301.078 5
    endloop
  endfacet
  facet normal 0 0 1
    outer loop
      vertex 368 5 5
      vertex 363 0 5
      vertex 367.904 4.02455 5
    endloop
  endfacet
  facet normal 0 0 1
    outer loop
      vertex 368 298.3 5
      vertex 367 301.27 5
      vertex 367 82.3 5
    endloop
  endfacet
  facet normal 0 0 1
    outer loop
      vertex 367.904 4.02455 5
      vertex 363 0 5
      vertex 367.619 3.08658 5
    endloop
  endfacet
  facet normal 0 0 1
    outer loop
      vertex 367.619 3.08658 5
      vertex 363 0 5
      vertex 367.157 2.22215 5
    endloop
  endfacet
  facet normal 0 0 1
    outer loop
      vertex 367.157 2.22215 5
      vertex 363 0 5
      vertex 366.536 1.46447 5
    endloop
  endfacet
  facet normal 0 0 1
    outer loop
      vertex 366.536 1.46447 5
      vertex 363 0 5
      vertex 365.778 0.842651 5
    endloop
  endfacet
  facet normal 0 0 1
    outer loop
      vertex 365.778 0.842651 5
      vertex 363 0 5
      vertex 364.913 0.380602 5
    endloop
  endfacet
  facet normal 0 0 1
    outer loop
      vertex 364.913 0.380602 5
      vertex 363 0 5
      vertex 363.975 0.0960732 5
    endloop
  endfacet
  facet normal 0 0 1
    outer loop
      vertex 288.88 75.6842 5
      vertex 367 82.3 5
      vertex 288.975 76.65 5
    endloop
  endfacet
  facet normal 0 0 1
    outer loop
      vertex 367 82.3 5
      vertex 288.88 77.6158 5
      vertex 288.975 76.65 5
    endloop
  endfacet
  facet normal 0 0 1
    outer loop
      vertex 367 82.3 5
      vertex 288.88 77.6206 5
      vertex 288.88 77.6158 5
    endloop
  endfacet
  facet normal 0 0 1
    outer loop
      vertex 367 82.3 5
      vertex 288.878 77.6253 5
      vertex 288.88 77.6206 5
    endloop
  endfacet
  facet normal 0 0 1
    outer loop
      vertex 367 82.3 5
      vertex 288.597 78.5539 5
      vertex 288.878 77.6253 5
    endloop
  endfacet
  facet normal 0 0 1
    outer loop
      vertex 367 82.3 5
      vertex 288.139 79.4098 5
      vertex 288.597 78.5539 5
    endloop
  endfacet
  facet normal 0 0 1
    outer loop
      vertex 367 82.3 5
      vertex 288.137 79.4141 5
      vertex 288.139 79.4098 5
    endloop
  endfacet
  facet normal 0 0 1
    outer loop
      vertex 367 82.3 5
      vertex 288.134 79.4178 5
      vertex 288.137 79.4141 5
    endloop
  endfacet
  facet normal 0 0 1
    outer loop
      vertex 367 82.3 5
      vertex 287.518 80.168 5
      vertex 288.134 79.4178 5
    endloop
  endfacet
  facet normal 0 0 1
    outer loop
      vertex 367 82.3 5
      vertex 287.514 80.1711 5
      vertex 287.518 80.168 5
    endloop
  endfacet
  facet normal 0 0 1
    outer loop
      vertex 367 82.3 5
      vertex 286.764 80.7868 5
      vertex 287.514 80.1711 5
    endloop
  endfacet
  facet normal 0 0 1
    outer loop
      vertex 367 82.3 5
      vertex 285.908 81.2442 5
      vertex 286.764 80.7868 5
    endloop
  endfacet
  facet normal 0 0 1
    outer loop
      vertex 367 82.3 5
      vertex 285.904 81.2465 5
      vertex 285.908 81.2442 5
    endloop
  endfacet
  facet normal 0 0 1
    outer loop
      vertex 367 82.3 5
      vertex 284.971 81.5296 5
      vertex 285.904 81.2465 5
    endloop
  endfacet
  facet normal 0 0 1
    outer loop
      vertex 367 82.3 5
      vertex 284.005 81.6248 5
      vertex 284.971 81.5296 5
    endloop
  endfacet
  facet normal 0 0 1
    outer loop
      vertex 367 82.3 5
      vertex 284 81.6252 5
      vertex 284.005 81.6248 5
    endloop
  endfacet
  facet normal 0 0 -1
    outer loop
      vertex 280.482 80.168 5
      vertex 279.863 79.4141 5
      vertex 279.866 79.4178 5
    endloop
  endfacet
  facet normal 0 0 1
    outer loop
      vertex 279.12 77.6158 5
      vertex 105.5 77.3 5
      vertex 279.025 76.65 5
    endloop
  endfacet
  facet normal 0 0 1
    outer loop
      vertex 279.12 77.6206 5
      vertex 105.5 77.3 5
      vertex 279.12 77.6158 5
    endloop
  endfacet
  facet normal 0 0 1
    outer loop
      vertex 279.122 77.6253 5
      vertex 105.5 77.3 5
      vertex 279.12 77.6206 5
    endloop
  endfacet
  facet normal 0 0 1
    outer loop
      vertex 279.403 78.5539 5
      vertex 105.5 77.3 5
      vertex 279.122 77.6253 5
    endloop
  endfacet
  facet normal 0 0 1
    outer loop
      vertex 279.861 79.4098 5
      vertex 105.5 77.3 5
      vertex 279.403 78.5539 5
    endloop
  endfacet
  facet normal 0 0 1
    outer loop
      vertex 279.863 79.4141 5
      vertex 105.5 77.3 5
      vertex 279.861 79.4098 5
    endloop
  endfacet
  facet normal 0 0 1
    outer loop
      vertex 280.482 80.168 5
      vertex 105.5 77.3 5
      vertex 279.863 79.4141 5
    endloop
  endfacet
  facet normal 0 0 1
    outer loop
      vertex 280.486 80.1711 5
      vertex 105.5 77.3 5
      vertex 280.482 80.168 5
    endloop
  endfacet
  facet normal 0 0 1
    outer loop
      vertex 281.236 80.7868 5
      vertex 105.5 77.3 5
      vertex 280.486 80.1711 5
    endloop
  endfacet
  facet normal 0 0 1
    outer loop
      vertex 282.092 81.2442 5
      vertex 105.5 77.3 5
      vertex 281.236 80.7868 5
    endloop
  endfacet
  facet normal 0 0 1
    outer loop
      vertex 282.096 81.2465 5
      vertex 105.5 77.3 5
      vertex 282.092 81.2442 5
    endloop
  endfacet
  facet normal 0 0 1
    outer loop
      vertex 283.029 81.5296 5
      vertex 105.5 77.3 5
      vertex 282.096 81.2465 5
    endloop
  endfacet
  facet normal 0 0 1
    outer loop
      vertex 84.9706 81.5296 5
      vertex 283.029 81.5296 5
      vertex 283.995 81.6248 5
    endloop
  endfacet
  facet normal 0 0 1
    outer loop
      vertex 84.9706 81.5296 5
      vertex 283.995 81.6248 5
      vertex 284 81.6252 5
    endloop
  endfacet
  facet normal 0 0 1
    outer loop
      vertex 283.029 81.5296 5
      vertex 84.9706 81.5296 5
      vertex 105.5 77.3 5
    endloop
  endfacet
  facet normal -0 -0 1
    outer loop
      vertex 85.9039 81.2465 5
      vertex 105.5 77.3 5
      vertex 84.9706 81.5296 5
    endloop
  endfacet
  facet normal 0 0 1
    outer loop
      vertex 100.5 77.5 5
      vertex 88.8801 77.6158 5
      vertex 88.8915 77.5 5
    endloop
  endfacet
  facet normal 0 0 1
    outer loop
      vertex 100.5 77.5 5
      vertex 88.8796 77.6206 5
      vertex 88.8801 77.6158 5
    endloop
  endfacet
  facet normal 0 0 1
    outer loop
      vertex 100.5 77.5 5
      vertex 88.8782 77.6253 5
      vertex 88.8796 77.6206 5
    endloop
  endfacet
  facet normal 0 0 1
    outer loop
      vertex 100.5 77.5 5
      vertex 88.5965 78.5539 5
      vertex 88.8782 77.6253 5
    endloop
  endfacet
  facet normal 0 0 1
    outer loop
      vertex 100.5 77.5 5
      vertex 88.1391 79.4098 5
      vertex 88.5965 78.5539 5
    endloop
  endfacet
  facet normal 0 0 1
    outer loop
      vertex 100.5 77.5 5
      vertex 88.1368 79.4141 5
      vertex 88.1391 79.4098 5
    endloop
  endfacet
  facet normal 0 0 1
    outer loop
      vertex 100.5 77.5 5
      vertex 88.1337 79.4178 5
      vertex 88.1368 79.4141 5
    endloop
  endfacet
  facet normal 0 0 1
    outer loop
      vertex 100.5 77.5 5
      vertex 87.518 80.168 5
      vertex 88.1337 79.4178 5
    endloop
  endfacet
  facet normal -0 0 1
    outer loop
      vertex 64.25 82.3 5
      vertex 284 81.6252 5
      vertex 367 82.3 5
    endloop
  endfacet
  facet normal 0 0 1
    outer loop
      vertex 100.5 77.5 5
      vertex 87.5143 80.1711 5
      vertex 87.518 80.168 5
    endloop
  endfacet
  facet normal 0 0 1
    outer loop
      vertex 100.5 77.5 5
      vertex 86.7641 80.7868 5
      vertex 87.5143 80.1711 5
    endloop
  endfacet
  facet normal 0 0 1
    outer loop
      vertex 100.5 77.5 5
      vertex 85.9082 81.2442 5
      vertex 86.7641 80.7868 5
    endloop
  endfacet
  facet normal 0 0 1
    outer loop
      vertex 100.5 77.5 5
      vertex 85.9039 81.2465 5
      vertex 85.9082 81.2442 5
    endloop
  endfacet
  facet normal 0 0 1
    outer loop
      vertex 105.5 77.3 5
      vertex 85.9039 81.2465 5
      vertex 100.5 77.5 5
    endloop
  endfacet
  facet normal 0 0 1
    outer loop
      vertex 284 81.6252 5
      vertex 84.0048 81.6248 5
      vertex 84.9706 81.5296 5
    endloop
  endfacet
  facet normal 0 0 1
    outer loop
      vertex 284 81.6252 5
      vertex 84 81.6252 5
      vertex 84.0048 81.6248 5
    endloop
  endfacet
  facet normal 0 0 1
    outer loop
      vertex 64.25 82.3 5
      vertex 82.0918 81.2442 5
      vertex 82.0961 81.2465 5
    endloop
  endfacet
  facet normal 0 0 1
    outer loop
      vertex 75.5 77.5 5
      vertex 79.8663 79.4178 5
      vertex 80.482 80.168 5
    endloop
  endfacet
  facet normal 0 0 1
    outer loop
      vertex 75.5 77.5 5
      vertex 79.1218 77.6253 5
      vertex 79.4035 78.5539 5
    endloop
  endfacet
  facet normal 0 0 1
    outer loop
      vertex 75.5 77.5 5
      vertex 79.1199 77.6158 5
      vertex 79.1203 77.6206 5
    endloop
  endfacet
  facet normal 0 0 1
    outer loop
      vertex 79.1199 77.6158 5
      vertex 75.5 77.5 5
      vertex 79.1085 77.5 5
    endloop
  endfacet
  facet normal 0 0 1
    outer loop
      vertex 79.1218 77.6253 5
      vertex 75.5 77.5 5
      vertex 79.1203 77.6206 5
    endloop
  endfacet
  facet normal 0 0 1
    outer loop
      vertex 79.8609 79.4098 5
      vertex 75.5 77.5 5
      vertex 79.4035 78.5539 5
    endloop
  endfacet
  facet normal 0 0 1
    outer loop
      vertex 79.8632 79.4141 5
      vertex 75.5 77.5 5
      vertex 79.8609 79.4098 5
    endloop
  endfacet
  facet normal 0 0 1
    outer loop
      vertex 79.8663 79.4178 5
      vertex 75.5 77.5 5
      vertex 79.8632 79.4141 5
    endloop
  endfacet
  facet normal 0 0 1
    outer loop
      vertex 64.25 82.3 5
      vertex 80.482 80.168 5
      vertex 80.4857 80.1711 5
    endloop
  endfacet
  facet normal 0 0 1
    outer loop
      vertex 64.25 82.3 5
      vertex 80.4857 80.1711 5
      vertex 81.2359 80.7868 5
    endloop
  endfacet
  facet normal 0 0 1
    outer loop
      vertex 284 81.6252 5
      vertex 64.25 82.3 5
      vertex 84 81.6252 5
    endloop
  endfacet
  facet normal 0 0 1
    outer loop
      vertex 64.25 82.3 5
      vertex 83.9952 81.6248 5
      vertex 84 81.6252 5
    endloop
  endfacet
  facet normal 0 0 1
    outer loop
      vertex 64.25 82.3 5
      vertex 83.0294 81.5296 5
      vertex 83.9952 81.6248 5
    endloop
  endfacet
  facet normal 0 0 1
    outer loop
      vertex 64.25 82.3 5
      vertex 82.0961 81.2465 5
      vertex 83.0294 81.5296 5
    endloop
  endfacet
  facet normal 0 0 1
    outer loop
      vertex 82.0918 81.2442 5
      vertex 64.25 82.3 5
      vertex 81.2359 80.7868 5
    endloop
  endfacet
  facet normal 0 0 1
    outer loop
      vertex 80.482 80.168 5
      vertex 64.25 82.3 5
      vertex 75.5 77.5 5
    endloop
  endfacet
  facet normal 0 0 1
    outer loop
      vertex 64.25 77.3 5
      vertex 75.5 77.5 5
      vertex 64.25 82.3 5
    endloop
  endfacet
  facet normal 0 0 1
    outer loop
      vertex 75.5 77.5 5
      vertex 64.25 77.3 5
      vertex 75.5 77.3 5
    endloop
  endfacet
  facet normal 0 0 1
    outer loop
      vertex 288.88 75.6794 5
      vertex 367 82.3 5
      vertex 288.88 75.6842 5
    endloop
  endfacet
  facet normal 0 0 1
    outer loop
      vertex 288.597 74.7461 5
      vertex 367 82.3 5
      vertex 288.88 75.6794 5
    endloop
  endfacet
  facet normal 0 0 1
    outer loop
      vertex 288.139 73.8902 5
      vertex 367 82.3 5
      vertex 288.597 74.7461 5
    endloop
  endfacet
  facet normal 0 0 1
    outer loop
      vertex 288.137 73.8859 5
      vertex 367 82.3 5
      vertex 288.139 73.8902 5
    endloop
  endfacet
  facet normal -0 0 1
    outer loop
      vertex 288.134 73.8821 5
      vertex 368 5 5
      vertex 288.137 73.8859 5
    endloop
  endfacet
  facet normal 0 0 1
    outer loop
      vertex 368 5 5
      vertex 288.134 73.8821 5
      vertex 363 0 5
    endloop
  endfacet
  facet normal -0 0 1
    outer loop
      vertex 287.518 73.132 5
      vertex 363 0 5
      vertex 288.134 73.8821 5
    endloop
  endfacet
  facet normal -0 0 1
    outer loop
      vertex 286.764 72.5132 5
      vertex 363 0 5
      vertex 287.518 73.132 5
    endloop
  endfacet
  facet normal -0 0 1
    outer loop
      vertex 285.908 72.0558 5
      vertex 363 0 5
      vertex 286.764 72.5132 5
    endloop
  endfacet
  facet normal -0 0 1
    outer loop
      vertex 285.904 72.0535 5
      vertex 363 0 5
      vertex 285.908 72.0558 5
    endloop
  endfacet
  facet normal -0 0 1
    outer loop
      vertex 284.971 71.7703 5
      vertex 363 0 5
      vertex 285.904 72.0535 5
    endloop
  endfacet
  facet normal -0 0 1
    outer loop
      vertex 284.966 71.7699 5
      vertex 363 0 5
      vertex 284.971 71.7703 5
    endloop
  endfacet
  facet normal -0 0 1
    outer loop
      vertex 284 71.6748 5
      vertex 363 0 5
      vertex 284.966 71.7699 5
    endloop
  endfacet
  facet normal 0 0 1
    outer loop
      vertex 283.029 71.7703 5
      vertex 363 0 5
      vertex 284 71.6748 5
    endloop
  endfacet
  facet normal 0 0 1
    outer loop
      vertex 282.096 72.0535 5
      vertex 363 0 5
      vertex 283.029 71.7703 5
    endloop
  endfacet
  facet normal 0 0 1
    outer loop
      vertex 105.5 3 5
      vertex 282.096 72.0535 5
      vertex 282.092 72.0558 5
    endloop
  endfacet
  facet normal 0 0 1
    outer loop
      vertex 105.5 3 5
      vertex 282.092 72.0558 5
      vertex 281.236 72.5132 5
    endloop
  endfacet
  facet normal 0 0 1
    outer loop
      vertex 105.5 3 5
      vertex 281.236 72.5132 5
      vertex 280.482 73.132 5
    endloop
  endfacet
  facet normal 0 0 -1
    outer loop
      vertex 279.863 73.8859 5
      vertex 280.482 73.132 5
      vertex 279.866 73.8821 5
    endloop
  endfacet
  facet normal 0 0 -1
    outer loop
      vertex 279.025 76.65 5
      vertex 279.12 75.6794 5
      vertex 279.025 76.6452 5
    endloop
  endfacet
  facet normal 0 0 1
    outer loop
      vertex 105.5 77.3 5
      vertex 279.12 75.6794 5
      vertex 279.025 76.65 5
    endloop
  endfacet
  facet normal 0 0 1
    outer loop
      vertex 105.5 77.3 5
      vertex 279.403 74.7461 5
      vertex 279.12 75.6794 5
    endloop
  endfacet
  facet normal 0 0 1
    outer loop
      vertex 105.5 3 5
      vertex 279.403 74.7461 5
      vertex 105.5 77.3 5
    endloop
  endfacet
  facet normal 0 0 1
    outer loop
      vertex 279.403 74.7461 5
      vertex 105.5 3 5
      vertex 279.861 73.8902 5
    endloop
  endfacet
  facet normal 0 0 1
    outer loop
      vertex 279.861 73.8902 5
      vertex 105.5 3 5
      vertex 279.863 73.8859 5
    endloop
  endfacet
  facet normal 0 0 1
    outer loop
      vertex 279.863 73.8859 5
      vertex 105.5 3 5
      vertex 280.482 73.132 5
    endloop
  endfacet
  facet normal 0 0 1
    outer loop
      vertex 282.096 72.0535 5
      vertex 105.5 3 5
      vertex 363 0 5
    endloop
  endfacet
  facet normal 0 0 1
    outer loop
      vertex 105.5 3 5
      vertex 5 0 5
      vertex 363 0 5
    endloop
  endfacet
  facet normal -0 0 1
    outer loop
      vertex 3 3 5
      vertex 5 0 5
      vertex 105.5 3 5
    endloop
  endfacet
  facet normal 0 0 1
    outer loop
      vertex 5 0 5
      vertex 3 3 5
      vertex 4.02455 0.0960732 5
    endloop
  endfacet
  facet normal 0 0 1
    outer loop
      vertex 4.02455 0.0960732 5
      vertex 3 3 5
      vertex 3.08658 0.380602 5
    endloop
  endfacet
  facet normal 0 0 1
    outer loop
      vertex 3 3 5
      vertex 2.22215 0.842651 5
      vertex 3.08658 0.380602 5
    endloop
  endfacet
  facet normal 0 0 1
    outer loop
      vertex 3 82.3 5
      vertex 0 5 5
      vertex 3 77.3 5
    endloop
  endfacet
  facet normal 0 0 1
    outer loop
      vertex 0 298.3 5
      vertex 2.22215 302.457 5
      vertex 1.46447 301.836 5
    endloop
  endfacet
  facet normal 0 0 1
    outer loop
      vertex 3 77.3 5
      vertex 0 5 5
      vertex 3 3 5
    endloop
  endfacet
  facet normal 0 0 1
    outer loop
      vertex 0 298.3 5
      vertex 1.46447 301.836 5
      vertex 0.842651 301.078 5
    endloop
  endfacet
  facet normal -0 -0 1
    outer loop
      vertex 0.0960732 4.02455 5
      vertex 3 3 5
      vertex 0 5 5
    endloop
  endfacet
  facet normal 0 0 1
    outer loop
      vertex 0 298.3 5
      vertex 0.842651 301.078 5
      vertex 0.380602 300.213 5
    endloop
  endfacet
  facet normal 0 0 1
    outer loop
      vertex 3 3 5
      vertex 1.46447 1.46447 5
      vertex 2.22215 0.842651 5
    endloop
  endfacet
  facet normal 0 0 1
    outer loop
      vertex 0 298.3 5
      vertex 0.380602 300.213 5
      vertex 0.0960732 299.275 5
    endloop
  endfacet
  facet normal 0 0 1
    outer loop
      vertex 3 3 5
      vertex 0.842651 2.22215 5
      vertex 1.46447 1.46447 5
    endloop
  endfacet
  facet normal 0 0 1
    outer loop
      vertex 3 3 5
      vertex 0.380602 3.08658 5
      vertex 0.842651 2.22215 5
    endloop
  endfacet
  facet normal 0 0 1
    outer loop
      vertex 3 3 5
      vertex 0.0960732 4.02455 5
      vertex 0.380602 3.08658 5
    endloop
  endfacet
  facet normal 0 0 1
    outer loop
      vertex 105.5 77.3 5
      vertex 100.5 77.5 5
      vertex 100.5 77.3 5
    endloop
  endfacet
  facet normal 0 0 1
    outer loop
      vertex 364 303.196 5
      vertex 288.88 227.616 5
      vertex 288.975 226.65 5
    endloop
  endfacet
  facet normal 0 0 1
    outer loop
      vertex 364 303.196 5
      vertex 288.88 227.621 5
      vertex 288.88 227.616 5
    endloop
  endfacet
  facet normal 0 0 1
    outer loop
      vertex 363 303.3 5
      vertex 288.878 227.625 5
      vertex 288.88 227.621 5
    endloop
  endfacet
  facet normal 0 0 1
    outer loop
      vertex 363 303.3 5
      vertex 288.597 228.554 5
      vertex 288.878 227.625 5
    endloop
  endfacet
  facet normal 0 0 1
    outer loop
      vertex 363 303.3 5
      vertex 288.139 229.41 5
      vertex 288.597 228.554 5
    endloop
  endfacet
  facet normal 0 0 1
    outer loop
      vertex 363 303.3 5
      vertex 288.137 229.414 5
      vertex 288.139 229.41 5
    endloop
  endfacet
  facet normal 0 0 1
    outer loop
      vertex 363 303.3 5
      vertex 288.134 229.418 5
      vertex 288.137 229.414 5
    endloop
  endfacet
  facet normal 0 0 1
    outer loop
      vertex 363 303.3 5
      vertex 287.518 230.168 5
      vertex 288.134 229.418 5
    endloop
  endfacet
  facet normal 0 0 1
    outer loop
      vertex 363 303.3 5
      vertex 287.514 230.171 5
      vertex 287.518 230.168 5
    endloop
  endfacet
  facet normal 0 0 1
    outer loop
      vertex 363 303.3 5
      vertex 286.764 230.787 5
      vertex 287.514 230.171 5
    endloop
  endfacet
  facet normal 0 0 1
    outer loop
      vertex 363 303.3 5
      vertex 285.908 231.244 5
      vertex 286.764 230.787 5
    endloop
  endfacet
  facet normal 0 0 1
    outer loop
      vertex 363 303.3 5
      vertex 285.904 231.247 5
      vertex 285.908 231.244 5
    endloop
  endfacet
  facet normal 0 0 1
    outer loop
      vertex 363 303.3 5
      vertex 284.971 231.53 5
      vertex 285.904 231.247 5
    endloop
  endfacet
  facet normal 0 0 1
    outer loop
      vertex 363 303.3 5
      vertex 284.005 231.625 5
      vertex 284.971 231.53 5
    endloop
  endfacet
  facet normal 0 0 1
    outer loop
      vertex 363 303.3 5
      vertex 284 231.625 5
      vertex 284.005 231.625 5
    endloop
  endfacet
  facet normal 0 0 1
    outer loop
      vertex 363 303.3 5
      vertex 283.995 231.625 5
      vertex 284 231.625 5
    endloop
  endfacet
  facet normal 0 0 1
    outer loop
      vertex 363 303.3 5
      vertex 283.029 231.53 5
      vertex 283.995 231.625 5
    endloop
  endfacet
  facet normal 0 0 1
    outer loop
      vertex 363 303.3 5
      vertex 282.096 231.247 5
      vertex 283.029 231.53 5
    endloop
  endfacet
  facet normal 0 0 1
    outer loop
      vertex 85.9039 231.247 5
      vertex 282.096 231.247 5
      vertex 363 303.3 5
    endloop
  endfacet
  facet normal 0 0 1
    outer loop
      vertex 282.096 231.247 5
      vertex 85.9039 231.247 5
      vertex 282.092 231.244 5
    endloop
  endfacet
  facet normal 0 0 1
    outer loop
      vertex 282.092 231.244 5
      vertex 85.9039 231.247 5
      vertex 281.236 230.787 5
    endloop
  endfacet
  facet normal -0 -0 1
    outer loop
      vertex 85.9082 231.244 5
      vertex 281.236 230.787 5
      vertex 85.9039 231.247 5
    endloop
  endfacet
  facet normal 0 0 -1
    outer loop
      vertex 280.482 230.168 5
      vertex 279.863 229.414 5
      vertex 279.866 229.418 5
    endloop
  endfacet
  facet normal 0 0 1
    outer loop
      vertex 279.12 227.616 5
      vertex 88.9753 226.65 5
      vertex 279.025 226.65 5
    endloop
  endfacet
  facet normal 0 0 1
    outer loop
      vertex 279.12 227.621 5
      vertex 88.9753 226.65 5
      vertex 279.12 227.616 5
    endloop
  endfacet
  facet normal 0 0 1
    outer loop
      vertex 88.8796 227.621 5
      vertex 279.12 227.621 5
      vertex 279.122 227.625 5
    endloop
  endfacet
  facet normal 0 0 1
    outer loop
      vertex 88.8796 227.621 5
      vertex 279.122 227.625 5
      vertex 279.403 228.554 5
    endloop
  endfacet
  facet normal 0 0 1
    outer loop
      vertex 88.5965 228.554 5
      vertex 279.403 228.554 5
      vertex 279.861 229.41 5
    endloop
  endfacet
  facet normal 0 0 1
    outer loop
      vertex 88.5965 228.554 5
      vertex 279.861 229.41 5
      vertex 279.863 229.414 5
    endloop
  endfacet
  facet normal 0 0 1
    outer loop
      vertex 88.1368 229.414 5
      vertex 279.863 229.414 5
      vertex 280.482 230.168 5
    endloop
  endfacet
  facet normal 0 -0 1
    outer loop
      vertex 86.7641 230.787 5
      vertex 281.236 230.787 5
      vertex 85.9082 231.244 5
    endloop
  endfacet
  facet normal 0 0 1
    outer loop
      vertex 279.12 227.621 5
      vertex 88.8801 227.616 5
      vertex 88.9753 226.65 5
    endloop
  endfacet
  facet normal 0 0 1
    outer loop
      vertex 279.12 227.621 5
      vertex 88.8796 227.621 5
      vertex 88.8801 227.616 5
    endloop
  endfacet
  facet normal 0 0 1
    outer loop
      vertex 279.403 228.554 5
      vertex 88.8782 227.625 5
      vertex 88.8796 227.621 5
    endloop
  endfacet
  facet normal 0 0 1
    outer loop
      vertex 279.403 228.554 5
      vertex 88.5965 228.554 5
      vertex 88.8782 227.625 5
    endloop
  endfacet
  facet normal 0 0 1
    outer loop
      vertex 279.863 229.414 5
      vertex 88.1391 229.41 5
      vertex 88.5965 228.554 5
    endloop
  endfacet
  facet normal 0 0 1
    outer loop
      vertex 279.863 229.414 5
      vertex 88.1368 229.414 5
      vertex 88.1391 229.41 5
    endloop
  endfacet
  facet normal 0 0 1
    outer loop
      vertex 280.482 230.168 5
      vertex 88.1337 229.418 5
      vertex 88.1368 229.414 5
    endloop
  endfacet
  facet normal 0 0 1
    outer loop
      vertex 280.482 230.168 5
      vertex 87.518 230.168 5
      vertex 88.1337 229.418 5
    endloop
  endfacet
  facet normal 0 0 1
    outer loop
      vertex 280.482 230.168 5
      vertex 87.5143 230.171 5
      vertex 87.518 230.168 5
    endloop
  endfacet
  facet normal 0 0 1
    outer loop
      vertex 280.482 230.168 5
      vertex 86.7641 230.787 5
      vertex 87.5143 230.171 5
    endloop
  endfacet
  facet normal 0 0 1
    outer loop
      vertex 280.486 230.171 5
      vertex 86.7641 230.787 5
      vertex 280.482 230.168 5
    endloop
  endfacet
  facet normal 0 0 1
    outer loop
      vertex 281.236 230.787 5
      vertex 86.7641 230.787 5
      vertex 280.486 230.171 5
    endloop
  endfacet
  facet normal -0 0 1
    outer loop
      vertex 6 303.3 5
      vertex 85.9039 231.247 5
      vertex 363 303.3 5
    endloop
  endfacet
  facet normal 0 0 1
    outer loop
      vertex 85.9039 231.247 5
      vertex 6 303.3 5
      vertex 84.9706 231.53 5
    endloop
  endfacet
  facet normal 0 0 1
    outer loop
      vertex 84.9706 231.53 5
      vertex 6 303.3 5
      vertex 84.0048 231.625 5
    endloop
  endfacet
  facet normal 0 0 1
    outer loop
      vertex 84.0048 231.625 5
      vertex 6 303.3 5
      vertex 84 231.625 5
    endloop
  endfacet
  facet normal 0 0 1
    outer loop
      vertex 84 231.625 5
      vertex 6 303.3 5
      vertex 83.9952 231.625 5
    endloop
  endfacet
  facet normal 0 0 1
    outer loop
      vertex 79.4035 228.554 5
      vertex 79.1203 227.621 5
      vertex 79.1218 227.625 5
    endloop
  endfacet
  facet normal 0 0 1
    outer loop
      vertex 79.1203 227.621 5
      vertex 79.0247 226.65 5
      vertex 79.1199 227.616 5
    endloop
  endfacet
  facet normal 0 0 1
    outer loop
      vertex 79.1203 227.621 5
      vertex 6 303.3 5
      vertex 79.0247 226.65 5
    endloop
  endfacet
  facet normal 0 0 1
    outer loop
      vertex 79.4035 228.554 5
      vertex 6 303.3 5
      vertex 79.1203 227.621 5
    endloop
  endfacet
  facet normal 0 0 1
    outer loop
      vertex 79.8609 229.41 5
      vertex 6 303.3 5
      vertex 79.4035 228.554 5
    endloop
  endfacet
  facet normal 0 0 1
    outer loop
      vertex 79.8632 229.414 5
      vertex 6 303.3 5
      vertex 79.8609 229.41 5
    endloop
  endfacet
  facet normal 0 0 1
    outer loop
      vertex 79.8663 229.418 5
      vertex 6 303.3 5
      vertex 79.8632 229.414 5
    endloop
  endfacet
  facet normal 0 0 1
    outer loop
      vertex 80.482 230.168 5
      vertex 6 303.3 5
      vertex 79.8663 229.418 5
    endloop
  endfacet
  facet normal 0 0 1
    outer loop
      vertex 80.4857 230.171 5
      vertex 6 303.3 5
      vertex 80.482 230.168 5
    endloop
  endfacet
  facet normal 0 0 1
    outer loop
      vertex 81.2359 230.787 5
      vertex 6 303.3 5
      vertex 80.4857 230.171 5
    endloop
  endfacet
  facet normal 0 0 1
    outer loop
      vertex 82.0918 231.244 5
      vertex 6 303.3 5
      vertex 81.2359 230.787 5
    endloop
  endfacet
  facet normal 0 0 1
    outer loop
      vertex 82.0961 231.247 5
      vertex 6 303.3 5
      vertex 82.0918 231.244 5
    endloop
  endfacet
  facet normal 0 0 1
    outer loop
      vertex 83.0294 231.53 5
      vertex 6 303.3 5
      vertex 82.0961 231.247 5
    endloop
  endfacet
  facet normal 0 0 1
    outer loop
      vertex 83.9952 231.625 5
      vertex 6 303.3 5
      vertex 83.0294 231.53 5
    endloop
  endfacet
  facet normal 0 0 1
    outer loop
      vertex 363 303.3 5
      vertex 364 303.196 5
      vertex 363.975 303.204 5
    endloop
  endfacet
  facet normal 0 0 1
    outer loop
      vertex 288.88 227.621 5
      vertex 364 303.196 5
      vertex 363 303.3 5
    endloop
  endfacet
  facet normal 0 0 1
    outer loop
      vertex 364 303.196 5
      vertex 288.975 226.65 5
      vertex 288.88 225.684 5
    endloop
  endfacet
  facet normal 0 0 1
    outer loop
      vertex 364 303.196 5
      vertex 288.88 225.684 5
      vertex 288.88 225.679 5
    endloop
  endfacet
  facet normal 0 0 1
    outer loop
      vertex 364 303.196 5
      vertex 288.88 225.679 5
      vertex 364 85.3 5
    endloop
  endfacet
  facet normal -0 0 1
    outer loop
      vertex 288.597 224.746 5
      vertex 364 85.3 5
      vertex 288.88 225.679 5
    endloop
  endfacet
  facet normal -0 0 1
    outer loop
      vertex 288.139 223.89 5
      vertex 364 85.3 5
      vertex 288.597 224.746 5
    endloop
  endfacet
  facet normal -0 0 1
    outer loop
      vertex 288.137 223.886 5
      vertex 364 85.3 5
      vertex 288.139 223.89 5
    endloop
  endfacet
  facet normal -0 0 1
    outer loop
      vertex 288.134 223.882 5
      vertex 364 85.3 5
      vertex 288.137 223.886 5
    endloop
  endfacet
  facet normal -0 0 1
    outer loop
      vertex 287.518 223.132 5
      vertex 364 85.3 5
      vertex 288.134 223.882 5
    endloop
  endfacet
  facet normal -0 0 1
    outer loop
      vertex 286.764 222.513 5
      vertex 364 85.3 5
      vertex 287.518 223.132 5
    endloop
  endfacet
  facet normal -0 0 1
    outer loop
      vertex 285.908 222.056 5
      vertex 364 85.3 5
      vertex 286.764 222.513 5
    endloop
  endfacet
  facet normal -0 0 1
    outer loop
      vertex 285.904 222.053 5
      vertex 364 85.3 5
      vertex 285.908 222.056 5
    endloop
  endfacet
  facet normal -0 0 1
    outer loop
      vertex 284.971 221.77 5
      vertex 364 85.3 5
      vertex 285.904 222.053 5
    endloop
  endfacet
  facet normal -0 0 1
    outer loop
      vertex 284.966 221.77 5
      vertex 364 85.3 5
      vertex 284.971 221.77 5
    endloop
  endfacet
  facet normal -0 0 1
    outer loop
      vertex 284 221.675 5
      vertex 364 85.3 5
      vertex 284.966 221.77 5
    endloop
  endfacet
  facet normal 0 0 1
    outer loop
      vertex 283.029 221.77 5
      vertex 364 85.3 5
      vertex 284 221.675 5
    endloop
  endfacet
  facet normal 0 0 1
    outer loop
      vertex 282.096 222.053 5
      vertex 364 85.3 5
      vertex 283.029 221.77 5
    endloop
  endfacet
  facet normal 0 0 1
    outer loop
      vertex 282.092 222.056 5
      vertex 364 85.3 5
      vertex 282.096 222.053 5
    endloop
  endfacet
  facet normal 0 0 1
    outer loop
      vertex 281.236 222.513 5
      vertex 364 85.3 5
      vertex 282.092 222.056 5
    endloop
  endfacet
  facet normal 0 0 1
    outer loop
      vertex 86.7641 222.513 5
      vertex 281.236 222.513 5
      vertex 280.482 223.132 5
    endloop
  endfacet
  facet normal 0 0 1
    outer loop
      vertex 87.518 223.132 5
      vertex 280.482 223.132 5
      vertex 279.866 223.882 5
    endloop
  endfacet
  facet normal 0 0 1
    outer loop
      vertex 87.518 223.132 5
      vertex 279.866 223.882 5
      vertex 279.863 223.886 5
    endloop
  endfacet
  facet normal 0 0 1
    outer loop
      vertex 279.403 224.746 5
      vertex 279.863 223.886 5
      vertex 279.861 223.89 5
    endloop
  endfacet
  facet normal 0 0 -1
    outer loop
      vertex 279.025 226.65 5
      vertex 279.12 225.679 5
      vertex 279.025 226.645 5
    endloop
  endfacet
  facet normal -0 0 1
    outer loop
      vertex 88.9753 226.65 5
      vertex 279.12 225.679 5
      vertex 279.025 226.65 5
    endloop
  endfacet
  facet normal -0 0 1
    outer loop
      vertex 88.8801 225.684 5
      vertex 279.12 225.679 5
      vertex 88.9753 226.65 5
    endloop
  endfacet
  facet normal 0 0 1
    outer loop
      vertex 88.8796 225.679 5
      vertex 279.12 225.679 5
      vertex 88.8801 225.684 5
    endloop
  endfacet
  facet normal 0 0 1
    outer loop
      vertex 279.12 225.679 5
      vertex 88.8796 225.679 5
      vertex 279.403 224.746 5
    endloop
  endfacet
  facet normal 0 0 1
    outer loop
      vertex 88.5965 224.746 5
      vertex 279.403 224.746 5
      vertex 88.8796 225.679 5
    endloop
  endfacet
  facet normal 0 0 1
    outer loop
      vertex 279.403 224.746 5
      vertex 88.5965 224.746 5
      vertex 279.863 223.886 5
    endloop
  endfacet
  facet normal -0 0 1
    outer loop
      vertex 88.1391 223.89 5
      vertex 279.863 223.886 5
      vertex 88.5965 224.746 5
    endloop
  endfacet
  facet normal 0 0 1
    outer loop
      vertex 88.1368 223.886 5
      vertex 279.863 223.886 5
      vertex 88.1391 223.89 5
    endloop
  endfacet
  facet normal 0 0 1
    outer loop
      vertex 88.1337 223.882 5
      vertex 279.863 223.886 5
      vertex 88.1368 223.886 5
    endloop
  endfacet
  facet normal 0 0 1
    outer loop
      vertex 87.518 223.132 5
      vertex 279.863 223.886 5
      vertex 88.1337 223.882 5
    endloop
  endfacet
  facet normal 0 0 1
    outer loop
      vertex 280.482 223.132 5
      vertex 87.518 223.132 5
      vertex 86.7641 222.513 5
    endloop
  endfacet
  facet normal 0 0 1
    outer loop
      vertex 6 85.3 5
      vertex 281.236 222.513 5
      vertex 86.7641 222.513 5
    endloop
  endfacet
  facet normal 0 0 1
    outer loop
      vertex 6 85.3 5
      vertex 86.7641 222.513 5
      vertex 85.9082 222.056 5
    endloop
  endfacet
  facet normal 0 0 1
    outer loop
      vertex 6 85.3 5
      vertex 85.9082 222.056 5
      vertex 85.9039 222.053 5
    endloop
  endfacet
  facet normal 0 0 1
    outer loop
      vertex 6 85.3 5
      vertex 85.9039 222.053 5
      vertex 84.9706 221.77 5
    endloop
  endfacet
  facet normal 0 0 1
    outer loop
      vertex 6 85.3 5
      vertex 84.9706 221.77 5
      vertex 84.9658 221.77 5
    endloop
  endfacet
  facet normal 0 0 1
    outer loop
      vertex 6 85.3 5
      vertex 84.9658 221.77 5
      vertex 84 221.675 5
    endloop
  endfacet
  facet normal 0 0 1
    outer loop
      vertex 6 85.3 5
      vertex 84 221.675 5
      vertex 83.0294 221.77 5
    endloop
  endfacet
  facet normal 0 0 1
    outer loop
      vertex 6 85.3 5
      vertex 83.0294 221.77 5
      vertex 82.0961 222.053 5
    endloop
  endfacet
  facet normal 0 0 1
    outer loop
      vertex 81.2359 222.513 5
      vertex 82.0961 222.053 5
      vertex 82.0918 222.056 5
    endloop
  endfacet
  facet normal 0 0 -1
    outer loop
      vertex 79.8632 223.886 5
      vertex 80.482 223.132 5
      vertex 79.8663 223.882 5
    endloop
  endfacet
  facet normal 0 0 -1
    outer loop
      vertex 79.4035 224.746 5
      vertex 79.8632 223.886 5
      vertex 79.8609 223.89 5
    endloop
  endfacet
  facet normal 0 0 1
    outer loop
      vertex 79.0247 226.65 5
      vertex 79.1203 225.679 5
      vertex 79.0252 226.645 5
    endloop
  endfacet
  facet normal 0 0 1
    outer loop
      vertex 6 303.3 5
      vertex 79.1203 225.679 5
      vertex 79.0247 226.65 5
    endloop
  endfacet
  facet normal 0 0 1
    outer loop
      vertex 6 85.3 5
      vertex 79.1203 225.679 5
      vertex 6 303.3 5
    endloop
  endfacet
  facet normal 0 0 1
    outer loop
      vertex 79.1203 225.679 5
      vertex 6 85.3 5
      vertex 79.4035 224.746 5
    endloop
  endfacet
  facet normal 0 0 1
    outer loop
      vertex 79.4035 224.746 5
      vertex 6 85.3 5
      vertex 79.8632 223.886 5
    endloop
  endfacet
  facet normal 0 0 1
    outer loop
      vertex 281.236 222.513 5
      vertex 6 85.3 5
      vertex 364 85.3 5
    endloop
  endfacet
  facet normal 0 0 1
    outer loop
      vertex 81.2359 222.513 5
      vertex 6 85.3 5
      vertex 82.0961 222.053 5
    endloop
  endfacet
  facet normal 0 0 1
    outer loop
      vertex 80.482 223.132 5
      vertex 6 85.3 5
      vertex 81.2359 222.513 5
    endloop
  endfacet
  facet normal 0 0 1
    outer loop
      vertex 79.8632 223.886 5
      vertex 6 85.3 5
      vertex 80.482 223.132 5
    endloop
  endfacet
  facet normal 0 0 1
    outer loop
      vertex 31.2322 31.2322 5
      vertex 19.7678 31.2322 5
      vertex 31.2322 19.7678 5
    endloop
  endfacet
  facet normal 0 0 1
    outer loop
      vertex 31.2322 19.7678 5
      vertex 20.3097 18.9567 5
      vertex 20.5 18 5
    endloop
  endfacet
  facet normal 0 0 1
    outer loop
      vertex 19.7678 19.7678 5
      vertex 31.2322 19.7678 5
      vertex 19.7678 31.2322 5
    endloop
  endfacet
  facet normal 0 0 1
    outer loop
      vertex 31.2322 19.7678 5
      vertex 19.7678 19.7678 5
      vertex 20.3097 18.9567 5
    endloop
  endfacet
  facet normal -0 0 1
    outer loop
      vertex 18.9567 30.6903 5
      vertex 19.7678 19.7678 5
      vertex 19.7678 31.2322 5
    endloop
  endfacet
  facet normal 0 0 1
    outer loop
      vertex 18.9567 30.6903 5
      vertex 18.9567 20.3097 5
      vertex 19.7678 19.7678 5
    endloop
  endfacet
  facet normal -0 0 1
    outer loop
      vertex 18 30.5 5
      vertex 18.9567 20.3097 5
      vertex 18.9567 30.6903 5
    endloop
  endfacet
  facet normal 0 0 1
    outer loop
      vertex 18 30.5 5
      vertex 18 20.5 5
      vertex 18.9567 20.3097 5
    endloop
  endfacet
  facet normal 0 0 1
    outer loop
      vertex 17.0433 30.6903 5
      vertex 18 20.5 5
      vertex 18 30.5 5
    endloop
  endfacet
  facet normal 0 0 1
    outer loop
      vertex 17.0433 30.6903 5
      vertex 17.0433 20.3097 5
      vertex 18 20.5 5
    endloop
  endfacet
  facet normal 0 0 1
    outer loop
      vertex 16.2322 31.2322 5
      vertex 17.0433 20.3097 5
      vertex 17.0433 30.6903 5
    endloop
  endfacet
  facet normal 0 0 1
    outer loop
      vertex 16.2322 31.2322 5
      vertex 16.2322 19.7678 5
      vertex 17.0433 20.3097 5
    endloop
  endfacet
  facet normal 0 0 1
    outer loop
      vertex 15.6903 32.0433 5
      vertex 16.2322 19.7678 5
      vertex 16.2322 31.2322 5
    endloop
  endfacet
  facet normal 0 0 1
    outer loop
      vertex 15.6903 32.0433 5
      vertex 15.6903 18.9567 5
      vertex 16.2322 19.7678 5
    endloop
  endfacet
  facet normal 0 0 1
    outer loop
      vertex 6 6 5
      vertex 15.6903 32.0433 5
      vertex 15.5 33 5
    endloop
  endfacet
  facet normal 0 0 1
    outer loop
      vertex 15.6903 32.0433 5
      vertex 6 6 5
      vertex 15.6903 18.9567 5
    endloop
  endfacet
  facet normal 0 0 1
    outer loop
      vertex 31.2322 46.2322 5
      vertex 19.7678 46.2322 5
      vertex 31.2322 34.7678 5
    endloop
  endfacet
  facet normal 0 0 1
    outer loop
      vertex 31.2322 34.7678 5
      vertex 20.3097 33.9567 5
      vertex 20.5 33 5
    endloop
  endfacet
  facet normal 0 0 1
    outer loop
      vertex 19.7678 34.7678 5
      vertex 31.2322 34.7678 5
      vertex 19.7678 46.2322 5
    endloop
  endfacet
  facet normal 0 0 1
    outer loop
      vertex 31.2322 34.7678 5
      vertex 19.7678 34.7678 5
      vertex 20.3097 33.9567 5
    endloop
  endfacet
  facet normal -0 0 1
    outer loop
      vertex 18.9567 45.6903 5
      vertex 19.7678 34.7678 5
      vertex 19.7678 46.2322 5
    endloop
  endfacet
  facet normal 0 0 1
    outer loop
      vertex 18.9567 45.6903 5
      vertex 18.9567 35.3097 5
      vertex 19.7678 34.7678 5
    endloop
  endfacet
  facet normal -0 0 1
    outer loop
      vertex 18 45.5 5
      vertex 18.9567 35.3097 5
      vertex 18.9567 45.6903 5
    endloop
  endfacet
  facet normal 0 0 1
    outer loop
      vertex 18 45.5 5
      vertex 18 35.5 5
      vertex 18.9567 35.3097 5
    endloop
  endfacet
  facet normal 0 0 1
    outer loop
      vertex 17.0433 45.6903 5
      vertex 18 35.5 5
      vertex 18 45.5 5
    endloop
  endfacet
  facet normal 0 0 1
    outer loop
      vertex 17.0433 45.6903 5
      vertex 17.0433 35.3097 5
      vertex 18 35.5 5
    endloop
  endfacet
  facet normal 0 0 1
    outer loop
      vertex 16.2322 46.2322 5
      vertex 17.0433 35.3097 5
      vertex 17.0433 45.6903 5
    endloop
  endfacet
  facet normal 0 0 1
    outer loop
      vertex 16.2322 46.2322 5
      vertex 16.2322 34.7678 5
      vertex 17.0433 35.3097 5
    endloop
  endfacet
  facet normal 0 0 1
    outer loop
      vertex 15.6903 47.0433 5
      vertex 16.2322 34.7678 5
      vertex 16.2322 46.2322 5
    endloop
  endfacet
  facet normal 0 0 1
    outer loop
      vertex 15.6903 47.0433 5
      vertex 15.6903 33.9567 5
      vertex 16.2322 34.7678 5
    endloop
  endfacet
  facet normal 0 0 1
    outer loop
      vertex 15.5 48 5
      vertex 15.6903 33.9567 5
      vertex 15.6903 47.0433 5
    endloop
  endfacet
  facet normal 0 0 1
    outer loop
      vertex 15.6903 33.9567 5
      vertex 15.5 48 5
      vertex 15.5 33 5
    endloop
  endfacet
  facet normal 0 0 1
    outer loop
      vertex 46.2322 31.2322 5
      vertex 34.7678 31.2322 5
      vertex 46.2322 19.7678 5
    endloop
  endfacet
  facet normal 0 0 1
    outer loop
      vertex 46.2322 19.7678 5
      vertex 35.3097 18.9567 5
      vertex 35.5 18 5
    endloop
  endfacet
  facet normal 0 0 1
    outer loop
      vertex 34.7678 19.7678 5
      vertex 46.2322 19.7678 5
      vertex 34.7678 31.2322 5
    endloop
  endfacet
  facet normal 0 0 1
    outer loop
      vertex 46.2322 19.7678 5
      vertex 34.7678 19.7678 5
      vertex 35.3097 18.9567 5
    endloop
  endfacet
  facet normal -0 0 1
    outer loop
      vertex 33.9567 30.6903 5
      vertex 34.7678 19.7678 5
      vertex 34.7678 31.2322 5
    endloop
  endfacet
  facet normal 0 0 1
    outer loop
      vertex 33.9567 30.6903 5
      vertex 33.9567 20.3097 5
      vertex 34.7678 19.7678 5
    endloop
  endfacet
  facet normal -0 0 1
    outer loop
      vertex 33 30.5 5
      vertex 33.9567 20.3097 5
      vertex 33.9567 30.6903 5
    endloop
  endfacet
  facet normal 0 0 1
    outer loop
      vertex 33 30.5 5
      vertex 33 20.5 5
      vertex 33.9567 20.3097 5
    endloop
  endfacet
  facet normal 0 0 1
    outer loop
      vertex 32.0433 30.6903 5
      vertex 33 20.5 5
      vertex 33 30.5 5
    endloop
  endfacet
  facet normal 0 0 1
    outer loop
      vertex 32.0433 30.6903 5
      vertex 32.0433 20.3097 5
      vertex 33 20.5 5
    endloop
  endfacet
  facet normal 0 0 1
    outer loop
      vertex 31.2322 31.2322 5
      vertex 32.0433 20.3097 5
      vertex 32.0433 30.6903 5
    endloop
  endfacet
  facet normal 0 0 1
    outer loop
      vertex 31.2322 31.2322 5
      vertex 31.2322 19.7678 5
      vertex 32.0433 20.3097 5
    endloop
  endfacet
  facet normal 0 0 1
    outer loop
      vertex 20.3097 32.0433 5
      vertex 30.6903 32.0433 5
      vertex 20.5 33 5
    endloop
  endfacet
  facet normal 0 0 1
    outer loop
      vertex 30.6903 32.0433 5
      vertex 20.3097 32.0433 5
      vertex 31.2322 31.2322 5
    endloop
  endfacet
  facet normal -0 0 1
    outer loop
      vertex 20.5 33 5
      vertex 30.6903 32.0433 5
      vertex 30.5 33 5
    endloop
  endfacet
  facet normal 0 0 1
    outer loop
      vertex 19.7678 31.2322 5
      vertex 31.2322 31.2322 5
      vertex 20.3097 32.0433 5
    endloop
  endfacet
  facet normal 0 0 1
    outer loop
      vertex 46.2322 46.2322 5
      vertex 34.7678 46.2322 5
      vertex 46.2322 34.7678 5
    endloop
  endfacet
  facet normal 0 0 1
    outer loop
      vertex 46.2322 34.7678 5
      vertex 35.3097 33.9567 5
      vertex 35.5 33 5
    endloop
  endfacet
  facet normal 0 0 1
    outer loop
      vertex 34.7678 34.7678 5
      vertex 46.2322 34.7678 5
      vertex 34.7678 46.2322 5
    endloop
  endfacet
  facet normal 0 0 1
    outer loop
      vertex 46.2322 34.7678 5
      vertex 34.7678 34.7678 5
      vertex 35.3097 33.9567 5
    endloop
  endfacet
  facet normal -0 0 1
    outer loop
      vertex 33.9567 45.6903 5
      vertex 34.7678 34.7678 5
      vertex 34.7678 46.2322 5
    endloop
  endfacet
  facet normal 0 0 1
    outer loop
      vertex 33.9567 45.6903 5
      vertex 33.9567 35.3097 5
      vertex 34.7678 34.7678 5
    endloop
  endfacet
  facet normal -0 0 1
    outer loop
      vertex 33 45.5 5
      vertex 33.9567 35.3097 5
      vertex 33.9567 45.6903 5
    endloop
  endfacet
  facet normal 0 0 1
    outer loop
      vertex 33 45.5 5
      vertex 33 35.5 5
      vertex 33.9567 35.3097 5
    endloop
  endfacet
  facet normal 0 0 1
    outer loop
      vertex 32.0433 45.6903 5
      vertex 33 35.5 5
      vertex 33 45.5 5
    endloop
  endfacet
  facet normal 0 0 1
    outer loop
      vertex 32.0433 45.6903 5
      vertex 32.0433 35.3097 5
      vertex 33 35.5 5
    endloop
  endfacet
  facet normal 0 0 1
    outer loop
      vertex 31.2322 46.2322 5
      vertex 32.0433 35.3097 5
      vertex 32.0433 45.6903 5
    endloop
  endfacet
  facet normal 0 0 1
    outer loop
      vertex 31.2322 46.2322 5
      vertex 31.2322 34.7678 5
      vertex 32.0433 35.3097 5
    endloop
  endfacet
  facet normal 0 0 1
    outer loop
      vertex 20.3097 47.0433 5
      vertex 30.6903 47.0433 5
      vertex 20.5 48 5
    endloop
  endfacet
  facet normal 0 0 1
    outer loop
      vertex 30.6903 47.0433 5
      vertex 20.3097 47.0433 5
      vertex 31.2322 46.2322 5
    endloop
  endfacet
  facet normal -0 0 1
    outer loop
      vertex 20.5 48 5
      vertex 30.6903 47.0433 5
      vertex 30.5 48 5
    endloop
  endfacet
  facet normal 0 0 1
    outer loop
      vertex 19.7678 46.2322 5
      vertex 31.2322 46.2322 5
      vertex 20.3097 47.0433 5
    endloop
  endfacet
  facet normal 0 0 1
    outer loop
      vertex 61.2322 31.2322 5
      vertex 49.7678 31.2322 5
      vertex 61.2322 19.7678 5
    endloop
  endfacet
  facet normal 0 0 1
    outer loop
      vertex 61.2322 19.7678 5
      vertex 50.3097 18.9567 5
      vertex 50.5 18 5
    endloop
  endfacet
  facet normal 0 0 1
    outer loop
      vertex 49.7678 19.7678 5
      vertex 61.2322 19.7678 5
      vertex 49.7678 31.2322 5
    endloop
  endfacet
  facet normal 0 0 1
    outer loop
      vertex 61.2322 19.7678 5
      vertex 49.7678 19.7678 5
      vertex 50.3097 18.9567 5
    endloop
  endfacet
  facet normal -0 0 1
    outer loop
      vertex 48.9567 30.6903 5
      vertex 49.7678 19.7678 5
      vertex 49.7678 31.2322 5
    endloop
  endfacet
  facet normal 0 0 1
    outer loop
      vertex 48.9567 30.6903 5
      vertex 48.9567 20.3097 5
      vertex 49.7678 19.7678 5
    endloop
  endfacet
  facet normal -0 0 1
    outer loop
      vertex 48 30.5 5
      vertex 48.9567 20.3097 5
      vertex 48.9567 30.6903 5
    endloop
  endfacet
  facet normal 0 0 1
    outer loop
      vertex 48 30.5 5
      vertex 48 20.5 5
      vertex 48.9567 20.3097 5
    endloop
  endfacet
  facet normal 0 0 1
    outer loop
      vertex 47.0433 30.6903 5
      vertex 48 20.5 5
      vertex 48 30.5 5
    endloop
  endfacet
  facet normal 0 0 1
    outer loop
      vertex 47.0433 30.6903 5
      vertex 47.0433 20.3097 5
      vertex 48 20.5 5
    endloop
  endfacet
  facet normal 0 0 1
    outer loop
      vertex 46.2322 31.2322 5
      vertex 47.0433 20.3097 5
      vertex 47.0433 30.6903 5
    endloop
  endfacet
  facet normal 0 0 1
    outer loop
      vertex 46.2322 31.2322 5
      vertex 46.2322 19.7678 5
      vertex 47.0433 20.3097 5
    endloop
  endfacet
  facet normal 0 0 1
    outer loop
      vertex 35.3097 32.0433 5
      vertex 45.6903 32.0433 5
      vertex 35.5 33 5
    endloop
  endfacet
  facet normal 0 0 1
    outer loop
      vertex 45.6903 32.0433 5
      vertex 35.3097 32.0433 5
      vertex 46.2322 31.2322 5
    endloop
  endfacet
  facet normal -0 0 1
    outer loop
      vertex 35.5 33 5
      vertex 45.6903 32.0433 5
      vertex 45.5 33 5
    endloop
  endfacet
  facet normal 0 0 1
    outer loop
      vertex 34.7678 31.2322 5
      vertex 46.2322 31.2322 5
      vertex 35.3097 32.0433 5
    endloop
  endfacet
  facet normal 0 0 1
    outer loop
      vertex 61.2322 46.2322 5
      vertex 49.7678 46.2322 5
      vertex 61.2322 34.7678 5
    endloop
  endfacet
  facet normal 0 0 1
    outer loop
      vertex 61.2322 34.7678 5
      vertex 50.3097 33.9567 5
      vertex 50.5 33 5
    endloop
  endfacet
  facet normal 0 0 1
    outer loop
      vertex 49.7678 34.7678 5
      vertex 61.2322 34.7678 5
      vertex 49.7678 46.2322 5
    endloop
  endfacet
  facet normal 0 0 1
    outer loop
      vertex 61.2322 34.7678 5
      vertex 49.7678 34.7678 5
      vertex 50.3097 33.9567 5
    endloop
  endfacet
  facet normal -0 0 1
    outer loop
      vertex 48.9567 45.6903 5
      vertex 49.7678 34.7678 5
      vertex 49.7678 46.2322 5
    endloop
  endfacet
  facet normal 0 0 1
    outer loop
      vertex 48.9567 45.6903 5
      vertex 48.9567 35.3097 5
      vertex 49.7678 34.7678 5
    endloop
  endfacet
  facet normal -0 0 1
    outer loop
      vertex 48 45.5 5
      vertex 48.9567 35.3097 5
      vertex 48.9567 45.6903 5
    endloop
  endfacet
  facet normal 0 0 1
    outer loop
      vertex 48 45.5 5
      vertex 48 35.5 5
      vertex 48.9567 35.3097 5
    endloop
  endfacet
  facet normal 0 0 1
    outer loop
      vertex 47.0433 45.6903 5
      vertex 48 35.5 5
      vertex 48 45.5 5
    endloop
  endfacet
  facet normal 0 0 1
    outer loop
      vertex 47.0433 45.6903 5
      vertex 47.0433 35.3097 5
      vertex 48 35.5 5
    endloop
  endfacet
  facet normal 0 0 1
    outer loop
      vertex 46.2322 46.2322 5
      vertex 47.0433 35.3097 5
      vertex 47.0433 45.6903 5
    endloop
  endfacet
  facet normal 0 0 1
    outer loop
      vertex 46.2322 46.2322 5
      vertex 46.2322 34.7678 5
      vertex 47.0433 35.3097 5
    endloop
  endfacet
  facet normal 0 0 1
    outer loop
      vertex 35.3097 47.0433 5
      vertex 45.6903 47.0433 5
      vertex 35.5 48 5
    endloop
  endfacet
  facet normal 0 0 1
    outer loop
      vertex 45.6903 47.0433 5
      vertex 35.3097 47.0433 5
      vertex 46.2322 46.2322 5
    endloop
  endfacet
  facet normal -0 0 1
    outer loop
      vertex 35.5 48 5
      vertex 45.6903 47.0433 5
      vertex 45.5 48 5
    endloop
  endfacet
  facet normal 0 0 1
    outer loop
      vertex 34.7678 46.2322 5
      vertex 46.2322 46.2322 5
      vertex 35.3097 47.0433 5
    endloop
  endfacet
  facet normal 0 0 1
    outer loop
      vertex 76.2322 31.2322 5
      vertex 64.7678 31.2322 5
      vertex 76.2322 19.7678 5
    endloop
  endfacet
  facet normal 0 0 1
    outer loop
      vertex 76.2322 19.7678 5
      vertex 65.3097 18.9567 5
      vertex 65.5 18 5
    endloop
  endfacet
  facet normal 0 0 1
    outer loop
      vertex 64.7678 19.7678 5
      vertex 76.2322 19.7678 5
      vertex 64.7678 31.2322 5
    endloop
  endfacet
  facet normal 0 0 1
    outer loop
      vertex 76.2322 19.7678 5
      vertex 64.7678 19.7678 5
      vertex 65.3097 18.9567 5
    endloop
  endfacet
  facet normal -0 0 1
    outer loop
      vertex 63.9567 30.6903 5
      vertex 64.7678 19.7678 5
      vertex 64.7678 31.2322 5
    endloop
  endfacet
  facet normal 0 0 1
    outer loop
      vertex 63.9567 30.6903 5
      vertex 63.9567 20.3097 5
      vertex 64.7678 19.7678 5
    endloop
  endfacet
  facet normal -0 0 1
    outer loop
      vertex 63 30.5 5
      vertex 63.9567 20.3097 5
      vertex 63.9567 30.6903 5
    endloop
  endfacet
  facet normal 0 0 1
    outer loop
      vertex 63 30.5 5
      vertex 63 20.5 5
      vertex 63.9567 20.3097 5
    endloop
  endfacet
  facet normal 0 0 1
    outer loop
      vertex 62.0433 30.6903 5
      vertex 63 20.5 5
      vertex 63 30.5 5
    endloop
  endfacet
  facet normal 0 0 1
    outer loop
      vertex 62.0433 30.6903 5
      vertex 62.0433 20.3097 5
      vertex 63 20.5 5
    endloop
  endfacet
  facet normal 0 0 1
    outer loop
      vertex 61.2322 31.2322 5
      vertex 62.0433 20.3097 5
      vertex 62.0433 30.6903 5
    endloop
  endfacet
  facet normal 0 0 1
    outer loop
      vertex 61.2322 31.2322 5
      vertex 61.2322 19.7678 5
      vertex 62.0433 20.3097 5
    endloop
  endfacet
  facet normal 0 0 1
    outer loop
      vertex 50.3097 32.0433 5
      vertex 60.6903 32.0433 5
      vertex 50.5 33 5
    endloop
  endfacet
  facet normal 0 0 1
    outer loop
      vertex 60.6903 32.0433 5
      vertex 50.3097 32.0433 5
      vertex 61.2322 31.2322 5
    endloop
  endfacet
  facet normal -0 0 1
    outer loop
      vertex 50.5 33 5
      vertex 60.6903 32.0433 5
      vertex 60.5 33 5
    endloop
  endfacet
  facet normal 0 0 1
    outer loop
      vertex 49.7678 31.2322 5
      vertex 61.2322 31.2322 5
      vertex 50.3097 32.0433 5
    endloop
  endfacet
  facet normal 0 0 1
    outer loop
      vertex 76.2322 46.2322 5
      vertex 64.7678 46.2322 5
      vertex 76.2322 34.7678 5
    endloop
  endfacet
  facet normal 0 0 1
    outer loop
      vertex 76.2322 34.7678 5
      vertex 65.3097 33.9567 5
      vertex 65.5 33 5
    endloop
  endfacet
  facet normal 0 0 1
    outer loop
      vertex 64.7678 34.7678 5
      vertex 76.2322 34.7678 5
      vertex 64.7678 46.2322 5
    endloop
  endfacet
  facet normal 0 0 1
    outer loop
      vertex 76.2322 34.7678 5
      vertex 64.7678 34.7678 5
      vertex 65.3097 33.9567 5
    endloop
  endfacet
  facet normal -0 0 1
    outer loop
      vertex 63.9567 45.6903 5
      vertex 64.7678 34.7678 5
      vertex 64.7678 46.2322 5
    endloop
  endfacet
  facet normal 0 0 1
    outer loop
      vertex 63.9567 45.6903 5
      vertex 63.9567 35.3097 5
      vertex 64.7678 34.7678 5
    endloop
  endfacet
  facet normal -0 0 1
    outer loop
      vertex 63 45.5 5
      vertex 63.9567 35.3097 5
      vertex 63.9567 45.6903 5
    endloop
  endfacet
  facet normal 0 0 1
    outer loop
      vertex 63 45.5 5
      vertex 63 35.5 5
      vertex 63.9567 35.3097 5
    endloop
  endfacet
  facet normal 0 0 1
    outer loop
      vertex 62.0433 45.6903 5
      vertex 63 35.5 5
      vertex 63 45.5 5
    endloop
  endfacet
  facet normal 0 0 1
    outer loop
      vertex 62.0433 45.6903 5
      vertex 62.0433 35.3097 5
      vertex 63 35.5 5
    endloop
  endfacet
  facet normal 0 0 1
    outer loop
      vertex 61.2322 46.2322 5
      vertex 62.0433 35.3097 5
      vertex 62.0433 45.6903 5
    endloop
  endfacet
  facet normal 0 0 1
    outer loop
      vertex 61.2322 46.2322 5
      vertex 61.2322 34.7678 5
      vertex 62.0433 35.3097 5
    endloop
  endfacet
  facet normal 0 0 1
    outer loop
      vertex 50.3097 47.0433 5
      vertex 60.6903 47.0433 5
      vertex 50.5 48 5
    endloop
  endfacet
  facet normal 0 0 1
    outer loop
      vertex 60.6903 47.0433 5
      vertex 50.3097 47.0433 5
      vertex 61.2322 46.2322 5
    endloop
  endfacet
  facet normal -0 0 1
    outer loop
      vertex 50.5 48 5
      vertex 60.6903 47.0433 5
      vertex 60.5 48 5
    endloop
  endfacet
  facet normal 0 0 1
    outer loop
      vertex 49.7678 46.2322 5
      vertex 61.2322 46.2322 5
      vertex 50.3097 47.0433 5
    endloop
  endfacet
  facet normal -0 0 1
    outer loop
      vertex 80.3097 18.9567 5
      vertex 102.5 6 5
      vertex 80.3097 32.0433 5
    endloop
  endfacet
  facet normal 0 0 1
    outer loop
      vertex 102.5 6 5
      vertex 80.3097 18.9567 5
      vertex 80.5 18 5
    endloop
  endfacet
  facet normal -0 0 1
    outer loop
      vertex 79.7678 31.2322 5
      vertex 80.3097 18.9567 5
      vertex 80.3097 32.0433 5
    endloop
  endfacet
  facet normal 0 0 1
    outer loop
      vertex 79.7678 31.2322 5
      vertex 79.7678 19.7678 5
      vertex 80.3097 18.9567 5
    endloop
  endfacet
  facet normal -0 0 1
    outer loop
      vertex 78.9567 30.6903 5
      vertex 79.7678 19.7678 5
      vertex 79.7678 31.2322 5
    endloop
  endfacet
  facet normal 0 0 1
    outer loop
      vertex 78.9567 30.6903 5
      vertex 78.9567 20.3097 5
      vertex 79.7678 19.7678 5
    endloop
  endfacet
  facet normal -0 0 1
    outer loop
      vertex 78 30.5 5
      vertex 78.9567 20.3097 5
      vertex 78.9567 30.6903 5
    endloop
  endfacet
  facet normal 0 0 1
    outer loop
      vertex 78 30.5 5
      vertex 78 20.5 5
      vertex 78.9567 20.3097 5
    endloop
  endfacet
  facet normal 0 0 1
    outer loop
      vertex 77.0433 30.6903 5
      vertex 78 20.5 5
      vertex 78 30.5 5
    endloop
  endfacet
  facet normal 0 0 1
    outer loop
      vertex 77.0433 30.6903 5
      vertex 77.0433 20.3097 5
      vertex 78 20.5 5
    endloop
  endfacet
  facet normal 0 0 1
    outer loop
      vertex 76.2322 31.2322 5
      vertex 77.0433 20.3097 5
      vertex 77.0433 30.6903 5
    endloop
  endfacet
  facet normal 0 0 1
    outer loop
      vertex 76.2322 31.2322 5
      vertex 76.2322 19.7678 5
      vertex 77.0433 20.3097 5
    endloop
  endfacet
  facet normal 0 0 1
    outer loop
      vertex 65.3097 32.0433 5
      vertex 75.6903 32.0433 5
      vertex 65.5 33 5
    endloop
  endfacet
  facet normal 0 0 1
    outer loop
      vertex 75.6903 32.0433 5
      vertex 65.3097 32.0433 5
      vertex 76.2322 31.2322 5
    endloop
  endfacet
  facet normal -0 0 1
    outer loop
      vertex 65.5 33 5
      vertex 75.6903 32.0433 5
      vertex 75.5 33 5
    endloop
  endfacet
  facet normal 0 0 1
    outer loop
      vertex 64.7678 31.2322 5
      vertex 76.2322 31.2322 5
      vertex 65.3097 32.0433 5
    endloop
  endfacet
  facet normal -0 0 1
    outer loop
      vertex 80.3097 47.0433 5
      vertex 80.5 33 5
      vertex 80.5 48 5
    endloop
  endfacet
  facet normal 0 0 1
    outer loop
      vertex 80.3097 47.0433 5
      vertex 80.3097 33.9567 5
      vertex 80.5 33 5
    endloop
  endfacet
  facet normal -0 0 1
    outer loop
      vertex 79.7678 46.2322 5
      vertex 80.3097 33.9567 5
      vertex 80.3097 47.0433 5
    endloop
  endfacet
  facet normal 0 0 1
    outer loop
      vertex 79.7678 46.2322 5
      vertex 79.7678 34.7678 5
      vertex 80.3097 33.9567 5
    endloop
  endfacet
  facet normal -0 0 1
    outer loop
      vertex 78.9567 45.6903 5
      vertex 79.7678 34.7678 5
      vertex 79.7678 46.2322 5
    endloop
  endfacet
  facet normal 0 0 1
    outer loop
      vertex 78.9567 45.6903 5
      vertex 78.9567 35.3097 5
      vertex 79.7678 34.7678 5
    endloop
  endfacet
  facet normal -0 0 1
    outer loop
      vertex 78 45.5 5
      vertex 78.9567 35.3097 5
      vertex 78.9567 45.6903 5
    endloop
  endfacet
  facet normal 0 0 1
    outer loop
      vertex 78 45.5 5
      vertex 78 35.5 5
      vertex 78.9567 35.3097 5
    endloop
  endfacet
  facet normal 0 0 1
    outer loop
      vertex 77.0433 45.6903 5
      vertex 78 35.5 5
      vertex 78 45.5 5
    endloop
  endfacet
  facet normal 0 0 1
    outer loop
      vertex 77.0433 45.6903 5
      vertex 77.0433 35.3097 5
      vertex 78 35.5 5
    endloop
  endfacet
  facet normal 0 0 1
    outer loop
      vertex 76.2322 46.2322 5
      vertex 77.0433 35.3097 5
      vertex 77.0433 45.6903 5
    endloop
  endfacet
  facet normal 0 0 1
    outer loop
      vertex 76.2322 46.2322 5
      vertex 76.2322 34.7678 5
      vertex 77.0433 35.3097 5
    endloop
  endfacet
  facet normal 0 0 1
    outer loop
      vertex 65.3097 47.0433 5
      vertex 75.6903 47.0433 5
      vertex 65.5 48 5
    endloop
  endfacet
  facet normal 0 0 1
    outer loop
      vertex 75.6903 47.0433 5
      vertex 65.3097 47.0433 5
      vertex 76.2322 46.2322 5
    endloop
  endfacet
  facet normal -0 0 1
    outer loop
      vertex 65.5 48 5
      vertex 75.6903 47.0433 5
      vertex 75.5 48 5
    endloop
  endfacet
  facet normal 0 0 1
    outer loop
      vertex 64.7678 46.2322 5
      vertex 76.2322 46.2322 5
      vertex 65.3097 47.0433 5
    endloop
  endfacet
  facet normal 0 0 1
    outer loop
      vertex 75.5 74.3 5
      vertex 81.2359 72.5132 5
      vertex 80.482 73.132 5
    endloop
  endfacet
  facet normal 0 0 1
    outer loop
      vertex 81.2359 72.5132 5
      vertex 80.3097 48.9567 5
      vertex 80.5 48 5
    endloop
  endfacet
  facet normal 0 0 1
    outer loop
      vertex 75.5 74.3 5
      vertex 80.482 73.132 5
      vertex 79.8663 73.8821 5
    endloop
  endfacet
  facet normal 0 0 1
    outer loop
      vertex 75.5 74.3 5
      vertex 79.8663 73.8821 5
      vertex 79.8632 73.8859 5
    endloop
  endfacet
  facet normal 0 0 1
    outer loop
      vertex 75.5 74.3 5
      vertex 79.8632 73.8859 5
      vertex 79.8609 73.8902 5
    endloop
  endfacet
  facet normal 0 0 1
    outer loop
      vertex 81.2359 72.5132 5
      vertex 79.7678 49.7678 5
      vertex 80.3097 48.9567 5
    endloop
  endfacet
  facet normal -0 0 1
    outer loop
      vertex 75.5 74.3 5
      vertex 79.8609 73.8902 5
      vertex 79.6419 74.3 5
    endloop
  endfacet
  facet normal 0 0 1
    outer loop
      vertex 81.2359 72.5132 5
      vertex 78.9567 50.3097 5
      vertex 79.7678 49.7678 5
    endloop
  endfacet
  facet normal 0 0 1
    outer loop
      vertex 81.2359 72.5132 5
      vertex 78 50.5 5
      vertex 78.9567 50.3097 5
    endloop
  endfacet
  facet normal 0 -0 1
    outer loop
      vertex 77.0433 50.3097 5
      vertex 81.2359 72.5132 5
      vertex 75.5 74.3 5
    endloop
  endfacet
  facet normal 0 0 1
    outer loop
      vertex 81.2359 72.5132 5
      vertex 77.0433 50.3097 5
      vertex 78 50.5 5
    endloop
  endfacet
  facet normal 0 0 1
    outer loop
      vertex 63.9567 50.3097 5
      vertex 77.0433 50.3097 5
      vertex 75.5 74.3 5
    endloop
  endfacet
  facet normal 0 0 1
    outer loop
      vertex 77.0433 50.3097 5
      vertex 63.9567 50.3097 5
      vertex 76.2322 49.7678 5
    endloop
  endfacet
  facet normal 0 -0 1
    outer loop
      vertex 64.7678 49.7678 5
      vertex 76.2322 49.7678 5
      vertex 63.9567 50.3097 5
    endloop
  endfacet
  facet normal 0 -0 1
    outer loop
      vertex 65.3097 48.9567 5
      vertex 75.6903 48.9567 5
      vertex 64.7678 49.7678 5
    endloop
  endfacet
  facet normal 0 0 1
    outer loop
      vertex 76.2322 34.7678 5
      vertex 65.5 33 5
      vertex 75.6903 33.9567 5
    endloop
  endfacet
  facet normal 0 0 1
    outer loop
      vertex 75.6903 33.9567 5
      vertex 65.5 33 5
      vertex 75.5 33 5
    endloop
  endfacet
  facet normal 0 0 1
    outer loop
      vertex 75.5 48 5
      vertex 65.3097 48.9567 5
      vertex 65.5 48 5
    endloop
  endfacet
  facet normal 0 0 1
    outer loop
      vertex 75.6903 48.9567 5
      vertex 65.3097 48.9567 5
      vertex 75.5 48 5
    endloop
  endfacet
  facet normal 0 0 1
    outer loop
      vertex 76.2322 49.7678 5
      vertex 64.7678 49.7678 5
      vertex 75.6903 48.9567 5
    endloop
  endfacet
  facet normal 0 0 1
    outer loop
      vertex 75.5 74.3 5
      vertex 63 50.5 5
      vertex 63.9567 50.3097 5
    endloop
  endfacet
  facet normal 0 0 1
    outer loop
      vertex 75.5 74.3 5
      vertex 62.0433 50.3097 5
      vertex 63 50.5 5
    endloop
  endfacet
  facet normal 0 0 1
    outer loop
      vertex 48.9567 50.3097 5
      vertex 62.0433 50.3097 5
      vertex 75.5 74.3 5
    endloop
  endfacet
  facet normal 0 0 1
    outer loop
      vertex 62.0433 50.3097 5
      vertex 48.9567 50.3097 5
      vertex 61.2322 49.7678 5
    endloop
  endfacet
  facet normal 0 0 1
    outer loop
      vertex 60.6903 33.9567 5
      vertex 50.5 33 5
      vertex 60.5 33 5
    endloop
  endfacet
  facet normal 0 0 1
    outer loop
      vertex 61.2322 34.7678 5
      vertex 50.5 33 5
      vertex 60.6903 33.9567 5
    endloop
  endfacet
  facet normal 0 0 1
    outer loop
      vertex 60.6903 48.9567 5
      vertex 50.5 48 5
      vertex 60.5 48 5
    endloop
  endfacet
  facet normal 0 -0 1
    outer loop
      vertex 49.7678 49.7678 5
      vertex 61.2322 49.7678 5
      vertex 48.9567 50.3097 5
    endloop
  endfacet
  facet normal 0 0 1
    outer loop
      vertex 60.6903 48.9567 5
      vertex 50.3097 48.9567 5
      vertex 50.5 48 5
    endloop
  endfacet
  facet normal 0 0 1
    outer loop
      vertex 60.6903 48.9567 5
      vertex 49.7678 49.7678 5
      vertex 50.3097 48.9567 5
    endloop
  endfacet
  facet normal 0 0 1
    outer loop
      vertex 61.2322 49.7678 5
      vertex 49.7678 49.7678 5
      vertex 60.6903 48.9567 5
    endloop
  endfacet
  facet normal 0 0 1
    outer loop
      vertex 75.5 74.3 5
      vertex 48 50.5 5
      vertex 48.9567 50.3097 5
    endloop
  endfacet
  facet normal 0 0 1
    outer loop
      vertex 75.5 74.3 5
      vertex 47.0433 50.3097 5
      vertex 48 50.5 5
    endloop
  endfacet
  facet normal 0 0 1
    outer loop
      vertex 33.9567 50.3097 5
      vertex 47.0433 50.3097 5
      vertex 75.5 74.3 5
    endloop
  endfacet
  facet normal 0 0 1
    outer loop
      vertex 45.6903 33.9567 5
      vertex 35.5 33 5
      vertex 45.5 33 5
    endloop
  endfacet
  facet normal 0 0 1
    outer loop
      vertex 46.2322 34.7678 5
      vertex 35.5 33 5
      vertex 45.6903 33.9567 5
    endloop
  endfacet
  facet normal 0 0 1
    outer loop
      vertex 45.6903 48.9567 5
      vertex 35.5 48 5
      vertex 45.5 48 5
    endloop
  endfacet
  facet normal 0 0 1
    outer loop
      vertex 35.3097 48.9567 5
      vertex 45.6903 48.9567 5
      vertex 46.2322 49.7678 5
    endloop
  endfacet
  facet normal 0 0 1
    outer loop
      vertex 47.0433 50.3097 5
      vertex 33.9567 50.3097 5
      vertex 46.2322 49.7678 5
    endloop
  endfacet
  facet normal 0 0 1
    outer loop
      vertex 45.6903 48.9567 5
      vertex 35.3097 48.9567 5
      vertex 35.5 48 5
    endloop
  endfacet
  facet normal 0 0 1
    outer loop
      vertex 46.2322 49.7678 5
      vertex 34.7678 49.7678 5
      vertex 35.3097 48.9567 5
    endloop
  endfacet
  facet normal 0 0 1
    outer loop
      vertex 46.2322 49.7678 5
      vertex 33.9567 50.3097 5
      vertex 34.7678 49.7678 5
    endloop
  endfacet
  facet normal 0 0 1
    outer loop
      vertex 75.5 74.3 5
      vertex 33 50.5 5
      vertex 33.9567 50.3097 5
    endloop
  endfacet
  facet normal -0 0 1
    outer loop
      vertex 6 74.3 5
      vertex 33 50.5 5
      vertex 75.5 74.3 5
    endloop
  endfacet
  facet normal 0 0 1
    outer loop
      vertex 30.6903 33.9567 5
      vertex 20.5 33 5
      vertex 30.5 33 5
    endloop
  endfacet
  facet normal 0 0 1
    outer loop
      vertex 31.2322 34.7678 5
      vertex 20.5 33 5
      vertex 30.6903 33.9567 5
    endloop
  endfacet
  facet normal 0 0 1
    outer loop
      vertex 30.6903 48.9567 5
      vertex 20.5 48 5
      vertex 30.5 48 5
    endloop
  endfacet
  facet normal 0 0 1
    outer loop
      vertex 20.3097 48.9567 5
      vertex 30.6903 48.9567 5
      vertex 31.2322 49.7678 5
    endloop
  endfacet
  facet normal 0 0 1
    outer loop
      vertex 19.7678 49.7678 5
      vertex 31.2322 49.7678 5
      vertex 32.0433 50.3097 5
    endloop
  endfacet
  facet normal 0 0 1
    outer loop
      vertex 33 50.5 5
      vertex 6 74.3 5
      vertex 32.0433 50.3097 5
    endloop
  endfacet
  facet normal 0 0 1
    outer loop
      vertex 30.6903 48.9567 5
      vertex 20.3097 48.9567 5
      vertex 20.5 48 5
    endloop
  endfacet
  facet normal 0 0 1
    outer loop
      vertex 31.2322 49.7678 5
      vertex 19.7678 49.7678 5
      vertex 20.3097 48.9567 5
    endloop
  endfacet
  facet normal 0 -0 1
    outer loop
      vertex 18.9567 50.3097 5
      vertex 32.0433 50.3097 5
      vertex 6 74.3 5
    endloop
  endfacet
  facet normal 0 0 1
    outer loop
      vertex 32.0433 50.3097 5
      vertex 18.9567 50.3097 5
      vertex 19.7678 49.7678 5
    endloop
  endfacet
  facet normal 0 0 1
    outer loop
      vertex 18.9567 50.3097 5
      vertex 6 74.3 5
      vertex 18 50.5 5
    endloop
  endfacet
  facet normal 0 0 1
    outer loop
      vertex 6 6 5
      vertex 15.5 33 5
      vertex 15.5 48 5
    endloop
  endfacet
  facet normal 0 0 1
    outer loop
      vertex 6 6 5
      vertex 15.5 48 5
      vertex 6 74.3 5
    endloop
  endfacet
  facet normal 0 0 1
    outer loop
      vertex 15.6903 48.9567 5
      vertex 6 74.3 5
      vertex 15.5 48 5
    endloop
  endfacet
  facet normal 0 0 1
    outer loop
      vertex 16.2322 49.7678 5
      vertex 6 74.3 5
      vertex 15.6903 48.9567 5
    endloop
  endfacet
  facet normal 0 0 1
    outer loop
      vertex 17.0433 50.3097 5
      vertex 6 74.3 5
      vertex 16.2322 49.7678 5
    endloop
  endfacet
  facet normal 0 0 1
    outer loop
      vertex 18 50.5 5
      vertex 6 74.3 5
      vertex 17.0433 50.3097 5
    endloop
  endfacet
  facet normal 0 0 1
    outer loop
      vertex 80.5 48 5
      vertex 102.5 74.3 5
      vertex 100.5 74.3 5
    endloop
  endfacet
  facet normal 0 0 1
    outer loop
      vertex 88.1391 73.8902 5
      vertex 100.5 74.3 5
      vertex 88.3581 74.3 5
    endloop
  endfacet
  facet normal 0 0 1
    outer loop
      vertex 88.1368 73.8859 5
      vertex 100.5 74.3 5
      vertex 88.1391 73.8902 5
    endloop
  endfacet
  facet normal 0 0 1
    outer loop
      vertex 88.1337 73.8821 5
      vertex 100.5 74.3 5
      vertex 88.1368 73.8859 5
    endloop
  endfacet
  facet normal 0 0 1
    outer loop
      vertex 87.518 73.132 5
      vertex 100.5 74.3 5
      vertex 88.1337 73.8821 5
    endloop
  endfacet
  facet normal 0 0 1
    outer loop
      vertex 86.7641 72.5132 5
      vertex 100.5 74.3 5
      vertex 87.518 73.132 5
    endloop
  endfacet
  facet normal 0 0 1
    outer loop
      vertex 100.5 74.3 5
      vertex 86.7641 72.5132 5
      vertex 80.5 48 5
    endloop
  endfacet
  facet normal 0 0 1
    outer loop
      vertex 80.5 48 5
      vertex 86.7641 72.5132 5
      vertex 85.9082 72.0558 5
    endloop
  endfacet
  facet normal 0 0 1
    outer loop
      vertex 80.5 48 5
      vertex 85.9082 72.0558 5
      vertex 85.9039 72.0535 5
    endloop
  endfacet
  facet normal 0 0 1
    outer loop
      vertex 80.5 48 5
      vertex 85.9039 72.0535 5
      vertex 84.9706 71.7703 5
    endloop
  endfacet
  facet normal 0 0 1
    outer loop
      vertex 80.5 48 5
      vertex 84.9706 71.7703 5
      vertex 84.9658 71.7699 5
    endloop
  endfacet
  facet normal 0 0 1
    outer loop
      vertex 80.5 48 5
      vertex 84.9658 71.7699 5
      vertex 84 71.6748 5
    endloop
  endfacet
  facet normal 0 0 1
    outer loop
      vertex 80.5 48 5
      vertex 84 71.6748 5
      vertex 83.0294 71.7703 5
    endloop
  endfacet
  facet normal 0 0 1
    outer loop
      vertex 80.5 48 5
      vertex 83.0294 71.7703 5
      vertex 82.0961 72.0535 5
    endloop
  endfacet
  facet normal 0 0 1
    outer loop
      vertex 80.5 48 5
      vertex 82.0961 72.0535 5
      vertex 82.0918 72.0558 5
    endloop
  endfacet
  facet normal 0 0 1
    outer loop
      vertex 80.5 48 5
      vertex 82.0918 72.0558 5
      vertex 81.2359 72.5132 5
    endloop
  endfacet
  facet normal 0 0 1
    outer loop
      vertex 80.5 33 5
      vertex 102.5 74.3 5
      vertex 80.5 48 5
    endloop
  endfacet
  facet normal 0 0 1
    outer loop
      vertex 102.5 74.3 5
      vertex 80.5 33 5
      vertex 102.5 6 5
    endloop
  endfacet
  facet normal -0 0 1
    outer loop
      vertex 80.3097 32.0433 5
      vertex 102.5 6 5
      vertex 80.5 33 5
    endloop
  endfacet
  facet normal -0 0 1
    outer loop
      vertex 80.3097 17.0433 5
      vertex 102.5 6 5
      vertex 80.5 18 5
    endloop
  endfacet
  facet normal -0 0 1
    outer loop
      vertex 79.7678 16.2322 5
      vertex 102.5 6 5
      vertex 80.3097 17.0433 5
    endloop
  endfacet
  facet normal -0 0 1
    outer loop
      vertex 78.9567 15.6903 5
      vertex 102.5 6 5
      vertex 79.7678 16.2322 5
    endloop
  endfacet
  facet normal -0 0 1
    outer loop
      vertex 78 15.5 5
      vertex 102.5 6 5
      vertex 78.9567 15.6903 5
    endloop
  endfacet
  facet normal 0 0 1
    outer loop
      vertex 63 15.5 5
      vertex 78 15.5 5
      vertex 77.0433 15.6903 5
    endloop
  endfacet
  facet normal 0 0 1
    outer loop
      vertex 76.2322 19.7678 5
      vertex 65.5 18 5
      vertex 75.6903 18.9567 5
    endloop
  endfacet
  facet normal 0 0 1
    outer loop
      vertex 75.6903 18.9567 5
      vertex 65.5 18 5
      vertex 75.5 18 5
    endloop
  endfacet
  facet normal 0 0 1
    outer loop
      vertex 75.5 18 5
      vertex 65.5 18 5
      vertex 75.6903 17.0433 5
    endloop
  endfacet
  facet normal 0 0 1
    outer loop
      vertex 65.3097 17.0433 5
      vertex 75.6903 17.0433 5
      vertex 65.5 18 5
    endloop
  endfacet
  facet normal 0 0 1
    outer loop
      vertex 75.6903 17.0433 5
      vertex 65.3097 17.0433 5
      vertex 76.2322 16.2322 5
    endloop
  endfacet
  facet normal 0 0 1
    outer loop
      vertex 64.7678 16.2322 5
      vertex 76.2322 16.2322 5
      vertex 65.3097 17.0433 5
    endloop
  endfacet
  facet normal 0 0 1
    outer loop
      vertex 76.2322 16.2322 5
      vertex 64.7678 16.2322 5
      vertex 77.0433 15.6903 5
    endloop
  endfacet
  facet normal 0 0 1
    outer loop
      vertex 63.9567 15.6903 5
      vertex 77.0433 15.6903 5
      vertex 64.7678 16.2322 5
    endloop
  endfacet
  facet normal 0 0 1
    outer loop
      vertex 63 15.5 5
      vertex 77.0433 15.6903 5
      vertex 63.9567 15.6903 5
    endloop
  endfacet
  facet normal 0 0 1
    outer loop
      vertex 78 15.5 5
      vertex 63 15.5 5
      vertex 102.5 6 5
    endloop
  endfacet
  facet normal 0 0 1
    outer loop
      vertex 48 15.5 5
      vertex 63 15.5 5
      vertex 62.0433 15.6903 5
    endloop
  endfacet
  facet normal 0 0 1
    outer loop
      vertex 61.2322 19.7678 5
      vertex 50.5 18 5
      vertex 60.6903 18.9567 5
    endloop
  endfacet
  facet normal 0 0 1
    outer loop
      vertex 60.6903 18.9567 5
      vertex 50.5 18 5
      vertex 60.5 18 5
    endloop
  endfacet
  facet normal 0 0 1
    outer loop
      vertex 60.5 18 5
      vertex 50.5 18 5
      vertex 60.6903 17.0433 5
    endloop
  endfacet
  facet normal 0 0 1
    outer loop
      vertex 50.3097 17.0433 5
      vertex 60.6903 17.0433 5
      vertex 50.5 18 5
    endloop
  endfacet
  facet normal 0 0 1
    outer loop
      vertex 60.6903 17.0433 5
      vertex 50.3097 17.0433 5
      vertex 61.2322 16.2322 5
    endloop
  endfacet
  facet normal 0 0 1
    outer loop
      vertex 49.7678 16.2322 5
      vertex 61.2322 16.2322 5
      vertex 50.3097 17.0433 5
    endloop
  endfacet
  facet normal 0 0 1
    outer loop
      vertex 61.2322 16.2322 5
      vertex 49.7678 16.2322 5
      vertex 62.0433 15.6903 5
    endloop
  endfacet
  facet normal 0 0 1
    outer loop
      vertex 48.9567 15.6903 5
      vertex 62.0433 15.6903 5
      vertex 49.7678 16.2322 5
    endloop
  endfacet
  facet normal 0 0 1
    outer loop
      vertex 48 15.5 5
      vertex 62.0433 15.6903 5
      vertex 48.9567 15.6903 5
    endloop
  endfacet
  facet normal 0 0 1
    outer loop
      vertex 63 15.5 5
      vertex 48 15.5 5
      vertex 102.5 6 5
    endloop
  endfacet
  facet normal 0 0 1
    outer loop
      vertex 46.2322 19.7678 5
      vertex 35.5 18 5
      vertex 45.6903 18.9567 5
    endloop
  endfacet
  facet normal 0 0 1
    outer loop
      vertex 45.6903 18.9567 5
      vertex 35.5 18 5
      vertex 45.5 18 5
    endloop
  endfacet
  facet normal 0 0 1
    outer loop
      vertex 45.5 18 5
      vertex 35.5 18 5
      vertex 45.6903 17.0433 5
    endloop
  endfacet
  facet normal 0 0 1
    outer loop
      vertex 35.3097 17.0433 5
      vertex 45.6903 17.0433 5
      vertex 35.5 18 5
    endloop
  endfacet
  facet normal 0 0 1
    outer loop
      vertex 45.6903 17.0433 5
      vertex 35.3097 17.0433 5
      vertex 46.2322 16.2322 5
    endloop
  endfacet
  facet normal 0 0 1
    outer loop
      vertex 34.7678 16.2322 5
      vertex 46.2322 16.2322 5
      vertex 35.3097 17.0433 5
    endloop
  endfacet
  facet normal 0 0 1
    outer loop
      vertex 46.2322 16.2322 5
      vertex 34.7678 16.2322 5
      vertex 47.0433 15.6903 5
    endloop
  endfacet
  facet normal 0 0 1
    outer loop
      vertex 33.9567 15.6903 5
      vertex 47.0433 15.6903 5
      vertex 34.7678 16.2322 5
    endloop
  endfacet
  facet normal 0 0 1
    outer loop
      vertex 47.0433 15.6903 5
      vertex 33.9567 15.6903 5
      vertex 48 15.5 5
    endloop
  endfacet
  facet normal 0 0 1
    outer loop
      vertex 33 15.5 5
      vertex 48 15.5 5
      vertex 33.9567 15.6903 5
    endloop
  endfacet
  facet normal 0 0 1
    outer loop
      vertex 6 6 5
      vertex 48 15.5 5
      vertex 33 15.5 5
    endloop
  endfacet
  facet normal 0 0 1
    outer loop
      vertex 31.2322 19.7678 5
      vertex 20.5 18 5
      vertex 30.6903 18.9567 5
    endloop
  endfacet
  facet normal 0 0 1
    outer loop
      vertex 30.6903 18.9567 5
      vertex 20.5 18 5
      vertex 30.5 18 5
    endloop
  endfacet
  facet normal 0 0 1
    outer loop
      vertex 30.5 18 5
      vertex 20.5 18 5
      vertex 30.6903 17.0433 5
    endloop
  endfacet
  facet normal 0 0 1
    outer loop
      vertex 20.3097 17.0433 5
      vertex 30.6903 17.0433 5
      vertex 20.5 18 5
    endloop
  endfacet
  facet normal 0 0 1
    outer loop
      vertex 30.6903 17.0433 5
      vertex 20.3097 17.0433 5
      vertex 31.2322 16.2322 5
    endloop
  endfacet
  facet normal 0 0 1
    outer loop
      vertex 19.7678 16.2322 5
      vertex 31.2322 16.2322 5
      vertex 20.3097 17.0433 5
    endloop
  endfacet
  facet normal 0 0 1
    outer loop
      vertex 31.2322 16.2322 5
      vertex 19.7678 16.2322 5
      vertex 32.0433 15.6903 5
    endloop
  endfacet
  facet normal 0 0 1
    outer loop
      vertex 18.9567 15.6903 5
      vertex 32.0433 15.6903 5
      vertex 19.7678 16.2322 5
    endloop
  endfacet
  facet normal 0 0 1
    outer loop
      vertex 6 6 5
      vertex 32.0433 15.6903 5
      vertex 18.9567 15.6903 5
    endloop
  endfacet
  facet normal 0 0 1
    outer loop
      vertex 32.0433 15.6903 5
      vertex 6 6 5
      vertex 33 15.5 5
    endloop
  endfacet
  facet normal 0 0 1
    outer loop
      vertex 6 6 5
      vertex 18.9567 15.6903 5
      vertex 18 15.5 5
    endloop
  endfacet
  facet normal 0 0 1
    outer loop
      vertex 48 15.5 5
      vertex 6 6 5
      vertex 102.5 6 5
    endloop
  endfacet
  facet normal 0 0 1
    outer loop
      vertex 17.0433 15.6903 5
      vertex 6 6 5
      vertex 18 15.5 5
    endloop
  endfacet
  facet normal 0 0 1
    outer loop
      vertex 16.2322 16.2322 5
      vertex 6 6 5
      vertex 17.0433 15.6903 5
    endloop
  endfacet
  facet normal 0 0 1
    outer loop
      vertex 15.6903 17.0433 5
      vertex 6 6 5
      vertex 16.2322 16.2322 5
    endloop
  endfacet
  facet normal 0 0 1
    outer loop
      vertex 15.5 18 5
      vertex 6 6 5
      vertex 15.6903 17.0433 5
    endloop
  endfacet
  facet normal 0 0 1
    outer loop
      vertex 15.6903 18.9567 5
      vertex 6 6 5
      vertex 15.5 18 5
    endloop
  endfacet
  facet normal -0 0 1
    outer loop
      vertex 44.25 82.3 5
      vertex 64.25 77.3 5
      vertex 64.25 82.3 5
    endloop
  endfacet
  facet normal 0 0 1
    outer loop
      vertex 64.25 77.3 5
      vertex 44.25 82.3 5
      vertex 44.25 77.3 5
    endloop
  endfacet
  facet normal 0 0 1
    outer loop
      vertex 75.5 77.3 5
      vertex 79.1085 77.5 5
      vertex 75.5 77.5 5
    endloop
  endfacet
  facet normal 0 0 1
    outer loop
      vertex 75.5 77.3 5
      vertex 79.0252 76.6452 5
      vertex 79.0247 76.65 5
    endloop
  endfacet
  facet normal 0 0 1
    outer loop
      vertex 79.1085 77.5 5
      vertex 75.5 77.3 5
      vertex 79.0247 76.65 5
    endloop
  endfacet
  facet normal 0 0 1
    outer loop
      vertex 79.0252 76.6452 5
      vertex 75.5 77.3 5
      vertex 79.1203 75.6794 5
    endloop
  endfacet
  facet normal 0 0 1
    outer loop
      vertex 75.5 74.3 5
      vertex 79.1203 75.6794 5
      vertex 75.5 77.3 5
    endloop
  endfacet
  facet normal 0 0 1
    outer loop
      vertex 79.1203 75.6794 5
      vertex 75.5 74.3 5
      vertex 79.4035 74.7461 5
    endloop
  endfacet
  facet normal 0 0 1
    outer loop
      vertex 79.4035 74.7461 5
      vertex 75.5 74.3 5
      vertex 79.6419 74.3 5
    endloop
  endfacet
  facet normal 0 0 1
    outer loop
      vertex 88.9753 76.65 5
      vertex 100.5 77.3 5
      vertex 100.5 77.5 5
    endloop
  endfacet
  facet normal 0 0 1
    outer loop
      vertex 100.5 77.3 5
      vertex 88.9753 76.65 5
      vertex 100.5 74.3 5
    endloop
  endfacet
  facet normal 0 -0 1
    outer loop
      vertex 88.9753 76.65 5
      vertex 100.5 77.5 5
      vertex 88.8915 77.5 5
    endloop
  endfacet
  facet normal -0 0 1
    outer loop
      vertex 88.8801 75.6842 5
      vertex 100.5 74.3 5
      vertex 88.9753 76.65 5
    endloop
  endfacet
  facet normal -0 0 1
    outer loop
      vertex 88.8796 75.6794 5
      vertex 100.5 74.3 5
      vertex 88.8801 75.6842 5
    endloop
  endfacet
  facet normal -0 0 1
    outer loop
      vertex 88.5965 74.7461 5
      vertex 100.5 74.3 5
      vertex 88.8796 75.6794 5
    endloop
  endfacet
  facet normal 0 0 1
    outer loop
      vertex 100.5 74.3 5
      vertex 88.5965 74.7461 5
      vertex 88.3581 74.3 5
    endloop
  endfacet
  facet normal 0 -1 0
    outer loop
      vertex 5 0 0
      vertex 363 0 5
      vertex 5 0 5
    endloop
  endfacet
  facet normal 0 -1 -0
    outer loop
      vertex 363 0 5
      vertex 5 0 0
      vertex 363 0 0
    endloop
  endfacet
  facet normal -0.0980169 -0.995185 0
    outer loop
      vertex 4.02455 0.0960732 0
      vertex 5 0 5
      vertex 4.02455 0.0960732 5
    endloop
  endfacet
  facet normal -0.0980169 -0.995185 -0
    outer loop
      vertex 5 0 5
      vertex 4.02455 0.0960732 0
      vertex 5 0 0
    endloop
  endfacet
  facet normal 0.633738 0.773548 -0
    outer loop
      vertex 366.536 301.836 0
      vertex 365.778 302.457 5
      vertex 366.536 301.836 5
    endloop
  endfacet
  facet normal 0.633738 0.773548 0
    outer loop
      vertex 365.778 302.457 5
      vertex 366.536 301.836 0
      vertex 365.778 302.457 0
    endloop
  endfacet
  facet normal 0 1 -0
    outer loop
      vertex 363 303.3 0
      vertex 6 303.3 5
      vertex 363 303.3 5
    endloop
  endfacet
  facet normal 0 1 0
    outer loop
      vertex 5 303.3 0
      vertex 6 303.3 5
      vertex 363 303.3 0
    endloop
  endfacet
  facet normal 0 1 0
    outer loop
      vertex 6 303.3 5
      vertex 5 303.3 0
      vertex 5 303.3 5
    endloop
  endfacet
  facet normal -0.956943 0.290275 0
    outer loop
      vertex 0.0960732 299.275 0
      vertex 0.380602 300.213 5
      vertex 0.380602 300.213 0
    endloop
  endfacet
  facet normal -0.956943 0.290275 0
    outer loop
      vertex 0.380602 300.213 5
      vertex 0.0960732 299.275 0
      vertex 0.0960732 299.275 5
    endloop
  endfacet
  facet normal -0.633898 0.773417 0
    outer loop
      vertex 2.22215 302.457 0
      vertex 1.46447 301.836 5
      vertex 2.22215 302.457 5
    endloop
  endfacet
  facet normal -0.633898 0.773417 0
    outer loop
      vertex 1.46447 301.836 5
      vertex 2.22215 302.457 0
      vertex 1.46447 301.836 0
    endloop
  endfacet
  facet normal -0.99518 0.0980617 0
    outer loop
      vertex 0 298.3 0
      vertex 0.0960732 299.275 5
      vertex 0.0960732 299.275 0
    endloop
  endfacet
  facet normal -0.99518 0.0980617 0
    outer loop
      vertex 0.0960732 299.275 5
      vertex 0 298.3 0
      vertex 0 298.3 5
    endloop
  endfacet
  facet normal 0.881941 -0.471359 0
    outer loop
      vertex 367.157 2.22215 5
      vertex 367.619 3.08658 0
      vertex 367.619 3.08658 5
    endloop
  endfacet
  facet normal 0.881941 -0.471359 0
    outer loop
      vertex 367.619 3.08658 0
      vertex 367.157 2.22215 5
      vertex 367.157 2.22215 0
    endloop
  endfacet
  facet normal 1 -0 0
    outer loop
      vertex 368 5 5
      vertex 368 298.3 0
      vertex 368 298.3 5
    endloop
  endfacet
  facet normal 1 0 0
    outer loop
      vertex 368 298.3 0
      vertex 368 5 5
      vertex 368 5 0
    endloop
  endfacet
  facet normal 0.471156 -0.88205 0
    outer loop
      vertex 364.913 0.380602 0
      vertex 365.778 0.842651 5
      vertex 364.913 0.380602 5
    endloop
  endfacet
  facet normal 0.471156 -0.88205 0
    outer loop
      vertex 365.778 0.842651 5
      vertex 364.913 0.380602 0
      vertex 365.778 0.842651 0
    endloop
  endfacet
  facet normal 0.0980617 -0.99518 0
    outer loop
      vertex 363 0 0
      vertex 363.975 0.0960732 5
      vertex 363 0 5
    endloop
  endfacet
  facet normal 0.0980617 -0.99518 0
    outer loop
      vertex 363.975 0.0960732 5
      vertex 363 0 0
      vertex 363.975 0.0960732 0
    endloop
  endfacet
  facet normal 0.634238 -0.773138 0
    outer loop
      vertex 365.778 0.842651 0
      vertex 366.536 1.46447 5
      vertex 365.778 0.842651 5
    endloop
  endfacet
  facet normal 0.634238 -0.773138 0
    outer loop
      vertex 366.536 1.46447 5
      vertex 365.778 0.842651 0
      vertex 366.536 1.46447 0
    endloop
  endfacet
  facet normal -0.290724 0.956807 0
    outer loop
      vertex 4.02455 303.204 0
      vertex 3.08658 302.919 5
      vertex 4.02455 303.204 5
    endloop
  endfacet
  facet normal -0.290724 0.956807 0
    outer loop
      vertex 3.08658 302.919 5
      vertex 4.02455 303.204 0
      vertex 3.08658 302.919 0
    endloop
  endfacet
  facet normal 0.773348 0.633982 0
    outer loop
      vertex 367 301.27 5
      vertex 366.536 301.836 0
      vertex 366.536 301.836 5
    endloop
  endfacet
  facet normal 0.774137 0.633018 -0
    outer loop
      vertex 367.157 301.078 0
      vertex 367 301.27 5
      vertex 367.157 301.078 5
    endloop
  endfacet
  facet normal 0.773548 0.633738 -4.61271e-05
    outer loop
      vertex 367 301.27 5
      vertex 367.157 301.078 0
      vertex 366.536 301.836 0
    endloop
  endfacet
  facet normal -0.773138 0.634238 0
    outer loop
      vertex 0.842651 301.078 0
      vertex 1.46447 301.836 5
      vertex 1.46447 301.836 0
    endloop
  endfacet
  facet normal -0.773138 0.634238 0
    outer loop
      vertex 1.46447 301.836 5
      vertex 0.842651 301.078 0
      vertex 0.842651 301.078 5
    endloop
  endfacet
  facet normal 0.956807 -0.290724 0
    outer loop
      vertex 367.619 3.08658 5
      vertex 367.904 4.02455 0
      vertex 367.904 4.02455 5
    endloop
  endfacet
  facet normal 0.956807 -0.290724 0
    outer loop
      vertex 367.904 4.02455 0
      vertex 367.619 3.08658 5
      vertex 367.619 3.08658 0
    endloop
  endfacet
  facet normal 0.773417 -0.633898 0
    outer loop
      vertex 366.536 1.46447 5
      vertex 367.157 2.22215 0
      vertex 367.157 2.22215 5
    endloop
  endfacet
  facet normal 0.773417 -0.633898 0
    outer loop
      vertex 367.157 2.22215 0
      vertex 366.536 1.46447 5
      vertex 366.536 1.46447 0
    endloop
  endfacet
  facet normal 0.290275 -0.956943 0
    outer loop
      vertex 363.975 0.0960732 0
      vertex 364.913 0.380602 5
      vertex 363.975 0.0960732 5
    endloop
  endfacet
  facet normal 0.290275 -0.956943 0
    outer loop
      vertex 364.913 0.380602 5
      vertex 363.975 0.0960732 0
      vertex 364.913 0.380602 0
    endloop
  endfacet
  facet normal -0.290283 -0.956941 0
    outer loop
      vertex 3.08658 0.380602 0
      vertex 4.02455 0.0960732 5
      vertex 3.08658 0.380602 5
    endloop
  endfacet
  facet normal -0.290283 -0.956941 -0
    outer loop
      vertex 4.02455 0.0960732 5
      vertex 3.08658 0.380602 0
      vertex 4.02455 0.0960732 0
    endloop
  endfacet
  facet normal -0.956941 -0.290283 0
    outer loop
      vertex 0.380602 3.08658 0
      vertex 0.0960732 4.02455 5
      vertex 0.0960732 4.02455 0
    endloop
  endfacet
  facet normal -0.956941 -0.290283 0
    outer loop
      vertex 0.0960732 4.02455 5
      vertex 0.380602 3.08658 0
      vertex 0.380602 3.08658 5
    endloop
  endfacet
  facet normal -0.46919 0.883097 0
    outer loop
      vertex 3.08658 302.919 0
      vertex 3 302.873 5
      vertex 3.08658 302.919 5
    endloop
  endfacet
  facet normal -0.471359 0.881941 -4.81929e-05
    outer loop
      vertex 2.22215 302.457 0
      vertex 3 302.873 5
      vertex 3.08658 302.919 0
    endloop
  endfacet
  facet normal -0.4716 0.881813 0
    outer loop
      vertex 3 302.873 5
      vertex 2.22215 302.457 0
      vertex 2.22215 302.457 5
    endloop
  endfacet
  facet normal -0.0979429 0.995192 0
    outer loop
      vertex 5 303.3 0
      vertex 4.02455 303.204 5
      vertex 5 303.3 5
    endloop
  endfacet
  facet normal -0.0979429 0.995192 0
    outer loop
      vertex 4.02455 303.204 5
      vertex 5 303.3 0
      vertex 4.02455 303.204 0
    endloop
  endfacet
  facet normal 0.0979877 0.995188 -0
    outer loop
      vertex 363.975 303.204 0
      vertex 363 303.3 5
      vertex 363.975 303.204 5
    endloop
  endfacet
  facet normal 0.0979877 0.995188 0
    outer loop
      vertex 363 303.3 5
      vertex 363.975 303.204 0
      vertex 363 303.3 0
    endloop
  endfacet
  facet normal 0.95681 0.290715 0
    outer loop
      vertex 367.904 299.275 5
      vertex 367.619 300.213 0
      vertex 367.619 300.213 5
    endloop
  endfacet
  facet normal 0.95681 0.290715 0
    outer loop
      vertex 367.619 300.213 0
      vertex 367.904 299.275 5
      vertex 367.904 299.275 0
    endloop
  endfacet
  facet normal 0.995188 0.0979877 0
    outer loop
      vertex 368 298.3 5
      vertex 367.904 299.275 0
      vertex 367.904 299.275 5
    endloop
  endfacet
  facet normal 0.995188 0.0979877 0
    outer loop
      vertex 367.904 299.275 0
      vertex 368 298.3 5
      vertex 368 298.3 0
    endloop
  endfacet
  facet normal 0.882071 0.471117 0
    outer loop
      vertex 367.619 300.213 5
      vertex 367.157 301.078 0
      vertex 367.157 301.078 5
    endloop
  endfacet
  facet normal 0.882071 0.471117 0
    outer loop
      vertex 367.157 301.078 0
      vertex 367.619 300.213 5
      vertex 367.619 300.213 0
    endloop
  endfacet
  facet normal 0.995192 -0.0979429 0
    outer loop
      vertex 367.904 4.02455 5
      vertex 368 5 0
      vertex 368 5 5
    endloop
  endfacet
  facet normal 0.995192 -0.0979429 0
    outer loop
      vertex 368 5 0
      vertex 367.904 4.02455 5
      vertex 367.904 4.02455 0
    endloop
  endfacet
  facet normal -0.471398 -0.881921 0
    outer loop
      vertex 2.22215 0.842651 0
      vertex 3.08658 0.380602 5
      vertex 2.22215 0.842651 5
    endloop
  endfacet
  facet normal -0.471398 -0.881921 -0
    outer loop
      vertex 3.08658 0.380602 5
      vertex 2.22215 0.842651 0
      vertex 3.08658 0.380602 0
    endloop
  endfacet
  facet normal -0.634398 -0.773007 0
    outer loop
      vertex 1.46447 1.46447 0
      vertex 2.22215 0.842651 5
      vertex 1.46447 1.46447 5
    endloop
  endfacet
  facet normal -0.634398 -0.773007 -0
    outer loop
      vertex 2.22215 0.842651 5
      vertex 1.46447 1.46447 0
      vertex 2.22215 0.842651 0
    endloop
  endfacet
  facet normal -0.773007 -0.634398 0
    outer loop
      vertex 1.46447 1.46447 0
      vertex 0.842651 2.22215 5
      vertex 0.842651 2.22215 0
    endloop
  endfacet
  facet normal -0.773007 -0.634398 0
    outer loop
      vertex 0.842651 2.22215 5
      vertex 1.46447 1.46447 0
      vertex 1.46447 1.46447 5
    endloop
  endfacet
  facet normal -0.881921 -0.471398 0
    outer loop
      vertex 0.842651 2.22215 0
      vertex 0.380602 3.08658 5
      vertex 0.380602 3.08658 0
    endloop
  endfacet
  facet normal -0.881921 -0.471398 0
    outer loop
      vertex 0.380602 3.08658 5
      vertex 0.842651 2.22215 0
      vertex 0.842651 2.22215 5
    endloop
  endfacet
  facet normal 0.290327 0.956927 -0
    outer loop
      vertex 364.913 302.919 0
      vertex 364 303.196 5
      vertex 364.913 302.919 5
    endloop
  endfacet
  facet normal 0.290715 0.95681 7.732e-05
    outer loop
      vertex 363.975 303.204 0
      vertex 364 303.196 5
      vertex 364.913 302.919 0
    endloop
  endfacet
  facet normal 0.304776 0.952424 0
    outer loop
      vertex 364 303.196 5
      vertex 363.975 303.204 0
      vertex 363.975 303.204 5
    endloop
  endfacet
  facet normal 0.471117 0.882071 -0
    outer loop
      vertex 365.778 302.457 0
      vertex 364.913 302.919 5
      vertex 365.778 302.457 5
    endloop
  endfacet
  facet normal 0.471117 0.882071 0
    outer loop
      vertex 364.913 302.919 5
      vertex 365.778 302.457 0
      vertex 364.913 302.919 0
    endloop
  endfacet
  facet normal -1 0 0
    outer loop
      vertex 3 77.3 5
      vertex 3 62.65 22.5
      vertex 3 77.3 40
    endloop
  endfacet
  facet normal -1 0 0
    outer loop
      vertex 3 77.3 5
      vertex 3 62.4597 21.5433
      vertex 3 62.65 22.5
    endloop
  endfacet
  facet normal -1 0 0
    outer loop
      vertex 3 77.3 5
      vertex 3 61.9178 20.7322
      vertex 3 62.4597 21.5433
    endloop
  endfacet
  facet normal -1 0 0
    outer loop
      vertex 3 77.3 5
      vertex 3 61.1067 20.1903
      vertex 3 61.9178 20.7322
    endloop
  endfacet
  facet normal -1 0 0
    outer loop
      vertex 3 77.3 5
      vertex 3 60.15 20
      vertex 3 61.1067 20.1903
    endloop
  endfacet
  facet normal -1 0 0
    outer loop
      vertex 3 77.3 5
      vertex 3 59.1933 20.1903
      vertex 3 60.15 20
    endloop
  endfacet
  facet normal -1 0 0
    outer loop
      vertex 3 51.1067 20.1903
      vertex 3 59.1933 20.1903
      vertex 3 77.3 5
    endloop
  endfacet
  facet normal -1 0 0
    outer loop
      vertex 3 57.8403 21.5433
      vertex 3 52.65 22.5
      vertex 3 57.65 22.5
    endloop
  endfacet
  facet normal -1 0 0
    outer loop
      vertex 3 52.4597 21.5433
      vertex 3 57.8403 21.5433
      vertex 3 58.3822 20.7322
    endloop
  endfacet
  facet normal -1 0 0
    outer loop
      vertex 3 59.1933 20.1903
      vertex 3 51.1067 20.1903
      vertex 3 58.3822 20.7322
    endloop
  endfacet
  facet normal -1 0 0
    outer loop
      vertex 3 57.8403 21.5433
      vertex 3 52.4597 21.5433
      vertex 3 52.65 22.5
    endloop
  endfacet
  facet normal -1 0 0
    outer loop
      vertex 3 58.3822 20.7322
      vertex 3 51.9178 20.7322
      vertex 3 52.4597 21.5433
    endloop
  endfacet
  facet normal -1 -0 0
    outer loop
      vertex 3 58.3822 20.7322
      vertex 3 51.1067 20.1903
      vertex 3 51.9178 20.7322
    endloop
  endfacet
  facet normal -1 0 0
    outer loop
      vertex 3 77.3 5
      vertex 3 50.15 20
      vertex 3 51.1067 20.1903
    endloop
  endfacet
  facet normal -1 0 0
    outer loop
      vertex 3 40.15 20
      vertex 3 50.15 20
      vertex 3 77.3 5
    endloop
  endfacet
  facet normal -1 0 0
    outer loop
      vertex 3 47.8403 21.5433
      vertex 3 42.65 22.5
      vertex 3 47.65 22.5
    endloop
  endfacet
  facet normal -1 0 0
    outer loop
      vertex 3 42.4597 21.5433
      vertex 3 47.8403 21.5433
      vertex 3 48.3822 20.7322
    endloop
  endfacet
  facet normal -1 0 0
    outer loop
      vertex 3 41.9178 20.7322
      vertex 3 48.3822 20.7322
      vertex 3 49.1933 20.1903
    endloop
  endfacet
  facet normal -1 0 0
    outer loop
      vertex 3 50.15 20
      vertex 3 40.15 20
      vertex 3 49.1933 20.1903
    endloop
  endfacet
  facet normal -1 0 0
    outer loop
      vertex 3 47.8403 21.5433
      vertex 3 42.4597 21.5433
      vertex 3 42.65 22.5
    endloop
  endfacet
  facet normal -1 0 0
    outer loop
      vertex 3 48.3822 20.7322
      vertex 3 41.9178 20.7322
      vertex 3 42.4597 21.5433
    endloop
  endfacet
  facet normal -1 0 0
    outer loop
      vertex 3 49.1933 20.1903
      vertex 3 41.1067 20.1903
      vertex 3 41.9178 20.7322
    endloop
  endfacet
  facet normal -1 -0 0
    outer loop
      vertex 3 49.1933 20.1903
      vertex 3 40.15 20
      vertex 3 41.1067 20.1903
    endloop
  endfacet
  facet normal -1 0 0
    outer loop
      vertex 3 3 5
      vertex 3 40.15 20
      vertex 3 77.3 5
    endloop
  endfacet
  facet normal -1 0 0
    outer loop
      vertex 3 37.8403 21.5433
      vertex 3 32.65 22.5
      vertex 3 37.65 22.5
    endloop
  endfacet
  facet normal -1 0 0
    outer loop
      vertex 3 32.4597 21.5433
      vertex 3 37.8403 21.5433
      vertex 3 38.3822 20.7322
    endloop
  endfacet
  facet normal -1 0 0
    outer loop
      vertex 3 31.9178 20.7322
      vertex 3 38.3822 20.7322
      vertex 3 39.1933 20.1903
    endloop
  endfacet
  facet normal -1 0 -0
    outer loop
      vertex 3 30.15 20
      vertex 3 40.15 20
      vertex 3 3 5
    endloop
  endfacet
  facet normal -1 0 0
    outer loop
      vertex 3 37.8403 21.5433
      vertex 3 32.4597 21.5433
      vertex 3 32.65 22.5
    endloop
  endfacet
  facet normal -1 0 0
    outer loop
      vertex 3 38.3822 20.7322
      vertex 3 31.9178 20.7322
      vertex 3 32.4597 21.5433
    endloop
  endfacet
  facet normal -1 0 0
    outer loop
      vertex 3 39.1933 20.1903
      vertex 3 31.1067 20.1903
      vertex 3 31.9178 20.7322
    endloop
  endfacet
  facet normal -1 -0 0
    outer loop
      vertex 3 39.1933 20.1903
      vertex 3 30.15 20
      vertex 3 31.1067 20.1903
    endloop
  endfacet
  facet normal -1 0 0
    outer loop
      vertex 3 40.15 20
      vertex 3 30.15 20
      vertex 3 39.1933 20.1903
    endloop
  endfacet
  facet normal -1 0 0
    outer loop
      vertex 3 27.8403 21.5433
      vertex 3 22.65 22.5
      vertex 3 27.65 22.5
    endloop
  endfacet
  facet normal -1 0 0
    outer loop
      vertex 3 22.4597 21.5433
      vertex 3 27.8403 21.5433
      vertex 3 28.3822 20.7322
    endloop
  endfacet
  facet normal -1 0 0
    outer loop
      vertex 3 21.9178 20.7322
      vertex 3 28.3822 20.7322
      vertex 3 29.1933 20.1903
    endloop
  endfacet
  facet normal -1 0 0
    outer loop
      vertex 3 27.8403 21.5433
      vertex 3 22.4597 21.5433
      vertex 3 22.65 22.5
    endloop
  endfacet
  facet normal -1 -0 0
    outer loop
      vertex 3 30.15 20
      vertex 3 3 5
      vertex 3 29.1933 20.1903
    endloop
  endfacet
  facet normal -1 0 0
    outer loop
      vertex 3 28.3822 20.7322
      vertex 3 21.9178 20.7322
      vertex 3 22.4597 21.5433
    endloop
  endfacet
  facet normal -1 0 0
    outer loop
      vertex 3 29.1933 20.1903
      vertex 3 21.1067 20.1903
      vertex 3 21.9178 20.7322
    endloop
  endfacet
  facet normal -1 -0 0
    outer loop
      vertex 3 29.1933 20.1903
      vertex 3 3 5
      vertex 3 21.1067 20.1903
    endloop
  endfacet
  facet normal -1 0 0
    outer loop
      vertex 3 21.1067 20.1903
      vertex 3 3 5
      vertex 3 20.15 20
    endloop
  endfacet
  facet normal -1 -0 0
    outer loop
      vertex 3 17.8403 21.5433
      vertex 3 3 5
      vertex 3 17.65 22.5
    endloop
  endfacet
  facet normal -1 -0 0
    outer loop
      vertex 3 18.3822 20.7322
      vertex 3 3 5
      vertex 3 17.8403 21.5433
    endloop
  endfacet
  facet normal -1 -0 0
    outer loop
      vertex 3 19.1933 20.1903
      vertex 3 3 5
      vertex 3 18.3822 20.7322
    endloop
  endfacet
  facet normal -1 -0 0
    outer loop
      vertex 3 20.15 20
      vertex 3 3 5
      vertex 3 19.1933 20.1903
    endloop
  endfacet
  facet normal -1 0 0
    outer loop
      vertex 3 62.4597 23.4567
      vertex 3 77.3 40
      vertex 3 62.65 22.5
    endloop
  endfacet
  facet normal -1 0 0
    outer loop
      vertex 3 61.9178 24.2678
      vertex 3 77.3 40
      vertex 3 62.4597 23.4567
    endloop
  endfacet
  facet normal -1 0 0
    outer loop
      vertex 3 61.1067 24.8097
      vertex 3 77.3 40
      vertex 3 61.9178 24.2678
    endloop
  endfacet
  facet normal -1 0 0
    outer loop
      vertex 3 60.15 25
      vertex 3 77.3 40
      vertex 3 61.1067 24.8097
    endloop
  endfacet
  facet normal -1 0 0
    outer loop
      vertex 3 59.1933 24.8097
      vertex 3 77.3 40
      vertex 3 60.15 25
    endloop
  endfacet
  facet normal -1 0 0
    outer loop
      vertex 3 51.1067 24.8097
      vertex 3 59.1933 24.8097
      vertex 3 58.3822 24.2678
    endloop
  endfacet
  facet normal -1 0 0
    outer loop
      vertex 3 52.65 22.5
      vertex 3 57.8403 23.4567
      vertex 3 57.65 22.5
    endloop
  endfacet
  facet normal -1 0 0
    outer loop
      vertex 3 52.4597 23.4567
      vertex 3 57.8403 23.4567
      vertex 3 52.65 22.5
    endloop
  endfacet
  facet normal -1 0 0
    outer loop
      vertex 3 57.8403 23.4567
      vertex 3 52.4597 23.4567
      vertex 3 58.3822 24.2678
    endloop
  endfacet
  facet normal -1 0 0
    outer loop
      vertex 3 51.9178 24.2678
      vertex 3 58.3822 24.2678
      vertex 3 52.4597 23.4567
    endloop
  endfacet
  facet normal -1 0 0
    outer loop
      vertex 3 51.1067 24.8097
      vertex 3 58.3822 24.2678
      vertex 3 51.9178 24.2678
    endloop
  endfacet
  facet normal -1 0 0
    outer loop
      vertex 3 59.1933 24.8097
      vertex 3 51.1067 24.8097
      vertex 3 77.3 40
    endloop
  endfacet
  facet normal -1 0 0
    outer loop
      vertex 3 50.15 25
      vertex 3 77.3 40
      vertex 3 51.1067 24.8097
    endloop
  endfacet
  facet normal -1 0 0
    outer loop
      vertex 3 40.15 25
      vertex 3 50.15 25
      vertex 3 49.1933 24.8097
    endloop
  endfacet
  facet normal -1 0 0
    outer loop
      vertex 3 42.65 22.5
      vertex 3 47.8403 23.4567
      vertex 3 47.65 22.5
    endloop
  endfacet
  facet normal -1 0 0
    outer loop
      vertex 3 42.4597 23.4567
      vertex 3 47.8403 23.4567
      vertex 3 42.65 22.5
    endloop
  endfacet
  facet normal -1 0 0
    outer loop
      vertex 3 47.8403 23.4567
      vertex 3 42.4597 23.4567
      vertex 3 48.3822 24.2678
    endloop
  endfacet
  facet normal -1 0 0
    outer loop
      vertex 3 41.9178 24.2678
      vertex 3 48.3822 24.2678
      vertex 3 42.4597 23.4567
    endloop
  endfacet
  facet normal -1 0 0
    outer loop
      vertex 3 48.3822 24.2678
      vertex 3 41.9178 24.2678
      vertex 3 49.1933 24.8097
    endloop
  endfacet
  facet normal -1 0 0
    outer loop
      vertex 3 41.1067 24.8097
      vertex 3 49.1933 24.8097
      vertex 3 41.9178 24.2678
    endloop
  endfacet
  facet normal -1 0 0
    outer loop
      vertex 3 40.15 25
      vertex 3 49.1933 24.8097
      vertex 3 41.1067 24.8097
    endloop
  endfacet
  facet normal -1 0 0
    outer loop
      vertex 3 50.15 25
      vertex 3 40.15 25
      vertex 3 77.3 40
    endloop
  endfacet
  facet normal -1 0 0
    outer loop
      vertex 3 30.15 25
      vertex 3 40.15 25
      vertex 3 39.1933 24.8097
    endloop
  endfacet
  facet normal -1 0 0
    outer loop
      vertex 3 32.65 22.5
      vertex 3 37.8403 23.4567
      vertex 3 37.65 22.5
    endloop
  endfacet
  facet normal -1 0 0
    outer loop
      vertex 3 32.4597 23.4567
      vertex 3 37.8403 23.4567
      vertex 3 32.65 22.5
    endloop
  endfacet
  facet normal -1 0 0
    outer loop
      vertex 3 37.8403 23.4567
      vertex 3 32.4597 23.4567
      vertex 3 38.3822 24.2678
    endloop
  endfacet
  facet normal -1 0 0
    outer loop
      vertex 3 31.9178 24.2678
      vertex 3 38.3822 24.2678
      vertex 3 32.4597 23.4567
    endloop
  endfacet
  facet normal -1 0 0
    outer loop
      vertex 3 38.3822 24.2678
      vertex 3 31.9178 24.2678
      vertex 3 39.1933 24.8097
    endloop
  endfacet
  facet normal -1 0 0
    outer loop
      vertex 3 31.1067 24.8097
      vertex 3 39.1933 24.8097
      vertex 3 31.9178 24.2678
    endloop
  endfacet
  facet normal -1 0 0
    outer loop
      vertex 3 30.15 25
      vertex 3 39.1933 24.8097
      vertex 3 31.1067 24.8097
    endloop
  endfacet
  facet normal -1 0 0
    outer loop
      vertex 3 40.15 25
      vertex 3 30.15 25
      vertex 3 3 40
    endloop
  endfacet
  facet normal -1 0 0
    outer loop
      vertex 3 3 40
      vertex 3 30.15 25
      vertex 3 29.1933 24.8097
    endloop
  endfacet
  facet normal -1 0 0
    outer loop
      vertex 3 22.65 22.5
      vertex 3 27.8403 23.4567
      vertex 3 27.65 22.5
    endloop
  endfacet
  facet normal -1 0 0
    outer loop
      vertex 3 22.4597 23.4567
      vertex 3 27.8403 23.4567
      vertex 3 22.65 22.5
    endloop
  endfacet
  facet normal -1 0 0
    outer loop
      vertex 3 27.8403 23.4567
      vertex 3 22.4597 23.4567
      vertex 3 28.3822 24.2678
    endloop
  endfacet
  facet normal -1 0 0
    outer loop
      vertex 3 21.9178 24.2678
      vertex 3 28.3822 24.2678
      vertex 3 22.4597 23.4567
    endloop
  endfacet
  facet normal -1 0 0
    outer loop
      vertex 3 28.3822 24.2678
      vertex 3 21.9178 24.2678
      vertex 3 29.1933 24.8097
    endloop
  endfacet
  facet normal -1 0 0
    outer loop
      vertex 3 21.1067 24.8097
      vertex 3 29.1933 24.8097
      vertex 3 21.9178 24.2678
    endloop
  endfacet
  facet normal -1 0 0
    outer loop
      vertex 3 3 40
      vertex 3 29.1933 24.8097
      vertex 3 21.1067 24.8097
    endloop
  endfacet
  facet normal -1 0 0
    outer loop
      vertex 3 3 40
      vertex 3 21.1067 24.8097
      vertex 3 20.15 25
    endloop
  endfacet
  facet normal -1 0 0
    outer loop
      vertex 3 3 40
      vertex 3 20.15 25
      vertex 3 19.1933 24.8097
    endloop
  endfacet
  facet normal -1 0 0
    outer loop
      vertex 3 3 40
      vertex 3 17.65 22.5
      vertex 3 3 5
    endloop
  endfacet
  facet normal -1 0 0
    outer loop
      vertex 3 17.65 22.5
      vertex 3 3 40
      vertex 3 17.8403 23.4567
    endloop
  endfacet
  facet normal -1 0 0
    outer loop
      vertex 3 40.15 25
      vertex 3 3 40
      vertex 3 77.3 40
    endloop
  endfacet
  facet normal -1 0 0
    outer loop
      vertex 3 18.3822 24.2678
      vertex 3 3 40
      vertex 3 19.1933 24.8097
    endloop
  endfacet
  facet normal -1 0 0
    outer loop
      vertex 3 17.8403 23.4567
      vertex 3 3 40
      vertex 3 18.3822 24.2678
    endloop
  endfacet
  facet normal 0 0 1
    outer loop
      vertex 74.75 77.3 40
      vertex 6 74.3 40
      vertex 74.75 74.3 40
    endloop
  endfacet
  facet normal 0 0 1
    outer loop
      vertex 6 74.3 40
      vertex 3 77.3 40
      vertex 6 6 40
    endloop
  endfacet
  facet normal -0 0 1
    outer loop
      vertex 3 77.3 40
      vertex 6 74.3 40
      vertex 74.75 77.3 40
    endloop
  endfacet
  facet normal 0 0 1
    outer loop
      vertex 102.5 6 40
      vertex 105.5 77.3 40
      vertex 102.5 77.3 40
    endloop
  endfacet
  facet normal 0 0 1
    outer loop
      vertex 105.5 77.3 40
      vertex 102.5 6 40
      vertex 105.5 3 40
    endloop
  endfacet
  facet normal -0 0 1
    outer loop
      vertex 6 6 40
      vertex 105.5 3 40
      vertex 102.5 6 40
    endloop
  endfacet
  facet normal 0 0 1
    outer loop
      vertex 6 6 40
      vertex 3 3 40
      vertex 105.5 3 40
    endloop
  endfacet
  facet normal 0 0 1
    outer loop
      vertex 3 3 40
      vertex 6 6 40
      vertex 3 77.3 40
    endloop
  endfacet
  facet normal 1 0 0
    outer loop
      vertex 105.5 77.3 40
      vertex 105.5 62.65 22.5
      vertex 105.5 77.3 5
    endloop
  endfacet
  facet normal 1 0 0
    outer loop
      vertex 105.5 77.3 40
      vertex 105.5 62.4597 23.4567
      vertex 105.5 62.65 22.5
    endloop
  endfacet
  facet normal 1 0 0
    outer loop
      vertex 105.5 77.3 40
      vertex 105.5 61.9178 24.2678
      vertex 105.5 62.4597 23.4567
    endloop
  endfacet
  facet normal 1 0 0
    outer loop
      vertex 105.5 77.3 40
      vertex 105.5 61.1067 24.8097
      vertex 105.5 61.9178 24.2678
    endloop
  endfacet
  facet normal 1 0 0
    outer loop
      vertex 105.5 77.3 40
      vertex 105.5 60.15 25
      vertex 105.5 61.1067 24.8097
    endloop
  endfacet
  facet normal 1 0 0
    outer loop
      vertex 105.5 77.3 40
      vertex 105.5 59.1933 24.8097
      vertex 105.5 60.15 25
    endloop
  endfacet
  facet normal 1 0 0
    outer loop
      vertex 105.5 51.1067 24.8097
      vertex 105.5 59.1933 24.8097
      vertex 105.5 77.3 40
    endloop
  endfacet
  facet normal 1 0 0
    outer loop
      vertex 105.5 57.8403 23.4567
      vertex 105.5 52.65 22.5
      vertex 105.5 57.65 22.5
    endloop
  endfacet
  facet normal 1 0 0
    outer loop
      vertex 105.5 52.4597 23.4567
      vertex 105.5 57.8403 23.4567
      vertex 105.5 58.3822 24.2678
    endloop
  endfacet
  facet normal 1 0 0
    outer loop
      vertex 105.5 59.1933 24.8097
      vertex 105.5 51.1067 24.8097
      vertex 105.5 58.3822 24.2678
    endloop
  endfacet
  facet normal 1 0 0
    outer loop
      vertex 105.5 57.8403 23.4567
      vertex 105.5 52.4597 23.4567
      vertex 105.5 52.65 22.5
    endloop
  endfacet
  facet normal 1 0 0
    outer loop
      vertex 105.5 58.3822 24.2678
      vertex 105.5 51.9178 24.2678
      vertex 105.5 52.4597 23.4567
    endloop
  endfacet
  facet normal 1 0 0
    outer loop
      vertex 105.5 58.3822 24.2678
      vertex 105.5 51.1067 24.8097
      vertex 105.5 51.9178 24.2678
    endloop
  endfacet
  facet normal 1 0 0
    outer loop
      vertex 105.5 77.3 40
      vertex 105.5 50.15 25
      vertex 105.5 51.1067 24.8097
    endloop
  endfacet
  facet normal 1 0 0
    outer loop
      vertex 105.5 40.15 25
      vertex 105.5 50.15 25
      vertex 105.5 77.3 40
    endloop
  endfacet
  facet normal 1 0 0
    outer loop
      vertex 105.5 47.8403 23.4567
      vertex 105.5 42.65 22.5
      vertex 105.5 47.65 22.5
    endloop
  endfacet
  facet normal 1 0 0
    outer loop
      vertex 105.5 42.4597 23.4567
      vertex 105.5 47.8403 23.4567
      vertex 105.5 48.3822 24.2678
    endloop
  endfacet
  facet normal 1 0 0
    outer loop
      vertex 105.5 41.9178 24.2678
      vertex 105.5 48.3822 24.2678
      vertex 105.5 49.1933 24.8097
    endloop
  endfacet
  facet normal 1 0 0
    outer loop
      vertex 105.5 50.15 25
      vertex 105.5 40.15 25
      vertex 105.5 49.1933 24.8097
    endloop
  endfacet
  facet normal 1 0 0
    outer loop
      vertex 105.5 47.8403 23.4567
      vertex 105.5 42.4597 23.4567
      vertex 105.5 42.65 22.5
    endloop
  endfacet
  facet normal 1 0 0
    outer loop
      vertex 105.5 48.3822 24.2678
      vertex 105.5 41.9178 24.2678
      vertex 105.5 42.4597 23.4567
    endloop
  endfacet
  facet normal 1 0 0
    outer loop
      vertex 105.5 49.1933 24.8097
      vertex 105.5 41.1067 24.8097
      vertex 105.5 41.9178 24.2678
    endloop
  endfacet
  facet normal 1 0 0
    outer loop
      vertex 105.5 49.1933 24.8097
      vertex 105.5 40.15 25
      vertex 105.5 41.1067 24.8097
    endloop
  endfacet
  facet normal 1 -0 0
    outer loop
      vertex 105.5 3 40
      vertex 105.5 40.15 25
      vertex 105.5 77.3 40
    endloop
  endfacet
  facet normal 1 0 0
    outer loop
      vertex 105.5 37.8403 23.4567
      vertex 105.5 32.65 22.5
      vertex 105.5 37.65 22.5
    endloop
  endfacet
  facet normal 1 0 0
    outer loop
      vertex 105.5 32.4597 23.4567
      vertex 105.5 37.8403 23.4567
      vertex 105.5 38.3822 24.2678
    endloop
  endfacet
  facet normal 1 0 0
    outer loop
      vertex 105.5 31.9178 24.2678
      vertex 105.5 38.3822 24.2678
      vertex 105.5 39.1933 24.8097
    endloop
  endfacet
  facet normal 1 0 -0
    outer loop
      vertex 105.5 30.15 25
      vertex 105.5 40.15 25
      vertex 105.5 3 40
    endloop
  endfacet
  facet normal 1 0 0
    outer loop
      vertex 105.5 37.8403 23.4567
      vertex 105.5 32.4597 23.4567
      vertex 105.5 32.65 22.5
    endloop
  endfacet
  facet normal 1 0 0
    outer loop
      vertex 105.5 38.3822 24.2678
      vertex 105.5 31.9178 24.2678
      vertex 105.5 32.4597 23.4567
    endloop
  endfacet
  facet normal 1 0 0
    outer loop
      vertex 105.5 39.1933 24.8097
      vertex 105.5 31.1067 24.8097
      vertex 105.5 31.9178 24.2678
    endloop
  endfacet
  facet normal 1 0 0
    outer loop
      vertex 105.5 39.1933 24.8097
      vertex 105.5 30.15 25
      vertex 105.5 31.1067 24.8097
    endloop
  endfacet
  facet normal 1 0 0
    outer loop
      vertex 105.5 40.15 25
      vertex 105.5 30.15 25
      vertex 105.5 39.1933 24.8097
    endloop
  endfacet
  facet normal 1 0 0
    outer loop
      vertex 105.5 27.8403 23.4567
      vertex 105.5 22.65 22.5
      vertex 105.5 27.65 22.5
    endloop
  endfacet
  facet normal 1 0 0
    outer loop
      vertex 105.5 22.4597 23.4567
      vertex 105.5 27.8403 23.4567
      vertex 105.5 28.3822 24.2678
    endloop
  endfacet
  facet normal 1 0 0
    outer loop
      vertex 105.5 21.9178 24.2678
      vertex 105.5 28.3822 24.2678
      vertex 105.5 29.1933 24.8097
    endloop
  endfacet
  facet normal 1 0 0
    outer loop
      vertex 105.5 27.8403 23.4567
      vertex 105.5 22.4597 23.4567
      vertex 105.5 22.65 22.5
    endloop
  endfacet
  facet normal 1 0 0
    outer loop
      vertex 105.5 30.15 25
      vertex 105.5 3 40
      vertex 105.5 29.1933 24.8097
    endloop
  endfacet
  facet normal 1 0 0
    outer loop
      vertex 105.5 28.3822 24.2678
      vertex 105.5 21.9178 24.2678
      vertex 105.5 22.4597 23.4567
    endloop
  endfacet
  facet normal 1 0 0
    outer loop
      vertex 105.5 29.1933 24.8097
      vertex 105.5 21.1067 24.8097
      vertex 105.5 21.9178 24.2678
    endloop
  endfacet
  facet normal 1 0 0
    outer loop
      vertex 105.5 29.1933 24.8097
      vertex 105.5 3 40
      vertex 105.5 21.1067 24.8097
    endloop
  endfacet
  facet normal 1 0 0
    outer loop
      vertex 105.5 21.1067 24.8097
      vertex 105.5 3 40
      vertex 105.5 20.15 25
    endloop
  endfacet
  facet normal 1 0 0
    outer loop
      vertex 105.5 17.8403 23.4567
      vertex 105.5 3 40
      vertex 105.5 17.65 22.5
    endloop
  endfacet
  facet normal 1 0 0
    outer loop
      vertex 105.5 18.3822 24.2678
      vertex 105.5 3 40
      vertex 105.5 17.8403 23.4567
    endloop
  endfacet
  facet normal 1 0 0
    outer loop
      vertex 105.5 19.1933 24.8097
      vertex 105.5 3 40
      vertex 105.5 18.3822 24.2678
    endloop
  endfacet
  facet normal 1 0 0
    outer loop
      vertex 105.5 20.15 25
      vertex 105.5 3 40
      vertex 105.5 19.1933 24.8097
    endloop
  endfacet
  facet normal 1 -0 0
    outer loop
      vertex 105.5 62.4597 21.5433
      vertex 105.5 77.3 5
      vertex 105.5 62.65 22.5
    endloop
  endfacet
  facet normal 1 -0 0
    outer loop
      vertex 105.5 61.9178 20.7322
      vertex 105.5 77.3 5
      vertex 105.5 62.4597 21.5433
    endloop
  endfacet
  facet normal 1 -0 0
    outer loop
      vertex 105.5 61.1067 20.1903
      vertex 105.5 77.3 5
      vertex 105.5 61.9178 20.7322
    endloop
  endfacet
  facet normal 1 -0 0
    outer loop
      vertex 105.5 60.15 20
      vertex 105.5 77.3 5
      vertex 105.5 61.1067 20.1903
    endloop
  endfacet
  facet normal 1 0 0
    outer loop
      vertex 105.5 59.1933 20.1903
      vertex 105.5 77.3 5
      vertex 105.5 60.15 20
    endloop
  endfacet
  facet normal 1 0 0
    outer loop
      vertex 105.5 51.1067 20.1903
      vertex 105.5 59.1933 20.1903
      vertex 105.5 58.3822 20.7322
    endloop
  endfacet
  facet normal 1 -0 0
    outer loop
      vertex 105.5 52.65 22.5
      vertex 105.5 57.8403 21.5433
      vertex 105.5 57.65 22.5
    endloop
  endfacet
  facet normal 1 0 0
    outer loop
      vertex 105.5 52.4597 21.5433
      vertex 105.5 57.8403 21.5433
      vertex 105.5 52.65 22.5
    endloop
  endfacet
  facet normal 1 0 0
    outer loop
      vertex 105.5 57.8403 21.5433
      vertex 105.5 52.4597 21.5433
      vertex 105.5 58.3822 20.7322
    endloop
  endfacet
  facet normal 1 0 0
    outer loop
      vertex 105.5 51.9178 20.7322
      vertex 105.5 58.3822 20.7322
      vertex 105.5 52.4597 21.5433
    endloop
  endfacet
  facet normal 1 0 0
    outer loop
      vertex 105.5 51.1067 20.1903
      vertex 105.5 58.3822 20.7322
      vertex 105.5 51.9178 20.7322
    endloop
  endfacet
  facet normal 1 0 0
    outer loop
      vertex 105.5 59.1933 20.1903
      vertex 105.5 51.1067 20.1903
      vertex 105.5 77.3 5
    endloop
  endfacet
  facet normal 1 -0 0
    outer loop
      vertex 105.5 50.15 20
      vertex 105.5 77.3 5
      vertex 105.5 51.1067 20.1903
    endloop
  endfacet
  facet normal 1 0 0
    outer loop
      vertex 105.5 40.15 20
      vertex 105.5 50.15 20
      vertex 105.5 49.1933 20.1903
    endloop
  endfacet
  facet normal 1 -0 0
    outer loop
      vertex 105.5 42.65 22.5
      vertex 105.5 47.8403 21.5433
      vertex 105.5 47.65 22.5
    endloop
  endfacet
  facet normal 1 0 0
    outer loop
      vertex 105.5 42.4597 21.5433
      vertex 105.5 47.8403 21.5433
      vertex 105.5 42.65 22.5
    endloop
  endfacet
  facet normal 1 0 0
    outer loop
      vertex 105.5 47.8403 21.5433
      vertex 105.5 42.4597 21.5433
      vertex 105.5 48.3822 20.7322
    endloop
  endfacet
  facet normal 1 0 0
    outer loop
      vertex 105.5 41.9178 20.7322
      vertex 105.5 48.3822 20.7322
      vertex 105.5 42.4597 21.5433
    endloop
  endfacet
  facet normal 1 0 0
    outer loop
      vertex 105.5 48.3822 20.7322
      vertex 105.5 41.9178 20.7322
      vertex 105.5 49.1933 20.1903
    endloop
  endfacet
  facet normal 1 0 0
    outer loop
      vertex 105.5 41.1067 20.1903
      vertex 105.5 49.1933 20.1903
      vertex 105.5 41.9178 20.7322
    endloop
  endfacet
  facet normal 1 0 0
    outer loop
      vertex 105.5 40.15 20
      vertex 105.5 49.1933 20.1903
      vertex 105.5 41.1067 20.1903
    endloop
  endfacet
  facet normal 1 0 0
    outer loop
      vertex 105.5 50.15 20
      vertex 105.5 40.15 20
      vertex 105.5 77.3 5
    endloop
  endfacet
  facet normal 1 0 0
    outer loop
      vertex 105.5 30.15 20
      vertex 105.5 40.15 20
      vertex 105.5 39.1933 20.1903
    endloop
  endfacet
  facet normal 1 -0 0
    outer loop
      vertex 105.5 32.65 22.5
      vertex 105.5 37.8403 21.5433
      vertex 105.5 37.65 22.5
    endloop
  endfacet
  facet normal 1 0 0
    outer loop
      vertex 105.5 32.4597 21.5433
      vertex 105.5 37.8403 21.5433
      vertex 105.5 32.65 22.5
    endloop
  endfacet
  facet normal 1 0 0
    outer loop
      vertex 105.5 37.8403 21.5433
      vertex 105.5 32.4597 21.5433
      vertex 105.5 38.3822 20.7322
    endloop
  endfacet
  facet normal 1 0 0
    outer loop
      vertex 105.5 31.9178 20.7322
      vertex 105.5 38.3822 20.7322
      vertex 105.5 32.4597 21.5433
    endloop
  endfacet
  facet normal 1 0 0
    outer loop
      vertex 105.5 38.3822 20.7322
      vertex 105.5 31.9178 20.7322
      vertex 105.5 39.1933 20.1903
    endloop
  endfacet
  facet normal 1 0 0
    outer loop
      vertex 105.5 31.1067 20.1903
      vertex 105.5 39.1933 20.1903
      vertex 105.5 31.9178 20.7322
    endloop
  endfacet
  facet normal 1 0 0
    outer loop
      vertex 105.5 30.15 20
      vertex 105.5 39.1933 20.1903
      vertex 105.5 31.1067 20.1903
    endloop
  endfacet
  facet normal 1 0 0
    outer loop
      vertex 105.5 40.15 20
      vertex 105.5 30.15 20
      vertex 105.5 3 5
    endloop
  endfacet
  facet normal 1 0 0
    outer loop
      vertex 105.5 3 5
      vertex 105.5 30.15 20
      vertex 105.5 29.1933 20.1903
    endloop
  endfacet
  facet normal 1 -0 0
    outer loop
      vertex 105.5 22.65 22.5
      vertex 105.5 27.8403 21.5433
      vertex 105.5 27.65 22.5
    endloop
  endfacet
  facet normal 1 0 0
    outer loop
      vertex 105.5 22.4597 21.5433
      vertex 105.5 27.8403 21.5433
      vertex 105.5 22.65 22.5
    endloop
  endfacet
  facet normal 1 0 0
    outer loop
      vertex 105.5 27.8403 21.5433
      vertex 105.5 22.4597 21.5433
      vertex 105.5 28.3822 20.7322
    endloop
  endfacet
  facet normal 1 0 0
    outer loop
      vertex 105.5 21.9178 20.7322
      vertex 105.5 28.3822 20.7322
      vertex 105.5 22.4597 21.5433
    endloop
  endfacet
  facet normal 1 0 0
    outer loop
      vertex 105.5 28.3822 20.7322
      vertex 105.5 21.9178 20.7322
      vertex 105.5 29.1933 20.1903
    endloop
  endfacet
  facet normal 1 0 0
    outer loop
      vertex 105.5 21.1067 20.1903
      vertex 105.5 29.1933 20.1903
      vertex 105.5 21.9178 20.7322
    endloop
  endfacet
  facet normal 1 0 0
    outer loop
      vertex 105.5 3 5
      vertex 105.5 29.1933 20.1903
      vertex 105.5 21.1067 20.1903
    endloop
  endfacet
  facet normal 1 0 0
    outer loop
      vertex 105.5 3 5
      vertex 105.5 21.1067 20.1903
      vertex 105.5 20.15 20
    endloop
  endfacet
  facet normal 1 0 0
    outer loop
      vertex 105.5 3 5
      vertex 105.5 20.15 20
      vertex 105.5 19.1933 20.1903
    endloop
  endfacet
  facet normal 1 0 0
    outer loop
      vertex 105.5 3 5
      vertex 105.5 17.65 22.5
      vertex 105.5 3 40
    endloop
  endfacet
  facet normal 1 0 0
    outer loop
      vertex 105.5 17.65 22.5
      vertex 105.5 3 5
      vertex 105.5 17.8403 21.5433
    endloop
  endfacet
  facet normal 1 0 0
    outer loop
      vertex 105.5 40.15 20
      vertex 105.5 3 5
      vertex 105.5 77.3 5
    endloop
  endfacet
  facet normal 1 0 0
    outer loop
      vertex 105.5 18.3822 20.7322
      vertex 105.5 3 5
      vertex 105.5 19.1933 20.1903
    endloop
  endfacet
  facet normal 1 0 0
    outer loop
      vertex 105.5 17.8403 21.5433
      vertex 105.5 3 5
      vertex 105.5 18.3822 20.7322
    endloop
  endfacet
  facet normal 0 -1 0
    outer loop
      vertex 3 3 5
      vertex 105.5 3 40
      vertex 3 3 40
    endloop
  endfacet
  facet normal 0 -1 -0
    outer loop
      vertex 105.5 3 40
      vertex 3 3 5
      vertex 105.5 3 5
    endloop
  endfacet
  facet normal 0 1 -0
    outer loop
      vertex 102.5 6 5
      vertex 6 6 40
      vertex 102.5 6 40
    endloop
  endfacet
  facet normal 0 1 0
    outer loop
      vertex 6 6 40
      vertex 102.5 6 5
      vertex 6 6 5
    endloop
  endfacet
  facet normal 1 0 0
    outer loop
      vertex 6 74.3 40
      vertex 6 62.65 22.5
      vertex 6 74.3 5
    endloop
  endfacet
  facet normal 1 0 0
    outer loop
      vertex 6 74.3 40
      vertex 6 62.4597 23.4567
      vertex 6 62.65 22.5
    endloop
  endfacet
  facet normal 1 0 0
    outer loop
      vertex 6 74.3 40
      vertex 6 61.9178 24.2678
      vertex 6 62.4597 23.4567
    endloop
  endfacet
  facet normal 1 0 0
    outer loop
      vertex 6 74.3 40
      vertex 6 61.1067 24.8097
      vertex 6 61.9178 24.2678
    endloop
  endfacet
  facet normal 1 0 0
    outer loop
      vertex 6 74.3 40
      vertex 6 60.15 25
      vertex 6 61.1067 24.8097
    endloop
  endfacet
  facet normal 1 0 0
    outer loop
      vertex 6 74.3 40
      vertex 6 59.1933 24.8097
      vertex 6 60.15 25
    endloop
  endfacet
  facet normal 1 0 0
    outer loop
      vertex 6 51.1067 24.8097
      vertex 6 59.1933 24.8097
      vertex 6 74.3 40
    endloop
  endfacet
  facet normal 1 0 0
    outer loop
      vertex 6 57.8403 23.4567
      vertex 6 52.65 22.5
      vertex 6 57.65 22.5
    endloop
  endfacet
  facet normal 1 0 0
    outer loop
      vertex 6 52.4597 23.4567
      vertex 6 57.8403 23.4567
      vertex 6 58.3822 24.2678
    endloop
  endfacet
  facet normal 1 0 0
    outer loop
      vertex 6 59.1933 24.8097
      vertex 6 51.1067 24.8097
      vertex 6 58.3822 24.2678
    endloop
  endfacet
  facet normal 1 0 0
    outer loop
      vertex 6 57.8403 23.4567
      vertex 6 52.4597 23.4567
      vertex 6 52.65 22.5
    endloop
  endfacet
  facet normal 1 0 0
    outer loop
      vertex 6 58.3822 24.2678
      vertex 6 51.9178 24.2678
      vertex 6 52.4597 23.4567
    endloop
  endfacet
  facet normal 1 0 0
    outer loop
      vertex 6 58.3822 24.2678
      vertex 6 51.1067 24.8097
      vertex 6 51.9178 24.2678
    endloop
  endfacet
  facet normal 1 0 0
    outer loop
      vertex 6 74.3 40
      vertex 6 50.15 25
      vertex 6 51.1067 24.8097
    endloop
  endfacet
  facet normal 1 0 0
    outer loop
      vertex 6 40.15 25
      vertex 6 50.15 25
      vertex 6 74.3 40
    endloop
  endfacet
  facet normal 1 0 0
    outer loop
      vertex 6 47.8403 23.4567
      vertex 6 42.65 22.5
      vertex 6 47.65 22.5
    endloop
  endfacet
  facet normal 1 0 0
    outer loop
      vertex 6 42.4597 23.4567
      vertex 6 47.8403 23.4567
      vertex 6 48.3822 24.2678
    endloop
  endfacet
  facet normal 1 0 0
    outer loop
      vertex 6 41.9178 24.2678
      vertex 6 48.3822 24.2678
      vertex 6 49.1933 24.8097
    endloop
  endfacet
  facet normal 1 0 0
    outer loop
      vertex 6 50.15 25
      vertex 6 40.15 25
      vertex 6 49.1933 24.8097
    endloop
  endfacet
  facet normal 1 0 0
    outer loop
      vertex 6 47.8403 23.4567
      vertex 6 42.4597 23.4567
      vertex 6 42.65 22.5
    endloop
  endfacet
  facet normal 1 0 0
    outer loop
      vertex 6 48.3822 24.2678
      vertex 6 41.9178 24.2678
      vertex 6 42.4597 23.4567
    endloop
  endfacet
  facet normal 1 0 0
    outer loop
      vertex 6 49.1933 24.8097
      vertex 6 41.1067 24.8097
      vertex 6 41.9178 24.2678
    endloop
  endfacet
  facet normal 1 0 0
    outer loop
      vertex 6 49.1933 24.8097
      vertex 6 40.15 25
      vertex 6 41.1067 24.8097
    endloop
  endfacet
  facet normal 1 -0 0
    outer loop
      vertex 6 6 40
      vertex 6 40.15 25
      vertex 6 74.3 40
    endloop
  endfacet
  facet normal 1 0 0
    outer loop
      vertex 6 37.8403 23.4567
      vertex 6 32.65 22.5
      vertex 6 37.65 22.5
    endloop
  endfacet
  facet normal 1 0 0
    outer loop
      vertex 6 32.4597 23.4567
      vertex 6 37.8403 23.4567
      vertex 6 38.3822 24.2678
    endloop
  endfacet
  facet normal 1 0 0
    outer loop
      vertex 6 31.9178 24.2678
      vertex 6 38.3822 24.2678
      vertex 6 39.1933 24.8097
    endloop
  endfacet
  facet normal 1 0 -0
    outer loop
      vertex 6 30.15 25
      vertex 6 40.15 25
      vertex 6 6 40
    endloop
  endfacet
  facet normal 1 0 0
    outer loop
      vertex 6 37.8403 23.4567
      vertex 6 32.4597 23.4567
      vertex 6 32.65 22.5
    endloop
  endfacet
  facet normal 1 0 0
    outer loop
      vertex 6 38.3822 24.2678
      vertex 6 31.9178 24.2678
      vertex 6 32.4597 23.4567
    endloop
  endfacet
  facet normal 1 0 0
    outer loop
      vertex 6 39.1933 24.8097
      vertex 6 31.1067 24.8097
      vertex 6 31.9178 24.2678
    endloop
  endfacet
  facet normal 1 0 0
    outer loop
      vertex 6 40.15 25
      vertex 6 30.15 25
      vertex 6 39.1933 24.8097
    endloop
  endfacet
  facet normal 1 0 0
    outer loop
      vertex 6 39.1933 24.8097
      vertex 6 30.15 25
      vertex 6 31.1067 24.8097
    endloop
  endfacet
  facet normal 1 0 0
    outer loop
      vertex 6 27.8403 23.4567
      vertex 6 22.65 22.5
      vertex 6 27.65 22.5
    endloop
  endfacet
  facet normal 1 0 0
    outer loop
      vertex 6 22.4597 23.4567
      vertex 6 27.8403 23.4567
      vertex 6 28.3822 24.2678
    endloop
  endfacet
  facet normal 1 0 0
    outer loop
      vertex 6 21.9178 24.2678
      vertex 6 28.3822 24.2678
      vertex 6 29.1933 24.8097
    endloop
  endfacet
  facet normal 1 0 0
    outer loop
      vertex 6 27.8403 23.4567
      vertex 6 22.4597 23.4567
      vertex 6 22.65 22.5
    endloop
  endfacet
  facet normal 1 0 0
    outer loop
      vertex 6 30.15 25
      vertex 6 6 40
      vertex 6 29.1933 24.8097
    endloop
  endfacet
  facet normal 1 0 0
    outer loop
      vertex 6 28.3822 24.2678
      vertex 6 21.9178 24.2678
      vertex 6 22.4597 23.4567
    endloop
  endfacet
  facet normal 1 0 0
    outer loop
      vertex 6 29.1933 24.8097
      vertex 6 21.1067 24.8097
      vertex 6 21.9178 24.2678
    endloop
  endfacet
  facet normal 1 0 0
    outer loop
      vertex 6 29.1933 24.8097
      vertex 6 6 40
      vertex 6 21.1067 24.8097
    endloop
  endfacet
  facet normal 1 0 0
    outer loop
      vertex 6 21.1067 24.8097
      vertex 6 6 40
      vertex 6 20.15 25
    endloop
  endfacet
  facet normal 1 0 0
    outer loop
      vertex 6 17.8403 23.4567
      vertex 6 6 40
      vertex 6 17.65 22.5
    endloop
  endfacet
  facet normal 1 0 0
    outer loop
      vertex 6 18.3822 24.2678
      vertex 6 6 40
      vertex 6 17.8403 23.4567
    endloop
  endfacet
  facet normal 1 0 0
    outer loop
      vertex 6 19.1933 24.8097
      vertex 6 6 40
      vertex 6 18.3822 24.2678
    endloop
  endfacet
  facet normal 1 0 0
    outer loop
      vertex 6 20.15 25
      vertex 6 6 40
      vertex 6 19.1933 24.8097
    endloop
  endfacet
  facet normal 1 -0 0
    outer loop
      vertex 6 62.4597 21.5433
      vertex 6 74.3 5
      vertex 6 62.65 22.5
    endloop
  endfacet
  facet normal 1 -0 0
    outer loop
      vertex 6 61.9178 20.7322
      vertex 6 74.3 5
      vertex 6 62.4597 21.5433
    endloop
  endfacet
  facet normal 1 -0 0
    outer loop
      vertex 6 61.1067 20.1903
      vertex 6 74.3 5
      vertex 6 61.9178 20.7322
    endloop
  endfacet
  facet normal 1 -0 0
    outer loop
      vertex 6 60.15 20
      vertex 6 74.3 5
      vertex 6 61.1067 20.1903
    endloop
  endfacet
  facet normal 1 0 0
    outer loop
      vertex 6 59.1933 20.1903
      vertex 6 74.3 5
      vertex 6 60.15 20
    endloop
  endfacet
  facet normal 1 0 0
    outer loop
      vertex 6 51.1067 20.1903
      vertex 6 59.1933 20.1903
      vertex 6 58.3822 20.7322
    endloop
  endfacet
  facet normal 1 -0 0
    outer loop
      vertex 6 52.65 22.5
      vertex 6 57.8403 21.5433
      vertex 6 57.65 22.5
    endloop
  endfacet
  facet normal 1 0 0
    outer loop
      vertex 6 52.4597 21.5433
      vertex 6 57.8403 21.5433
      vertex 6 52.65 22.5
    endloop
  endfacet
  facet normal 1 0 0
    outer loop
      vertex 6 57.8403 21.5433
      vertex 6 52.4597 21.5433
      vertex 6 58.3822 20.7322
    endloop
  endfacet
  facet normal 1 0 0
    outer loop
      vertex 6 51.9178 20.7322
      vertex 6 58.3822 20.7322
      vertex 6 52.4597 21.5433
    endloop
  endfacet
  facet normal 1 0 0
    outer loop
      vertex 6 51.1067 20.1903
      vertex 6 58.3822 20.7322
      vertex 6 51.9178 20.7322
    endloop
  endfacet
  facet normal 1 0 0
    outer loop
      vertex 6 59.1933 20.1903
      vertex 6 51.1067 20.1903
      vertex 6 74.3 5
    endloop
  endfacet
  facet normal 1 -0 0
    outer loop
      vertex 6 50.15 20
      vertex 6 74.3 5
      vertex 6 51.1067 20.1903
    endloop
  endfacet
  facet normal 1 0 0
    outer loop
      vertex 6 40.15 20
      vertex 6 50.15 20
      vertex 6 49.1933 20.1903
    endloop
  endfacet
  facet normal 1 -0 0
    outer loop
      vertex 6 42.65 22.5
      vertex 6 47.8403 21.5433
      vertex 6 47.65 22.5
    endloop
  endfacet
  facet normal 1 0 0
    outer loop
      vertex 6 42.4597 21.5433
      vertex 6 47.8403 21.5433
      vertex 6 42.65 22.5
    endloop
  endfacet
  facet normal 1 0 0
    outer loop
      vertex 6 47.8403 21.5433
      vertex 6 42.4597 21.5433
      vertex 6 48.3822 20.7322
    endloop
  endfacet
  facet normal 1 0 0
    outer loop
      vertex 6 41.9178 20.7322
      vertex 6 48.3822 20.7322
      vertex 6 42.4597 21.5433
    endloop
  endfacet
  facet normal 1 0 0
    outer loop
      vertex 6 48.3822 20.7322
      vertex 6 41.9178 20.7322
      vertex 6 49.1933 20.1903
    endloop
  endfacet
  facet normal 1 0 0
    outer loop
      vertex 6 41.1067 20.1903
      vertex 6 49.1933 20.1903
      vertex 6 41.9178 20.7322
    endloop
  endfacet
  facet normal 1 0 0
    outer loop
      vertex 6 40.15 20
      vertex 6 49.1933 20.1903
      vertex 6 41.1067 20.1903
    endloop
  endfacet
  facet normal 1 0 0
    outer loop
      vertex 6 50.15 20
      vertex 6 40.15 20
      vertex 6 74.3 5
    endloop
  endfacet
  facet normal 1 0 0
    outer loop
      vertex 6 30.15 20
      vertex 6 40.15 20
      vertex 6 39.1933 20.1903
    endloop
  endfacet
  facet normal 1 -0 0
    outer loop
      vertex 6 32.65 22.5
      vertex 6 37.8403 21.5433
      vertex 6 37.65 22.5
    endloop
  endfacet
  facet normal 1 0 0
    outer loop
      vertex 6 32.4597 21.5433
      vertex 6 37.8403 21.5433
      vertex 6 32.65 22.5
    endloop
  endfacet
  facet normal 1 0 0
    outer loop
      vertex 6 37.8403 21.5433
      vertex 6 32.4597 21.5433
      vertex 6 38.3822 20.7322
    endloop
  endfacet
  facet normal 1 0 0
    outer loop
      vertex 6 31.9178 20.7322
      vertex 6 38.3822 20.7322
      vertex 6 32.4597 21.5433
    endloop
  endfacet
  facet normal 1 0 0
    outer loop
      vertex 6 38.3822 20.7322
      vertex 6 31.9178 20.7322
      vertex 6 39.1933 20.1903
    endloop
  endfacet
  facet normal 1 0 0
    outer loop
      vertex 6 31.1067 20.1903
      vertex 6 39.1933 20.1903
      vertex 6 31.9178 20.7322
    endloop
  endfacet
  facet normal 1 0 0
    outer loop
      vertex 6 30.15 20
      vertex 6 39.1933 20.1903
      vertex 6 31.1067 20.1903
    endloop
  endfacet
  facet normal 1 0 0
    outer loop
      vertex 6 40.15 20
      vertex 6 30.15 20
      vertex 6 6 5
    endloop
  endfacet
  facet normal 1 0 0
    outer loop
      vertex 6 6 5
      vertex 6 30.15 20
      vertex 6 29.1933 20.1903
    endloop
  endfacet
  facet normal 1 -0 0
    outer loop
      vertex 6 22.65 22.5
      vertex 6 27.8403 21.5433
      vertex 6 27.65 22.5
    endloop
  endfacet
  facet normal 1 0 0
    outer loop
      vertex 6 22.4597 21.5433
      vertex 6 27.8403 21.5433
      vertex 6 22.65 22.5
    endloop
  endfacet
  facet normal 1 0 0
    outer loop
      vertex 6 27.8403 21.5433
      vertex 6 22.4597 21.5433
      vertex 6 28.3822 20.7322
    endloop
  endfacet
  facet normal 1 0 0
    outer loop
      vertex 6 21.9178 20.7322
      vertex 6 28.3822 20.7322
      vertex 6 22.4597 21.5433
    endloop
  endfacet
  facet normal 1 0 0
    outer loop
      vertex 6 28.3822 20.7322
      vertex 6 21.9178 20.7322
      vertex 6 29.1933 20.1903
    endloop
  endfacet
  facet normal 1 0 0
    outer loop
      vertex 6 21.1067 20.1903
      vertex 6 29.1933 20.1903
      vertex 6 21.9178 20.7322
    endloop
  endfacet
  facet normal 1 0 0
    outer loop
      vertex 6 6 5
      vertex 6 29.1933 20.1903
      vertex 6 21.1067 20.1903
    endloop
  endfacet
  facet normal 1 0 0
    outer loop
      vertex 6 6 5
      vertex 6 21.1067 20.1903
      vertex 6 20.15 20
    endloop
  endfacet
  facet normal 1 0 0
    outer loop
      vertex 6 6 5
      vertex 6 20.15 20
      vertex 6 19.1933 20.1903
    endloop
  endfacet
  facet normal 1 0 0
    outer loop
      vertex 6 6 5
      vertex 6 17.65 22.5
      vertex 6 6 40
    endloop
  endfacet
  facet normal 1 0 0
    outer loop
      vertex 6 40.15 20
      vertex 6 6 5
      vertex 6 74.3 5
    endloop
  endfacet
  facet normal 1 0 0
    outer loop
      vertex 6 18.3822 20.7322
      vertex 6 6 5
      vertex 6 19.1933 20.1903
    endloop
  endfacet
  facet normal 1 0 0
    outer loop
      vertex 6 17.8403 21.5433
      vertex 6 6 5
      vertex 6 18.3822 20.7322
    endloop
  endfacet
  facet normal 1 0 0
    outer loop
      vertex 6 17.65 22.5
      vertex 6 6 5
      vertex 6 17.8403 21.5433
    endloop
  endfacet
  facet normal 0 1 0
    outer loop
      vertex 105.5 77.3 40
      vertex 102.5 77.3 26
      vertex 102.5 77.3 40
    endloop
  endfacet
  facet normal 0 1 -0
    outer loop
      vertex 100.5 77.3 17
      vertex 74.75 77.3 26
      vertex 102.5 77.3 26
    endloop
  endfacet
  facet normal 0 1 0
    outer loop
      vertex 74.75 77.3 26
      vertex 100.5 77.3 17
      vertex 75.5 77.3 17
    endloop
  endfacet
  facet normal 0 1 -0
    outer loop
      vertex 105.5 77.3 5
      vertex 102.5 77.3 26
      vertex 105.5 77.3 40
    endloop
  endfacet
  facet normal 0 1 0
    outer loop
      vertex 105.5 77.3 5
      vertex 100.5 77.3 17
      vertex 102.5 77.3 26
    endloop
  endfacet
  facet normal 0 1 0
    outer loop
      vertex 100.5 77.3 17
      vertex 105.5 77.3 5
      vertex 100.5 77.3 5
    endloop
  endfacet
  facet normal 0 1 0
    outer loop
      vertex 64.25 77.3 20
      vertex 74.75 77.3 40
      vertex 74.75 77.3 26
    endloop
  endfacet
  facet normal 0 1 0
    outer loop
      vertex 74.75 77.3 40
      vertex 64.25 77.3 20
      vertex 44.25 77.3 20
    endloop
  endfacet
  facet normal 0 1 0
    outer loop
      vertex 74.75 77.3 40
      vertex 44.25 77.3 20
      vertex 3 77.3 40
    endloop
  endfacet
  facet normal 0 1 0
    outer loop
      vertex 3 77.3 5
      vertex 44.25 77.3 20
      vertex 44.25 77.3 5
    endloop
  endfacet
  facet normal 0 1 0
    outer loop
      vertex 44.25 77.3 20
      vertex 3 77.3 5
      vertex 3 77.3 40
    endloop
  endfacet
  facet normal 0 1 0
    outer loop
      vertex 74.75 77.3 26
      vertex 75.5 77.3 17
      vertex 64.25 77.3 20
    endloop
  endfacet
  facet normal 0 1 0
    outer loop
      vertex 64.25 77.3 5
      vertex 75.5 77.3 17
      vertex 75.5 77.3 5
    endloop
  endfacet
  facet normal 0 1 0
    outer loop
      vertex 75.5 77.3 17
      vertex 64.25 77.3 5
      vertex 64.25 77.3 20
    endloop
  endfacet
  facet normal 0 1 -0
    outer loop
      vertex 64.25 77.3 5
      vertex 44.25 77.3 20
      vertex 64.25 77.3 20
    endloop
  endfacet
  facet normal 0 1 0
    outer loop
      vertex 44.25 77.3 20
      vertex 64.25 77.3 5
      vertex 44.25 77.3 5
    endloop
  endfacet
  facet normal -1 0 0
    outer loop
      vertex 102.5 62.4597 21.5433
      vertex 102.5 74.3 26
      vertex 102.5 74.3 5
    endloop
  endfacet
  facet normal -1 0 0
    outer loop
      vertex 102.5 74.3 26
      vertex 102.5 62.4597 21.5433
      vertex 102.5 62.65 22.5
    endloop
  endfacet
  facet normal -1 0 0
    outer loop
      vertex 102.5 74.3 5
      vertex 102.5 61.9178 20.7322
      vertex 102.5 62.4597 21.5433
    endloop
  endfacet
  facet normal -1 0 0
    outer loop
      vertex 102.5 74.3 5
      vertex 102.5 61.1067 20.1903
      vertex 102.5 61.9178 20.7322
    endloop
  endfacet
  facet normal -1 0 0
    outer loop
      vertex 102.5 74.3 5
      vertex 102.5 60.15 20
      vertex 102.5 61.1067 20.1903
    endloop
  endfacet
  facet normal -1 0 0
    outer loop
      vertex 102.5 74.3 5
      vertex 102.5 59.1933 20.1903
      vertex 102.5 60.15 20
    endloop
  endfacet
  facet normal -1 0 0
    outer loop
      vertex 102.5 51.1067 20.1903
      vertex 102.5 59.1933 20.1903
      vertex 102.5 74.3 5
    endloop
  endfacet
  facet normal -1 0 0
    outer loop
      vertex 102.5 57.8403 21.5433
      vertex 102.5 52.65 22.5
      vertex 102.5 57.65 22.5
    endloop
  endfacet
  facet normal -1 0 0
    outer loop
      vertex 102.5 52.4597 21.5433
      vertex 102.5 57.8403 21.5433
      vertex 102.5 58.3822 20.7322
    endloop
  endfacet
  facet normal -1 0 0
    outer loop
      vertex 102.5 59.1933 20.1903
      vertex 102.5 51.1067 20.1903
      vertex 102.5 58.3822 20.7322
    endloop
  endfacet
  facet normal -1 0 0
    outer loop
      vertex 102.5 57.8403 21.5433
      vertex 102.5 52.4597 21.5433
      vertex 102.5 52.65 22.5
    endloop
  endfacet
  facet normal -1 0 0
    outer loop
      vertex 102.5 58.3822 20.7322
      vertex 102.5 51.9178 20.7322
      vertex 102.5 52.4597 21.5433
    endloop
  endfacet
  facet normal -1 -0 0
    outer loop
      vertex 102.5 58.3822 20.7322
      vertex 102.5 51.1067 20.1903
      vertex 102.5 51.9178 20.7322
    endloop
  endfacet
  facet normal -1 0 0
    outer loop
      vertex 102.5 74.3 5
      vertex 102.5 50.15 20
      vertex 102.5 51.1067 20.1903
    endloop
  endfacet
  facet normal -1 0 0
    outer loop
      vertex 102.5 40.15 20
      vertex 102.5 50.15 20
      vertex 102.5 74.3 5
    endloop
  endfacet
  facet normal -1 0 0
    outer loop
      vertex 102.5 47.8403 21.5433
      vertex 102.5 42.65 22.5
      vertex 102.5 47.65 22.5
    endloop
  endfacet
  facet normal -1 0 0
    outer loop
      vertex 102.5 42.4597 21.5433
      vertex 102.5 47.8403 21.5433
      vertex 102.5 48.3822 20.7322
    endloop
  endfacet
  facet normal -1 0 0
    outer loop
      vertex 102.5 41.9178 20.7322
      vertex 102.5 48.3822 20.7322
      vertex 102.5 49.1933 20.1903
    endloop
  endfacet
  facet normal -1 0 0
    outer loop
      vertex 102.5 50.15 20
      vertex 102.5 40.15 20
      vertex 102.5 49.1933 20.1903
    endloop
  endfacet
  facet normal -1 0 0
    outer loop
      vertex 102.5 47.8403 21.5433
      vertex 102.5 42.4597 21.5433
      vertex 102.5 42.65 22.5
    endloop
  endfacet
  facet normal -1 0 0
    outer loop
      vertex 102.5 48.3822 20.7322
      vertex 102.5 41.9178 20.7322
      vertex 102.5 42.4597 21.5433
    endloop
  endfacet
  facet normal -1 0 0
    outer loop
      vertex 102.5 49.1933 20.1903
      vertex 102.5 41.1067 20.1903
      vertex 102.5 41.9178 20.7322
    endloop
  endfacet
  facet normal -1 -0 0
    outer loop
      vertex 102.5 49.1933 20.1903
      vertex 102.5 40.15 20
      vertex 102.5 41.1067 20.1903
    endloop
  endfacet
  facet normal -1 0 0
    outer loop
      vertex 102.5 6 5
      vertex 102.5 40.15 20
      vertex 102.5 74.3 5
    endloop
  endfacet
  facet normal -1 0 0
    outer loop
      vertex 102.5 37.8403 21.5433
      vertex 102.5 32.65 22.5
      vertex 102.5 37.65 22.5
    endloop
  endfacet
  facet normal -1 0 0
    outer loop
      vertex 102.5 32.4597 21.5433
      vertex 102.5 37.8403 21.5433
      vertex 102.5 38.3822 20.7322
    endloop
  endfacet
  facet normal -1 0 0
    outer loop
      vertex 102.5 31.9178 20.7322
      vertex 102.5 38.3822 20.7322
      vertex 102.5 39.1933 20.1903
    endloop
  endfacet
  facet normal -1 0 -0
    outer loop
      vertex 102.5 30.15 20
      vertex 102.5 40.15 20
      vertex 102.5 6 5
    endloop
  endfacet
  facet normal -1 0 0
    outer loop
      vertex 102.5 37.8403 21.5433
      vertex 102.5 32.4597 21.5433
      vertex 102.5 32.65 22.5
    endloop
  endfacet
  facet normal -1 0 0
    outer loop
      vertex 102.5 38.3822 20.7322
      vertex 102.5 31.9178 20.7322
      vertex 102.5 32.4597 21.5433
    endloop
  endfacet
  facet normal -1 0 0
    outer loop
      vertex 102.5 39.1933 20.1903
      vertex 102.5 31.1067 20.1903
      vertex 102.5 31.9178 20.7322
    endloop
  endfacet
  facet normal -1 0 0
    outer loop
      vertex 102.5 40.15 20
      vertex 102.5 30.15 20
      vertex 102.5 39.1933 20.1903
    endloop
  endfacet
  facet normal -1 -0 0
    outer loop
      vertex 102.5 39.1933 20.1903
      vertex 102.5 30.15 20
      vertex 102.5 31.1067 20.1903
    endloop
  endfacet
  facet normal -1 0 0
    outer loop
      vertex 102.5 27.8403 21.5433
      vertex 102.5 22.65 22.5
      vertex 102.5 27.65 22.5
    endloop
  endfacet
  facet normal -1 0 0
    outer loop
      vertex 102.5 22.4597 21.5433
      vertex 102.5 27.8403 21.5433
      vertex 102.5 28.3822 20.7322
    endloop
  endfacet
  facet normal -1 0 0
    outer loop
      vertex 102.5 21.9178 20.7322
      vertex 102.5 28.3822 20.7322
      vertex 102.5 29.1933 20.1903
    endloop
  endfacet
  facet normal -1 0 0
    outer loop
      vertex 102.5 27.8403 21.5433
      vertex 102.5 22.4597 21.5433
      vertex 102.5 22.65 22.5
    endloop
  endfacet
  facet normal -1 -0 0
    outer loop
      vertex 102.5 30.15 20
      vertex 102.5 6 5
      vertex 102.5 29.1933 20.1903
    endloop
  endfacet
  facet normal -1 0 0
    outer loop
      vertex 102.5 28.3822 20.7322
      vertex 102.5 21.9178 20.7322
      vertex 102.5 22.4597 21.5433
    endloop
  endfacet
  facet normal -1 0 0
    outer loop
      vertex 102.5 29.1933 20.1903
      vertex 102.5 21.1067 20.1903
      vertex 102.5 21.9178 20.7322
    endloop
  endfacet
  facet normal -1 -0 0
    outer loop
      vertex 102.5 29.1933 20.1903
      vertex 102.5 6 5
      vertex 102.5 21.1067 20.1903
    endloop
  endfacet
  facet normal -1 0 0
    outer loop
      vertex 102.5 21.1067 20.1903
      vertex 102.5 6 5
      vertex 102.5 20.15 20
    endloop
  endfacet
  facet normal -1 -0 0
    outer loop
      vertex 102.5 17.8403 21.5433
      vertex 102.5 6 5
      vertex 102.5 17.65 22.5
    endloop
  endfacet
  facet normal -1 -0 0
    outer loop
      vertex 102.5 18.3822 20.7322
      vertex 102.5 6 5
      vertex 102.5 17.8403 21.5433
    endloop
  endfacet
  facet normal -1 -0 0
    outer loop
      vertex 102.5 19.1933 20.1903
      vertex 102.5 6 5
      vertex 102.5 18.3822 20.7322
    endloop
  endfacet
  facet normal -1 -0 0
    outer loop
      vertex 102.5 20.15 20
      vertex 102.5 6 5
      vertex 102.5 19.1933 20.1903
    endloop
  endfacet
  facet normal -1 0 0
    outer loop
      vertex 102.5 74.3 26
      vertex 102.5 77.3 40
      vertex 102.5 77.3 26
    endloop
  endfacet
  facet normal -1 0 0
    outer loop
      vertex 102.5 62.4597 23.4567
      vertex 102.5 74.3 26
      vertex 102.5 62.65 22.5
    endloop
  endfacet
  facet normal -1 0 0
    outer loop
      vertex 102.5 61.9178 24.2678
      vertex 102.5 74.3 26
      vertex 102.5 62.4597 23.4567
    endloop
  endfacet
  facet normal -1 0 0
    outer loop
      vertex 102.5 61.1067 24.8097
      vertex 102.5 74.3 26
      vertex 102.5 61.9178 24.2678
    endloop
  endfacet
  facet normal -1 -0 0
    outer loop
      vertex 102.5 74.3 26
      vertex 102.5 61.1067 24.8097
      vertex 102.5 77.3 40
    endloop
  endfacet
  facet normal -1 0 0
    outer loop
      vertex 102.5 60.15 25
      vertex 102.5 77.3 40
      vertex 102.5 61.1067 24.8097
    endloop
  endfacet
  facet normal -1 0 0
    outer loop
      vertex 102.5 59.1933 24.8097
      vertex 102.5 77.3 40
      vertex 102.5 60.15 25
    endloop
  endfacet
  facet normal -1 0 0
    outer loop
      vertex 102.5 51.1067 24.8097
      vertex 102.5 59.1933 24.8097
      vertex 102.5 58.3822 24.2678
    endloop
  endfacet
  facet normal -1 0 0
    outer loop
      vertex 102.5 52.65 22.5
      vertex 102.5 57.8403 23.4567
      vertex 102.5 57.65 22.5
    endloop
  endfacet
  facet normal -1 0 0
    outer loop
      vertex 102.5 52.4597 23.4567
      vertex 102.5 57.8403 23.4567
      vertex 102.5 52.65 22.5
    endloop
  endfacet
  facet normal -1 0 0
    outer loop
      vertex 102.5 57.8403 23.4567
      vertex 102.5 52.4597 23.4567
      vertex 102.5 58.3822 24.2678
    endloop
  endfacet
  facet normal -1 0 0
    outer loop
      vertex 102.5 51.9178 24.2678
      vertex 102.5 58.3822 24.2678
      vertex 102.5 52.4597 23.4567
    endloop
  endfacet
  facet normal -1 0 0
    outer loop
      vertex 102.5 51.1067 24.8097
      vertex 102.5 58.3822 24.2678
      vertex 102.5 51.9178 24.2678
    endloop
  endfacet
  facet normal -1 0 0
    outer loop
      vertex 102.5 59.1933 24.8097
      vertex 102.5 51.1067 24.8097
      vertex 102.5 77.3 40
    endloop
  endfacet
  facet normal -1 0 0
    outer loop
      vertex 102.5 50.15 25
      vertex 102.5 77.3 40
      vertex 102.5 51.1067 24.8097
    endloop
  endfacet
  facet normal -1 0 0
    outer loop
      vertex 102.5 40.15 25
      vertex 102.5 50.15 25
      vertex 102.5 49.1933 24.8097
    endloop
  endfacet
  facet normal -1 0 0
    outer loop
      vertex 102.5 42.65 22.5
      vertex 102.5 47.8403 23.4567
      vertex 102.5 47.65 22.5
    endloop
  endfacet
  facet normal -1 0 0
    outer loop
      vertex 102.5 42.4597 23.4567
      vertex 102.5 47.8403 23.4567
      vertex 102.5 42.65 22.5
    endloop
  endfacet
  facet normal -1 0 0
    outer loop
      vertex 102.5 47.8403 23.4567
      vertex 102.5 42.4597 23.4567
      vertex 102.5 48.3822 24.2678
    endloop
  endfacet
  facet normal -1 0 0
    outer loop
      vertex 102.5 41.9178 24.2678
      vertex 102.5 48.3822 24.2678
      vertex 102.5 42.4597 23.4567
    endloop
  endfacet
  facet normal -1 0 0
    outer loop
      vertex 102.5 48.3822 24.2678
      vertex 102.5 41.9178 24.2678
      vertex 102.5 49.1933 24.8097
    endloop
  endfacet
  facet normal -1 0 0
    outer loop
      vertex 102.5 41.1067 24.8097
      vertex 102.5 49.1933 24.8097
      vertex 102.5 41.9178 24.2678
    endloop
  endfacet
  facet normal -1 0 0
    outer loop
      vertex 102.5 40.15 25
      vertex 102.5 49.1933 24.8097
      vertex 102.5 41.1067 24.8097
    endloop
  endfacet
  facet normal -1 0 0
    outer loop
      vertex 102.5 50.15 25
      vertex 102.5 40.15 25
      vertex 102.5 77.3 40
    endloop
  endfacet
  facet normal -1 0 0
    outer loop
      vertex 102.5 30.15 25
      vertex 102.5 40.15 25
      vertex 102.5 39.1933 24.8097
    endloop
  endfacet
  facet normal -1 0 0
    outer loop
      vertex 102.5 32.65 22.5
      vertex 102.5 37.8403 23.4567
      vertex 102.5 37.65 22.5
    endloop
  endfacet
  facet normal -1 0 0
    outer loop
      vertex 102.5 32.4597 23.4567
      vertex 102.5 37.8403 23.4567
      vertex 102.5 32.65 22.5
    endloop
  endfacet
  facet normal -1 0 0
    outer loop
      vertex 102.5 37.8403 23.4567
      vertex 102.5 32.4597 23.4567
      vertex 102.5 38.3822 24.2678
    endloop
  endfacet
  facet normal -1 0 0
    outer loop
      vertex 102.5 31.9178 24.2678
      vertex 102.5 38.3822 24.2678
      vertex 102.5 32.4597 23.4567
    endloop
  endfacet
  facet normal -1 0 0
    outer loop
      vertex 102.5 38.3822 24.2678
      vertex 102.5 31.9178 24.2678
      vertex 102.5 39.1933 24.8097
    endloop
  endfacet
  facet normal -1 0 0
    outer loop
      vertex 102.5 31.1067 24.8097
      vertex 102.5 39.1933 24.8097
      vertex 102.5 31.9178 24.2678
    endloop
  endfacet
  facet normal -1 0 0
    outer loop
      vertex 102.5 30.15 25
      vertex 102.5 39.1933 24.8097
      vertex 102.5 31.1067 24.8097
    endloop
  endfacet
  facet normal -1 0 0
    outer loop
      vertex 102.5 40.15 25
      vertex 102.5 30.15 25
      vertex 102.5 6 40
    endloop
  endfacet
  facet normal -1 0 0
    outer loop
      vertex 102.5 6 40
      vertex 102.5 30.15 25
      vertex 102.5 29.1933 24.8097
    endloop
  endfacet
  facet normal -1 0 0
    outer loop
      vertex 102.5 22.65 22.5
      vertex 102.5 27.8403 23.4567
      vertex 102.5 27.65 22.5
    endloop
  endfacet
  facet normal -1 0 0
    outer loop
      vertex 102.5 22.4597 23.4567
      vertex 102.5 27.8403 23.4567
      vertex 102.5 22.65 22.5
    endloop
  endfacet
  facet normal -1 0 0
    outer loop
      vertex 102.5 27.8403 23.4567
      vertex 102.5 22.4597 23.4567
      vertex 102.5 28.3822 24.2678
    endloop
  endfacet
  facet normal -1 0 0
    outer loop
      vertex 102.5 21.9178 24.2678
      vertex 102.5 28.3822 24.2678
      vertex 102.5 22.4597 23.4567
    endloop
  endfacet
  facet normal -1 0 0
    outer loop
      vertex 102.5 28.3822 24.2678
      vertex 102.5 21.9178 24.2678
      vertex 102.5 29.1933 24.8097
    endloop
  endfacet
  facet normal -1 0 0
    outer loop
      vertex 102.5 21.1067 24.8097
      vertex 102.5 29.1933 24.8097
      vertex 102.5 21.9178 24.2678
    endloop
  endfacet
  facet normal -1 0 0
    outer loop
      vertex 102.5 6 40
      vertex 102.5 29.1933 24.8097
      vertex 102.5 21.1067 24.8097
    endloop
  endfacet
  facet normal -1 0 0
    outer loop
      vertex 102.5 6 40
      vertex 102.5 21.1067 24.8097
      vertex 102.5 20.15 25
    endloop
  endfacet
  facet normal -1 0 0
    outer loop
      vertex 102.5 6 40
      vertex 102.5 20.15 25
      vertex 102.5 19.1933 24.8097
    endloop
  endfacet
  facet normal -1 0 0
    outer loop
      vertex 102.5 6 40
      vertex 102.5 17.65 22.5
      vertex 102.5 6 5
    endloop
  endfacet
  facet normal -1 0 0
    outer loop
      vertex 102.5 40.15 25
      vertex 102.5 6 40
      vertex 102.5 77.3 40
    endloop
  endfacet
  facet normal -1 0 0
    outer loop
      vertex 102.5 18.3822 24.2678
      vertex 102.5 6 40
      vertex 102.5 19.1933 24.8097
    endloop
  endfacet
  facet normal -1 0 0
    outer loop
      vertex 102.5 17.8403 23.4567
      vertex 102.5 6 40
      vertex 102.5 18.3822 24.2678
    endloop
  endfacet
  facet normal -1 0 0
    outer loop
      vertex 102.5 17.65 22.5
      vertex 102.5 6 40
      vertex 102.5 17.8403 23.4567
    endloop
  endfacet
  facet normal 1 -0 0
    outer loop
      vertex 74.75 74.3 40
      vertex 74.75 77.3 26
      vertex 74.75 77.3 40
    endloop
  endfacet
  facet normal 1 0 0
    outer loop
      vertex 74.75 77.3 26
      vertex 74.75 74.3 40
      vertex 74.75 74.3 26
    endloop
  endfacet
  facet normal 0 -1 0
    outer loop
      vertex 6 74.3 40
      vertex 74.75 74.3 26
      vertex 74.75 74.3 40
    endloop
  endfacet
  facet normal 0 -1 0
    outer loop
      vertex 100.5 74.3 17
      vertex 74.75 74.3 26
      vertex 75.5 74.3 17
    endloop
  endfacet
  facet normal 0 -1 0
    outer loop
      vertex 6 74.3 5
      vertex 74.75 74.3 26
      vertex 6 74.3 40
    endloop
  endfacet
  facet normal 0 -1 -0
    outer loop
      vertex 74.75 74.3 26
      vertex 6 74.3 5
      vertex 75.5 74.3 17
    endloop
  endfacet
  facet normal 0 -1 -0
    outer loop
      vertex 75.5 74.3 17
      vertex 6 74.3 5
      vertex 75.5 74.3 5
    endloop
  endfacet
  facet normal 0 -1 0
    outer loop
      vertex 74.75 74.3 26
      vertex 100.5 74.3 17
      vertex 102.5 74.3 26
    endloop
  endfacet
  facet normal 0 -1 0
    outer loop
      vertex 102.5 74.3 5
      vertex 100.5 74.3 17
      vertex 100.5 74.3 5
    endloop
  endfacet
  facet normal 0 -1 0
    outer loop
      vertex 100.5 74.3 17
      vertex 102.5 74.3 5
      vertex 102.5 74.3 26
    endloop
  endfacet
  facet normal -0 0 1
    outer loop
      vertex 74.75 77.3 26
      vertex 102.5 74.3 26
      vertex 102.5 77.3 26
    endloop
  endfacet
  facet normal 0 0 1
    outer loop
      vertex 102.5 74.3 26
      vertex 74.75 77.3 26
      vertex 74.75 74.3 26
    endloop
  endfacet
  facet normal -1 0 0
    outer loop
      vertex 3 302.873 5
      vertex 3 306.3 27
      vertex 3 306.3 5
    endloop
  endfacet
  facet normal -1 0 0
    outer loop
      vertex 3 82.3 27
      vertex 3 302.873 5
      vertex 3 82.3 5
    endloop
  endfacet
  facet normal -1 0 0
    outer loop
      vertex 3 302.873 5
      vertex 3 82.3 27
      vertex 3 306.3 27
    endloop
  endfacet
  facet normal 0 0 1
    outer loop
      vertex 367 306.3 27
      vertex 364 303.3 27
      vertex 367 82.3 27
    endloop
  endfacet
  facet normal 0 0 1
    outer loop
      vertex 367 306.3 27
      vertex 6 303.3 27
      vertex 364 303.3 27
    endloop
  endfacet
  facet normal 0 0 1
    outer loop
      vertex 6 303.3 27
      vertex 3 306.3 27
      vertex 6 85.3 27
    endloop
  endfacet
  facet normal -0 0 1
    outer loop
      vertex 3 306.3 27
      vertex 6 303.3 27
      vertex 367 306.3 27
    endloop
  endfacet
  facet normal -0 0 1
    outer loop
      vertex 364 85.3 27
      vertex 367 82.3 27
      vertex 364 303.3 27
    endloop
  endfacet
  facet normal -0 0 1
    outer loop
      vertex 6 85.3 27
      vertex 367 82.3 27
      vertex 364 85.3 27
    endloop
  endfacet
  facet normal 0 0 1
    outer loop
      vertex 6 85.3 27
      vertex 3 82.3 27
      vertex 367 82.3 27
    endloop
  endfacet
  facet normal 0 0 1
    outer loop
      vertex 3 82.3 27
      vertex 6 85.3 27
      vertex 3 306.3 27
    endloop
  endfacet
  facet normal 1 0 0
    outer loop
      vertex 367 306.3 27
      vertex 367 301.27 5
      vertex 367 306.3 5
    endloop
  endfacet
  facet normal 1 -0 0
    outer loop
      vertex 367 82.3 27
      vertex 367 301.27 5
      vertex 367 306.3 27
    endloop
  endfacet
  facet normal 1 0 0
    outer loop
      vertex 367 301.27 5
      vertex 367 82.3 27
      vertex 367 82.3 5
    endloop
  endfacet
  facet normal 0 -1 0
    outer loop
      vertex 64.25 82.3 20
      vertex 3 82.3 27
      vertex 44.25 82.3 20
    endloop
  endfacet
  facet normal 0 -1 0
    outer loop
      vertex 3 82.3 5
      vertex 44.25 82.3 20
      vertex 3 82.3 27
    endloop
  endfacet
  facet normal 0 -1 -0
    outer loop
      vertex 44.25 82.3 20
      vertex 3 82.3 5
      vertex 44.25 82.3 5
    endloop
  endfacet
  facet normal 0 -1 0
    outer loop
      vertex 3 82.3 27
      vertex 64.25 82.3 20
      vertex 367 82.3 27
    endloop
  endfacet
  facet normal 0 -1 0
    outer loop
      vertex 367 82.3 5
      vertex 64.25 82.3 20
      vertex 64.25 82.3 5
    endloop
  endfacet
  facet normal 0 -1 0
    outer loop
      vertex 64.25 82.3 20
      vertex 367 82.3 5
      vertex 367 82.3 27
    endloop
  endfacet
  facet normal 0 -1 0
    outer loop
      vertex 44.25 82.3 5
      vertex 64.25 82.3 20
      vertex 44.25 82.3 20
    endloop
  endfacet
  facet normal 0 -1 -0
    outer loop
      vertex 64.25 82.3 20
      vertex 44.25 82.3 5
      vertex 64.25 82.3 5
    endloop
  endfacet
  facet normal 0 1 -0
    outer loop
      vertex 364 85.3 5
      vertex 6 85.3 27
      vertex 364 85.3 27
    endloop
  endfacet
  facet normal 0 1 0
    outer loop
      vertex 6 85.3 27
      vertex 364 85.3 5
      vertex 6 85.3 5
    endloop
  endfacet
  facet normal 1 -0 0
    outer loop
      vertex 6 85.3 27
      vertex 6 303.3 5
      vertex 6 303.3 27
    endloop
  endfacet
  facet normal 1 0 0
    outer loop
      vertex 6 303.3 5
      vertex 6 85.3 27
      vertex 6 85.3 5
    endloop
  endfacet
  facet normal 0 1 -0
    outer loop
      vertex 367 306.3 5
      vertex 3 306.3 27
      vertex 367 306.3 27
    endloop
  endfacet
  facet normal 0 1 0
    outer loop
      vertex 3 306.3 27
      vertex 367 306.3 5
      vertex 3 306.3 5
    endloop
  endfacet
  facet normal -1 0 0
    outer loop
      vertex 364 303.196 5
      vertex 364 303.3 27
      vertex 364 303.3 5
    endloop
  endfacet
  facet normal -1 0 0
    outer loop
      vertex 364 85.3 5
      vertex 364 303.3 27
      vertex 364 303.196 5
    endloop
  endfacet
  facet normal -1 -0 0
    outer loop
      vertex 364 303.3 27
      vertex 364 85.3 5
      vertex 364 85.3 27
    endloop
  endfacet
  facet normal 0 -1 0
    outer loop
      vertex 363 303.3 5
      vertex 6 303.3 27
      vertex 6 303.3 5
    endloop
  endfacet
  facet normal 0 -1 0
    outer loop
      vertex 6 303.3 27
      vertex 363 303.3 5
      vertex 364 303.3 27
    endloop
  endfacet
  facet normal 0 -1 -0
    outer loop
      vertex 364 303.3 27
      vertex 363 303.3 5
      vertex 364 303.3 5
    endloop
  endfacet
  facet normal 0 -0.195091 0.980785
    outer loop
      vertex 3 21.1067 20.1903
      vertex 6 20.15 20
      vertex 6 21.1067 20.1903
    endloop
  endfacet
  facet normal 0 -0.195091 0.980785
    outer loop
      vertex 6 20.15 20
      vertex 3 21.1067 20.1903
      vertex 3 20.15 20
    endloop
  endfacet
  facet normal 0 -0.195091 -0.980785
    outer loop
      vertex 3 20.15 25
      vertex 6 21.1067 24.8097
      vertex 6 20.15 25
    endloop
  endfacet
  facet normal -0 -0.195091 -0.980785
    outer loop
      vertex 6 21.1067 24.8097
      vertex 3 20.15 25
      vertex 3 21.1067 24.8097
    endloop
  endfacet
  facet normal 0 -0.980785 -0.195091
    outer loop
      vertex 3 22.65 22.5
      vertex 6 22.4597 23.4567
      vertex 3 22.4597 23.4567
    endloop
  endfacet
  facet normal 0 -0.980785 -0.195091
    outer loop
      vertex 6 22.4597 23.4567
      vertex 3 22.65 22.5
      vertex 6 22.65 22.5
    endloop
  endfacet
  facet normal 0 -0.831498 -0.555528
    outer loop
      vertex 3 22.4597 23.4567
      vertex 6 21.9178 24.2678
      vertex 3 21.9178 24.2678
    endloop
  endfacet
  facet normal 0 -0.831498 -0.555528
    outer loop
      vertex 6 21.9178 24.2678
      vertex 3 22.4597 23.4567
      vertex 6 22.4597 23.4567
    endloop
  endfacet
  facet normal 0 0.980785 0.195091
    outer loop
      vertex 6 17.8403 21.5433
      vertex 3 17.65 22.5
      vertex 6 17.65 22.5
    endloop
  endfacet
  facet normal 0 0.980785 0.195091
    outer loop
      vertex 3 17.65 22.5
      vertex 6 17.8403 21.5433
      vertex 3 17.8403 21.5433
    endloop
  endfacet
  facet normal 0 0.831498 0.555528
    outer loop
      vertex 6 18.3822 20.7322
      vertex 3 17.8403 21.5433
      vertex 6 17.8403 21.5433
    endloop
  endfacet
  facet normal 0 0.831498 0.555528
    outer loop
      vertex 3 17.8403 21.5433
      vertex 6 18.3822 20.7322
      vertex 3 18.3822 20.7322
    endloop
  endfacet
  facet normal 0 -0.555528 0.831498
    outer loop
      vertex 3 21.9178 20.7322
      vertex 6 21.1067 20.1903
      vertex 6 21.9178 20.7322
    endloop
  endfacet
  facet normal 0 -0.555528 0.831498
    outer loop
      vertex 6 21.1067 20.1903
      vertex 3 21.9178 20.7322
      vertex 3 21.1067 20.1903
    endloop
  endfacet
  facet normal 0 -0.980785 0.195091
    outer loop
      vertex 3 22.4597 21.5433
      vertex 6 22.65 22.5
      vertex 3 22.65 22.5
    endloop
  endfacet
  facet normal 0 -0.980785 0.195091
    outer loop
      vertex 6 22.65 22.5
      vertex 3 22.4597 21.5433
      vertex 6 22.4597 21.5433
    endloop
  endfacet
  facet normal 0 -0.555528 -0.831498
    outer loop
      vertex 3 21.1067 24.8097
      vertex 6 21.9178 24.2678
      vertex 6 21.1067 24.8097
    endloop
  endfacet
  facet normal -0 -0.555528 -0.831498
    outer loop
      vertex 6 21.9178 24.2678
      vertex 3 21.1067 24.8097
      vertex 3 21.9178 24.2678
    endloop
  endfacet
  facet normal -0 0.195091 0.980785
    outer loop
      vertex 3 20.15 20
      vertex 6 19.1933 20.1903
      vertex 6 20.15 20
    endloop
  endfacet
  facet normal 0 0.195091 0.980785
    outer loop
      vertex 6 19.1933 20.1903
      vertex 3 20.15 20
      vertex 3 19.1933 20.1903
    endloop
  endfacet
  facet normal 0 -0.831498 0.555528
    outer loop
      vertex 3 21.9178 20.7322
      vertex 6 22.4597 21.5433
      vertex 3 22.4597 21.5433
    endloop
  endfacet
  facet normal 0 -0.831498 0.555528
    outer loop
      vertex 6 22.4597 21.5433
      vertex 3 21.9178 20.7322
      vertex 6 21.9178 20.7322
    endloop
  endfacet
  facet normal -0 0.555528 0.831498
    outer loop
      vertex 3 19.1933 20.1903
      vertex 6 18.3822 20.7322
      vertex 6 19.1933 20.1903
    endloop
  endfacet
  facet normal 0 0.555528 0.831498
    outer loop
      vertex 6 18.3822 20.7322
      vertex 3 19.1933 20.1903
      vertex 3 18.3822 20.7322
    endloop
  endfacet
  facet normal 0 0.831498 -0.555528
    outer loop
      vertex 6 17.8403 23.4567
      vertex 3 18.3822 24.2678
      vertex 6 18.3822 24.2678
    endloop
  endfacet
  facet normal 0 0.831498 -0.555528
    outer loop
      vertex 3 18.3822 24.2678
      vertex 6 17.8403 23.4567
      vertex 3 17.8403 23.4567
    endloop
  endfacet
  facet normal 0 0.555528 -0.831498
    outer loop
      vertex 3 18.3822 24.2678
      vertex 6 19.1933 24.8097
      vertex 6 18.3822 24.2678
    endloop
  endfacet
  facet normal 0 0.555528 -0.831498
    outer loop
      vertex 6 19.1933 24.8097
      vertex 3 18.3822 24.2678
      vertex 3 19.1933 24.8097
    endloop
  endfacet
  facet normal 0 0.195091 -0.980785
    outer loop
      vertex 3 19.1933 24.8097
      vertex 6 20.15 25
      vertex 6 19.1933 24.8097
    endloop
  endfacet
  facet normal 0 0.195091 -0.980785
    outer loop
      vertex 6 20.15 25
      vertex 3 19.1933 24.8097
      vertex 3 20.15 25
    endloop
  endfacet
  facet normal 0 0.980785 -0.195091
    outer loop
      vertex 6 17.65 22.5
      vertex 3 17.8403 23.4567
      vertex 6 17.8403 23.4567
    endloop
  endfacet
  facet normal 0 0.980785 -0.195091
    outer loop
      vertex 3 17.8403 23.4567
      vertex 6 17.65 22.5
      vertex 3 17.65 22.5
    endloop
  endfacet
  facet normal 0 -0.195091 0.980785
    outer loop
      vertex 102.5 21.1067 20.1903
      vertex 105.5 20.15 20
      vertex 105.5 21.1067 20.1903
    endloop
  endfacet
  facet normal 0 -0.195091 0.980785
    outer loop
      vertex 105.5 20.15 20
      vertex 102.5 21.1067 20.1903
      vertex 102.5 20.15 20
    endloop
  endfacet
  facet normal 0 -0.195091 -0.980785
    outer loop
      vertex 102.5 20.15 25
      vertex 105.5 21.1067 24.8097
      vertex 105.5 20.15 25
    endloop
  endfacet
  facet normal -0 -0.195091 -0.980785
    outer loop
      vertex 105.5 21.1067 24.8097
      vertex 102.5 20.15 25
      vertex 102.5 21.1067 24.8097
    endloop
  endfacet
  facet normal 0 -0.980785 -0.195091
    outer loop
      vertex 102.5 22.65 22.5
      vertex 105.5 22.4597 23.4567
      vertex 102.5 22.4597 23.4567
    endloop
  endfacet
  facet normal 0 -0.980785 -0.195091
    outer loop
      vertex 105.5 22.4597 23.4567
      vertex 102.5 22.65 22.5
      vertex 105.5 22.65 22.5
    endloop
  endfacet
  facet normal 0 -0.831498 -0.555528
    outer loop
      vertex 102.5 22.4597 23.4567
      vertex 105.5 21.9178 24.2678
      vertex 102.5 21.9178 24.2678
    endloop
  endfacet
  facet normal 0 -0.831498 -0.555528
    outer loop
      vertex 105.5 21.9178 24.2678
      vertex 102.5 22.4597 23.4567
      vertex 105.5 22.4597 23.4567
    endloop
  endfacet
  facet normal 0 0.980785 0.195091
    outer loop
      vertex 105.5 17.8403 21.5433
      vertex 102.5 17.65 22.5
      vertex 105.5 17.65 22.5
    endloop
  endfacet
  facet normal 0 0.980785 0.195091
    outer loop
      vertex 102.5 17.65 22.5
      vertex 105.5 17.8403 21.5433
      vertex 102.5 17.8403 21.5433
    endloop
  endfacet
  facet normal 0 0.831498 0.555528
    outer loop
      vertex 105.5 18.3822 20.7322
      vertex 102.5 17.8403 21.5433
      vertex 105.5 17.8403 21.5433
    endloop
  endfacet
  facet normal 0 0.831498 0.555528
    outer loop
      vertex 102.5 17.8403 21.5433
      vertex 105.5 18.3822 20.7322
      vertex 102.5 18.3822 20.7322
    endloop
  endfacet
  facet normal 0 -0.555528 0.831498
    outer loop
      vertex 102.5 21.9178 20.7322
      vertex 105.5 21.1067 20.1903
      vertex 105.5 21.9178 20.7322
    endloop
  endfacet
  facet normal 0 -0.555528 0.831498
    outer loop
      vertex 105.5 21.1067 20.1903
      vertex 102.5 21.9178 20.7322
      vertex 102.5 21.1067 20.1903
    endloop
  endfacet
  facet normal 0 -0.980785 0.195091
    outer loop
      vertex 102.5 22.4597 21.5433
      vertex 105.5 22.65 22.5
      vertex 102.5 22.65 22.5
    endloop
  endfacet
  facet normal 0 -0.980785 0.195091
    outer loop
      vertex 105.5 22.65 22.5
      vertex 102.5 22.4597 21.5433
      vertex 105.5 22.4597 21.5433
    endloop
  endfacet
  facet normal 0 -0.555528 -0.831498
    outer loop
      vertex 102.5 21.1067 24.8097
      vertex 105.5 21.9178 24.2678
      vertex 105.5 21.1067 24.8097
    endloop
  endfacet
  facet normal -0 -0.555528 -0.831498
    outer loop
      vertex 105.5 21.9178 24.2678
      vertex 102.5 21.1067 24.8097
      vertex 102.5 21.9178 24.2678
    endloop
  endfacet
  facet normal -0 0.195091 0.980785
    outer loop
      vertex 102.5 20.15 20
      vertex 105.5 19.1933 20.1903
      vertex 105.5 20.15 20
    endloop
  endfacet
  facet normal 0 0.195091 0.980785
    outer loop
      vertex 105.5 19.1933 20.1903
      vertex 102.5 20.15 20
      vertex 102.5 19.1933 20.1903
    endloop
  endfacet
  facet normal 0 -0.831498 0.555528
    outer loop
      vertex 102.5 21.9178 20.7322
      vertex 105.5 22.4597 21.5433
      vertex 102.5 22.4597 21.5433
    endloop
  endfacet
  facet normal 0 -0.831498 0.555528
    outer loop
      vertex 105.5 22.4597 21.5433
      vertex 102.5 21.9178 20.7322
      vertex 105.5 21.9178 20.7322
    endloop
  endfacet
  facet normal -0 0.555528 0.831498
    outer loop
      vertex 102.5 19.1933 20.1903
      vertex 105.5 18.3822 20.7322
      vertex 105.5 19.1933 20.1903
    endloop
  endfacet
  facet normal 0 0.555528 0.831498
    outer loop
      vertex 105.5 18.3822 20.7322
      vertex 102.5 19.1933 20.1903
      vertex 102.5 18.3822 20.7322
    endloop
  endfacet
  facet normal 0 0.831498 -0.555528
    outer loop
      vertex 105.5 17.8403 23.4567
      vertex 102.5 18.3822 24.2678
      vertex 105.5 18.3822 24.2678
    endloop
  endfacet
  facet normal 0 0.831498 -0.555528
    outer loop
      vertex 102.5 18.3822 24.2678
      vertex 105.5 17.8403 23.4567
      vertex 102.5 17.8403 23.4567
    endloop
  endfacet
  facet normal 0 0.555528 -0.831498
    outer loop
      vertex 102.5 18.3822 24.2678
      vertex 105.5 19.1933 24.8097
      vertex 105.5 18.3822 24.2678
    endloop
  endfacet
  facet normal 0 0.555528 -0.831498
    outer loop
      vertex 105.5 19.1933 24.8097
      vertex 102.5 18.3822 24.2678
      vertex 102.5 19.1933 24.8097
    endloop
  endfacet
  facet normal 0 0.195091 -0.980785
    outer loop
      vertex 102.5 19.1933 24.8097
      vertex 105.5 20.15 25
      vertex 105.5 19.1933 24.8097
    endloop
  endfacet
  facet normal 0 0.195091 -0.980785
    outer loop
      vertex 105.5 20.15 25
      vertex 102.5 19.1933 24.8097
      vertex 102.5 20.15 25
    endloop
  endfacet
  facet normal 0 0.980785 -0.195091
    outer loop
      vertex 105.5 17.65 22.5
      vertex 102.5 17.8403 23.4567
      vertex 105.5 17.8403 23.4567
    endloop
  endfacet
  facet normal 0 0.980785 -0.195091
    outer loop
      vertex 102.5 17.8403 23.4567
      vertex 105.5 17.65 22.5
      vertex 102.5 17.65 22.5
    endloop
  endfacet
  facet normal 0 -0.195091 0.980785
    outer loop
      vertex 3 31.1067 20.1903
      vertex 6 30.15 20
      vertex 6 31.1067 20.1903
    endloop
  endfacet
  facet normal 0 -0.195091 0.980785
    outer loop
      vertex 6 30.15 20
      vertex 3 31.1067 20.1903
      vertex 3 30.15 20
    endloop
  endfacet
  facet normal 0 -0.195091 -0.980785
    outer loop
      vertex 3 30.15 25
      vertex 6 31.1067 24.8097
      vertex 6 30.15 25
    endloop
  endfacet
  facet normal -0 -0.195091 -0.980785
    outer loop
      vertex 6 31.1067 24.8097
      vertex 3 30.15 25
      vertex 3 31.1067 24.8097
    endloop
  endfacet
  facet normal 0 -0.980785 -0.195091
    outer loop
      vertex 3 32.65 22.5
      vertex 6 32.4597 23.4567
      vertex 3 32.4597 23.4567
    endloop
  endfacet
  facet normal 0 -0.980785 -0.195091
    outer loop
      vertex 6 32.4597 23.4567
      vertex 3 32.65 22.5
      vertex 6 32.65 22.5
    endloop
  endfacet
  facet normal 0 -0.831498 -0.555528
    outer loop
      vertex 3 32.4597 23.4567
      vertex 6 31.9178 24.2678
      vertex 3 31.9178 24.2678
    endloop
  endfacet
  facet normal 0 -0.831498 -0.555528
    outer loop
      vertex 6 31.9178 24.2678
      vertex 3 32.4597 23.4567
      vertex 6 32.4597 23.4567
    endloop
  endfacet
  facet normal 0 0.980785 0.195091
    outer loop
      vertex 6 27.8403 21.5433
      vertex 3 27.65 22.5
      vertex 6 27.65 22.5
    endloop
  endfacet
  facet normal 0 0.980785 0.195091
    outer loop
      vertex 3 27.65 22.5
      vertex 6 27.8403 21.5433
      vertex 3 27.8403 21.5433
    endloop
  endfacet
  facet normal 0 0.831498 0.555528
    outer loop
      vertex 6 28.3822 20.7322
      vertex 3 27.8403 21.5433
      vertex 6 27.8403 21.5433
    endloop
  endfacet
  facet normal 0 0.831498 0.555528
    outer loop
      vertex 3 27.8403 21.5433
      vertex 6 28.3822 20.7322
      vertex 3 28.3822 20.7322
    endloop
  endfacet
  facet normal 0 -0.555528 0.831498
    outer loop
      vertex 3 31.9178 20.7322
      vertex 6 31.1067 20.1903
      vertex 6 31.9178 20.7322
    endloop
  endfacet
  facet normal 0 -0.555528 0.831498
    outer loop
      vertex 6 31.1067 20.1903
      vertex 3 31.9178 20.7322
      vertex 3 31.1067 20.1903
    endloop
  endfacet
  facet normal 0 -0.980785 0.195091
    outer loop
      vertex 3 32.4597 21.5433
      vertex 6 32.65 22.5
      vertex 3 32.65 22.5
    endloop
  endfacet
  facet normal 0 -0.980785 0.195091
    outer loop
      vertex 6 32.65 22.5
      vertex 3 32.4597 21.5433
      vertex 6 32.4597 21.5433
    endloop
  endfacet
  facet normal 0 -0.555528 -0.831498
    outer loop
      vertex 3 31.1067 24.8097
      vertex 6 31.9178 24.2678
      vertex 6 31.1067 24.8097
    endloop
  endfacet
  facet normal -0 -0.555528 -0.831498
    outer loop
      vertex 6 31.9178 24.2678
      vertex 3 31.1067 24.8097
      vertex 3 31.9178 24.2678
    endloop
  endfacet
  facet normal -0 0.195091 0.980785
    outer loop
      vertex 3 30.15 20
      vertex 6 29.1933 20.1903
      vertex 6 30.15 20
    endloop
  endfacet
  facet normal 0 0.195091 0.980785
    outer loop
      vertex 6 29.1933 20.1903
      vertex 3 30.15 20
      vertex 3 29.1933 20.1903
    endloop
  endfacet
  facet normal 0 -0.831498 0.555528
    outer loop
      vertex 3 31.9178 20.7322
      vertex 6 32.4597 21.5433
      vertex 3 32.4597 21.5433
    endloop
  endfacet
  facet normal 0 -0.831498 0.555528
    outer loop
      vertex 6 32.4597 21.5433
      vertex 3 31.9178 20.7322
      vertex 6 31.9178 20.7322
    endloop
  endfacet
  facet normal -0 0.555528 0.831498
    outer loop
      vertex 3 29.1933 20.1903
      vertex 6 28.3822 20.7322
      vertex 6 29.1933 20.1903
    endloop
  endfacet
  facet normal 0 0.555528 0.831498
    outer loop
      vertex 6 28.3822 20.7322
      vertex 3 29.1933 20.1903
      vertex 3 28.3822 20.7322
    endloop
  endfacet
  facet normal 0 0.831498 -0.555528
    outer loop
      vertex 6 27.8403 23.4567
      vertex 3 28.3822 24.2678
      vertex 6 28.3822 24.2678
    endloop
  endfacet
  facet normal 0 0.831498 -0.555528
    outer loop
      vertex 3 28.3822 24.2678
      vertex 6 27.8403 23.4567
      vertex 3 27.8403 23.4567
    endloop
  endfacet
  facet normal 0 0.555528 -0.831498
    outer loop
      vertex 3 28.3822 24.2678
      vertex 6 29.1933 24.8097
      vertex 6 28.3822 24.2678
    endloop
  endfacet
  facet normal 0 0.555528 -0.831498
    outer loop
      vertex 6 29.1933 24.8097
      vertex 3 28.3822 24.2678
      vertex 3 29.1933 24.8097
    endloop
  endfacet
  facet normal 0 0.195091 -0.980785
    outer loop
      vertex 3 29.1933 24.8097
      vertex 6 30.15 25
      vertex 6 29.1933 24.8097
    endloop
  endfacet
  facet normal 0 0.195091 -0.980785
    outer loop
      vertex 6 30.15 25
      vertex 3 29.1933 24.8097
      vertex 3 30.15 25
    endloop
  endfacet
  facet normal 0 0.980785 -0.195091
    outer loop
      vertex 6 27.65 22.5
      vertex 3 27.8403 23.4567
      vertex 6 27.8403 23.4567
    endloop
  endfacet
  facet normal 0 0.980785 -0.195091
    outer loop
      vertex 3 27.8403 23.4567
      vertex 6 27.65 22.5
      vertex 3 27.65 22.5
    endloop
  endfacet
  facet normal 0 -0.195091 0.980785
    outer loop
      vertex 102.5 31.1067 20.1903
      vertex 105.5 30.15 20
      vertex 105.5 31.1067 20.1903
    endloop
  endfacet
  facet normal 0 -0.195091 0.980785
    outer loop
      vertex 105.5 30.15 20
      vertex 102.5 31.1067 20.1903
      vertex 102.5 30.15 20
    endloop
  endfacet
  facet normal 0 -0.195091 -0.980785
    outer loop
      vertex 102.5 30.15 25
      vertex 105.5 31.1067 24.8097
      vertex 105.5 30.15 25
    endloop
  endfacet
  facet normal -0 -0.195091 -0.980785
    outer loop
      vertex 105.5 31.1067 24.8097
      vertex 102.5 30.15 25
      vertex 102.5 31.1067 24.8097
    endloop
  endfacet
  facet normal 0 -0.980785 -0.195091
    outer loop
      vertex 102.5 32.65 22.5
      vertex 105.5 32.4597 23.4567
      vertex 102.5 32.4597 23.4567
    endloop
  endfacet
  facet normal 0 -0.980785 -0.195091
    outer loop
      vertex 105.5 32.4597 23.4567
      vertex 102.5 32.65 22.5
      vertex 105.5 32.65 22.5
    endloop
  endfacet
  facet normal 0 -0.831498 -0.555528
    outer loop
      vertex 102.5 32.4597 23.4567
      vertex 105.5 31.9178 24.2678
      vertex 102.5 31.9178 24.2678
    endloop
  endfacet
  facet normal 0 -0.831498 -0.555528
    outer loop
      vertex 105.5 31.9178 24.2678
      vertex 102.5 32.4597 23.4567
      vertex 105.5 32.4597 23.4567
    endloop
  endfacet
  facet normal 0 0.980785 0.195091
    outer loop
      vertex 105.5 27.8403 21.5433
      vertex 102.5 27.65 22.5
      vertex 105.5 27.65 22.5
    endloop
  endfacet
  facet normal 0 0.980785 0.195091
    outer loop
      vertex 102.5 27.65 22.5
      vertex 105.5 27.8403 21.5433
      vertex 102.5 27.8403 21.5433
    endloop
  endfacet
  facet normal 0 0.831498 0.555528
    outer loop
      vertex 105.5 28.3822 20.7322
      vertex 102.5 27.8403 21.5433
      vertex 105.5 27.8403 21.5433
    endloop
  endfacet
  facet normal 0 0.831498 0.555528
    outer loop
      vertex 102.5 27.8403 21.5433
      vertex 105.5 28.3822 20.7322
      vertex 102.5 28.3822 20.7322
    endloop
  endfacet
  facet normal 0 -0.555528 0.831498
    outer loop
      vertex 102.5 31.9178 20.7322
      vertex 105.5 31.1067 20.1903
      vertex 105.5 31.9178 20.7322
    endloop
  endfacet
  facet normal 0 -0.555528 0.831498
    outer loop
      vertex 105.5 31.1067 20.1903
      vertex 102.5 31.9178 20.7322
      vertex 102.5 31.1067 20.1903
    endloop
  endfacet
  facet normal 0 -0.980785 0.195091
    outer loop
      vertex 102.5 32.4597 21.5433
      vertex 105.5 32.65 22.5
      vertex 102.5 32.65 22.5
    endloop
  endfacet
  facet normal 0 -0.980785 0.195091
    outer loop
      vertex 105.5 32.65 22.5
      vertex 102.5 32.4597 21.5433
      vertex 105.5 32.4597 21.5433
    endloop
  endfacet
  facet normal 0 -0.555528 -0.831498
    outer loop
      vertex 102.5 31.1067 24.8097
      vertex 105.5 31.9178 24.2678
      vertex 105.5 31.1067 24.8097
    endloop
  endfacet
  facet normal -0 -0.555528 -0.831498
    outer loop
      vertex 105.5 31.9178 24.2678
      vertex 102.5 31.1067 24.8097
      vertex 102.5 31.9178 24.2678
    endloop
  endfacet
  facet normal -0 0.195091 0.980785
    outer loop
      vertex 102.5 30.15 20
      vertex 105.5 29.1933 20.1903
      vertex 105.5 30.15 20
    endloop
  endfacet
  facet normal 0 0.195091 0.980785
    outer loop
      vertex 105.5 29.1933 20.1903
      vertex 102.5 30.15 20
      vertex 102.5 29.1933 20.1903
    endloop
  endfacet
  facet normal 0 -0.831498 0.555528
    outer loop
      vertex 102.5 31.9178 20.7322
      vertex 105.5 32.4597 21.5433
      vertex 102.5 32.4597 21.5433
    endloop
  endfacet
  facet normal 0 -0.831498 0.555528
    outer loop
      vertex 105.5 32.4597 21.5433
      vertex 102.5 31.9178 20.7322
      vertex 105.5 31.9178 20.7322
    endloop
  endfacet
  facet normal -0 0.555528 0.831498
    outer loop
      vertex 102.5 29.1933 20.1903
      vertex 105.5 28.3822 20.7322
      vertex 105.5 29.1933 20.1903
    endloop
  endfacet
  facet normal 0 0.555528 0.831498
    outer loop
      vertex 105.5 28.3822 20.7322
      vertex 102.5 29.1933 20.1903
      vertex 102.5 28.3822 20.7322
    endloop
  endfacet
  facet normal 0 0.831498 -0.555528
    outer loop
      vertex 105.5 27.8403 23.4567
      vertex 102.5 28.3822 24.2678
      vertex 105.5 28.3822 24.2678
    endloop
  endfacet
  facet normal 0 0.831498 -0.555528
    outer loop
      vertex 102.5 28.3822 24.2678
      vertex 105.5 27.8403 23.4567
      vertex 102.5 27.8403 23.4567
    endloop
  endfacet
  facet normal 0 0.555528 -0.831498
    outer loop
      vertex 102.5 28.3822 24.2678
      vertex 105.5 29.1933 24.8097
      vertex 105.5 28.3822 24.2678
    endloop
  endfacet
  facet normal 0 0.555528 -0.831498
    outer loop
      vertex 105.5 29.1933 24.8097
      vertex 102.5 28.3822 24.2678
      vertex 102.5 29.1933 24.8097
    endloop
  endfacet
  facet normal 0 0.195091 -0.980785
    outer loop
      vertex 102.5 29.1933 24.8097
      vertex 105.5 30.15 25
      vertex 105.5 29.1933 24.8097
    endloop
  endfacet
  facet normal 0 0.195091 -0.980785
    outer loop
      vertex 105.5 30.15 25
      vertex 102.5 29.1933 24.8097
      vertex 102.5 30.15 25
    endloop
  endfacet
  facet normal 0 0.980785 -0.195091
    outer loop
      vertex 105.5 27.65 22.5
      vertex 102.5 27.8403 23.4567
      vertex 105.5 27.8403 23.4567
    endloop
  endfacet
  facet normal 0 0.980785 -0.195091
    outer loop
      vertex 102.5 27.8403 23.4567
      vertex 105.5 27.65 22.5
      vertex 102.5 27.65 22.5
    endloop
  endfacet
  facet normal 0 -0.195091 0.980785
    outer loop
      vertex 3 41.1067 20.1903
      vertex 6 40.15 20
      vertex 6 41.1067 20.1903
    endloop
  endfacet
  facet normal 0 -0.195091 0.980785
    outer loop
      vertex 6 40.15 20
      vertex 3 41.1067 20.1903
      vertex 3 40.15 20
    endloop
  endfacet
  facet normal 0 -0.195091 -0.980785
    outer loop
      vertex 3 40.15 25
      vertex 6 41.1067 24.8097
      vertex 6 40.15 25
    endloop
  endfacet
  facet normal -0 -0.195091 -0.980785
    outer loop
      vertex 6 41.1067 24.8097
      vertex 3 40.15 25
      vertex 3 41.1067 24.8097
    endloop
  endfacet
  facet normal 0 -0.980785 -0.195091
    outer loop
      vertex 3 42.65 22.5
      vertex 6 42.4597 23.4567
      vertex 3 42.4597 23.4567
    endloop
  endfacet
  facet normal 0 -0.980785 -0.195091
    outer loop
      vertex 6 42.4597 23.4567
      vertex 3 42.65 22.5
      vertex 6 42.65 22.5
    endloop
  endfacet
  facet normal 0 -0.831498 -0.555528
    outer loop
      vertex 3 42.4597 23.4567
      vertex 6 41.9178 24.2678
      vertex 3 41.9178 24.2678
    endloop
  endfacet
  facet normal 0 -0.831498 -0.555528
    outer loop
      vertex 6 41.9178 24.2678
      vertex 3 42.4597 23.4567
      vertex 6 42.4597 23.4567
    endloop
  endfacet
  facet normal 0 -0.555528 0.831498
    outer loop
      vertex 3 41.9178 20.7322
      vertex 6 41.1067 20.1903
      vertex 6 41.9178 20.7322
    endloop
  endfacet
  facet normal 0 -0.555528 0.831498
    outer loop
      vertex 6 41.1067 20.1903
      vertex 3 41.9178 20.7322
      vertex 3 41.1067 20.1903
    endloop
  endfacet
  facet normal 0 -0.980785 0.195091
    outer loop
      vertex 3 42.4597 21.5433
      vertex 6 42.65 22.5
      vertex 3 42.65 22.5
    endloop
  endfacet
  facet normal 0 -0.980785 0.195091
    outer loop
      vertex 6 42.65 22.5
      vertex 3 42.4597 21.5433
      vertex 6 42.4597 21.5433
    endloop
  endfacet
  facet normal 0 -0.555528 -0.831498
    outer loop
      vertex 3 41.1067 24.8097
      vertex 6 41.9178 24.2678
      vertex 6 41.1067 24.8097
    endloop
  endfacet
  facet normal -0 -0.555528 -0.831498
    outer loop
      vertex 6 41.9178 24.2678
      vertex 3 41.1067 24.8097
      vertex 3 41.9178 24.2678
    endloop
  endfacet
  facet normal 0 -0.831498 0.555528
    outer loop
      vertex 3 41.9178 20.7322
      vertex 6 42.4597 21.5433
      vertex 3 42.4597 21.5433
    endloop
  endfacet
  facet normal 0 -0.831498 0.555528
    outer loop
      vertex 6 42.4597 21.5433
      vertex 3 41.9178 20.7322
      vertex 6 41.9178 20.7322
    endloop
  endfacet
  facet normal 0 0.831498 0.555528
    outer loop
      vertex 6 38.3822 20.7322
      vertex 3 37.8403 21.5433
      vertex 6 37.8403 21.5433
    endloop
  endfacet
  facet normal 0 0.831498 0.555528
    outer loop
      vertex 3 37.8403 21.5433
      vertex 6 38.3822 20.7322
      vertex 3 38.3822 20.7322
    endloop
  endfacet
  facet normal -0 0.555528 0.831498
    outer loop
      vertex 3 39.1933 20.1903
      vertex 6 38.3822 20.7322
      vertex 6 39.1933 20.1903
    endloop
  endfacet
  facet normal 0 0.555528 0.831498
    outer loop
      vertex 6 38.3822 20.7322
      vertex 3 39.1933 20.1903
      vertex 3 38.3822 20.7322
    endloop
  endfacet
  facet normal -0 0.195091 0.980785
    outer loop
      vertex 3 40.15 20
      vertex 6 39.1933 20.1903
      vertex 6 40.15 20
    endloop
  endfacet
  facet normal 0 0.195091 0.980785
    outer loop
      vertex 6 39.1933 20.1903
      vertex 3 40.15 20
      vertex 3 39.1933 20.1903
    endloop
  endfacet
  facet normal 0 0.831498 -0.555528
    outer loop
      vertex 6 37.8403 23.4567
      vertex 3 38.3822 24.2678
      vertex 6 38.3822 24.2678
    endloop
  endfacet
  facet normal 0 0.831498 -0.555528
    outer loop
      vertex 3 38.3822 24.2678
      vertex 6 37.8403 23.4567
      vertex 3 37.8403 23.4567
    endloop
  endfacet
  facet normal 0 0.555528 -0.831498
    outer loop
      vertex 3 38.3822 24.2678
      vertex 6 39.1933 24.8097
      vertex 6 38.3822 24.2678
    endloop
  endfacet
  facet normal 0 0.555528 -0.831498
    outer loop
      vertex 6 39.1933 24.8097
      vertex 3 38.3822 24.2678
      vertex 3 39.1933 24.8097
    endloop
  endfacet
  facet normal 0 0.195091 -0.980785
    outer loop
      vertex 3 39.1933 24.8097
      vertex 6 40.15 25
      vertex 6 39.1933 24.8097
    endloop
  endfacet
  facet normal 0 0.195091 -0.980785
    outer loop
      vertex 6 40.15 25
      vertex 3 39.1933 24.8097
      vertex 3 40.15 25
    endloop
  endfacet
  facet normal 0 0.980785 0.195091
    outer loop
      vertex 6 37.8403 21.5433
      vertex 3 37.65 22.5
      vertex 6 37.65 22.5
    endloop
  endfacet
  facet normal 0 0.980785 0.195091
    outer loop
      vertex 3 37.65 22.5
      vertex 6 37.8403 21.5433
      vertex 3 37.8403 21.5433
    endloop
  endfacet
  facet normal 0 0.980785 -0.195091
    outer loop
      vertex 6 37.65 22.5
      vertex 3 37.8403 23.4567
      vertex 6 37.8403 23.4567
    endloop
  endfacet
  facet normal 0 0.980785 -0.195091
    outer loop
      vertex 3 37.8403 23.4567
      vertex 6 37.65 22.5
      vertex 3 37.65 22.5
    endloop
  endfacet
  facet normal 0 -0.195091 0.980785
    outer loop
      vertex 102.5 41.1067 20.1903
      vertex 105.5 40.15 20
      vertex 105.5 41.1067 20.1903
    endloop
  endfacet
  facet normal 0 -0.195091 0.980785
    outer loop
      vertex 105.5 40.15 20
      vertex 102.5 41.1067 20.1903
      vertex 102.5 40.15 20
    endloop
  endfacet
  facet normal 0 -0.195091 -0.980785
    outer loop
      vertex 102.5 40.15 25
      vertex 105.5 41.1067 24.8097
      vertex 105.5 40.15 25
    endloop
  endfacet
  facet normal -0 -0.195091 -0.980785
    outer loop
      vertex 105.5 41.1067 24.8097
      vertex 102.5 40.15 25
      vertex 102.5 41.1067 24.8097
    endloop
  endfacet
  facet normal 0 -0.980785 -0.195091
    outer loop
      vertex 102.5 42.65 22.5
      vertex 105.5 42.4597 23.4567
      vertex 102.5 42.4597 23.4567
    endloop
  endfacet
  facet normal 0 -0.980785 -0.195091
    outer loop
      vertex 105.5 42.4597 23.4567
      vertex 102.5 42.65 22.5
      vertex 105.5 42.65 22.5
    endloop
  endfacet
  facet normal 0 -0.831498 -0.555528
    outer loop
      vertex 102.5 42.4597 23.4567
      vertex 105.5 41.9178 24.2678
      vertex 102.5 41.9178 24.2678
    endloop
  endfacet
  facet normal 0 -0.831498 -0.555528
    outer loop
      vertex 105.5 41.9178 24.2678
      vertex 102.5 42.4597 23.4567
      vertex 105.5 42.4597 23.4567
    endloop
  endfacet
  facet normal 0 -0.555528 0.831498
    outer loop
      vertex 102.5 41.9178 20.7322
      vertex 105.5 41.1067 20.1903
      vertex 105.5 41.9178 20.7322
    endloop
  endfacet
  facet normal 0 -0.555528 0.831498
    outer loop
      vertex 105.5 41.1067 20.1903
      vertex 102.5 41.9178 20.7322
      vertex 102.5 41.1067 20.1903
    endloop
  endfacet
  facet normal 0 -0.980785 0.195091
    outer loop
      vertex 102.5 42.4597 21.5433
      vertex 105.5 42.65 22.5
      vertex 102.5 42.65 22.5
    endloop
  endfacet
  facet normal 0 -0.980785 0.195091
    outer loop
      vertex 105.5 42.65 22.5
      vertex 102.5 42.4597 21.5433
      vertex 105.5 42.4597 21.5433
    endloop
  endfacet
  facet normal 0 -0.831498 0.555528
    outer loop
      vertex 102.5 41.9178 20.7322
      vertex 105.5 42.4597 21.5433
      vertex 102.5 42.4597 21.5433
    endloop
  endfacet
  facet normal 0 -0.831498 0.555528
    outer loop
      vertex 105.5 42.4597 21.5433
      vertex 102.5 41.9178 20.7322
      vertex 105.5 41.9178 20.7322
    endloop
  endfacet
  facet normal 0 -0.555528 -0.831498
    outer loop
      vertex 102.5 41.1067 24.8097
      vertex 105.5 41.9178 24.2678
      vertex 105.5 41.1067 24.8097
    endloop
  endfacet
  facet normal -0 -0.555528 -0.831498
    outer loop
      vertex 105.5 41.9178 24.2678
      vertex 102.5 41.1067 24.8097
      vertex 102.5 41.9178 24.2678
    endloop
  endfacet
  facet normal 0 0.831498 0.555528
    outer loop
      vertex 105.5 38.3822 20.7322
      vertex 102.5 37.8403 21.5433
      vertex 105.5 37.8403 21.5433
    endloop
  endfacet
  facet normal 0 0.831498 0.555528
    outer loop
      vertex 102.5 37.8403 21.5433
      vertex 105.5 38.3822 20.7322
      vertex 102.5 38.3822 20.7322
    endloop
  endfacet
  facet normal -0 0.555528 0.831498
    outer loop
      vertex 102.5 39.1933 20.1903
      vertex 105.5 38.3822 20.7322
      vertex 105.5 39.1933 20.1903
    endloop
  endfacet
  facet normal 0 0.555528 0.831498
    outer loop
      vertex 105.5 38.3822 20.7322
      vertex 102.5 39.1933 20.1903
      vertex 102.5 38.3822 20.7322
    endloop
  endfacet
  facet normal -0 0.195091 0.980785
    outer loop
      vertex 102.5 40.15 20
      vertex 105.5 39.1933 20.1903
      vertex 105.5 40.15 20
    endloop
  endfacet
  facet normal 0 0.195091 0.980785
    outer loop
      vertex 105.5 39.1933 20.1903
      vertex 102.5 40.15 20
      vertex 102.5 39.1933 20.1903
    endloop
  endfacet
  facet normal 0 0.831498 -0.555528
    outer loop
      vertex 105.5 37.8403 23.4567
      vertex 102.5 38.3822 24.2678
      vertex 105.5 38.3822 24.2678
    endloop
  endfacet
  facet normal 0 0.831498 -0.555528
    outer loop
      vertex 102.5 38.3822 24.2678
      vertex 105.5 37.8403 23.4567
      vertex 102.5 37.8403 23.4567
    endloop
  endfacet
  facet normal 0 0.555528 -0.831498
    outer loop
      vertex 102.5 38.3822 24.2678
      vertex 105.5 39.1933 24.8097
      vertex 105.5 38.3822 24.2678
    endloop
  endfacet
  facet normal 0 0.555528 -0.831498
    outer loop
      vertex 105.5 39.1933 24.8097
      vertex 102.5 38.3822 24.2678
      vertex 102.5 39.1933 24.8097
    endloop
  endfacet
  facet normal 0 0.195091 -0.980785
    outer loop
      vertex 102.5 39.1933 24.8097
      vertex 105.5 40.15 25
      vertex 105.5 39.1933 24.8097
    endloop
  endfacet
  facet normal 0 0.195091 -0.980785
    outer loop
      vertex 105.5 40.15 25
      vertex 102.5 39.1933 24.8097
      vertex 102.5 40.15 25
    endloop
  endfacet
  facet normal 0 0.980785 0.195091
    outer loop
      vertex 105.5 37.8403 21.5433
      vertex 102.5 37.65 22.5
      vertex 105.5 37.65 22.5
    endloop
  endfacet
  facet normal 0 0.980785 0.195091
    outer loop
      vertex 102.5 37.65 22.5
      vertex 105.5 37.8403 21.5433
      vertex 102.5 37.8403 21.5433
    endloop
  endfacet
  facet normal 0 0.980785 -0.195091
    outer loop
      vertex 105.5 37.65 22.5
      vertex 102.5 37.8403 23.4567
      vertex 105.5 37.8403 23.4567
    endloop
  endfacet
  facet normal 0 0.980785 -0.195091
    outer loop
      vertex 102.5 37.8403 23.4567
      vertex 105.5 37.65 22.5
      vertex 102.5 37.65 22.5
    endloop
  endfacet
  facet normal 0 -0.195091 0.980785
    outer loop
      vertex 3 51.1067 20.1903
      vertex 6 50.15 20
      vertex 6 51.1067 20.1903
    endloop
  endfacet
  facet normal 0 -0.195091 0.980785
    outer loop
      vertex 6 50.15 20
      vertex 3 51.1067 20.1903
      vertex 3 50.15 20
    endloop
  endfacet
  facet normal 0 -0.195091 -0.980785
    outer loop
      vertex 3 50.15 25
      vertex 6 51.1067 24.8097
      vertex 6 50.15 25
    endloop
  endfacet
  facet normal -0 -0.195091 -0.980785
    outer loop
      vertex 6 51.1067 24.8097
      vertex 3 50.15 25
      vertex 3 51.1067 24.8097
    endloop
  endfacet
  facet normal 0 -0.980785 -0.195091
    outer loop
      vertex 3 52.65 22.5
      vertex 6 52.4597 23.4567
      vertex 3 52.4597 23.4567
    endloop
  endfacet
  facet normal 0 -0.980785 -0.195091
    outer loop
      vertex 6 52.4597 23.4567
      vertex 3 52.65 22.5
      vertex 6 52.65 22.5
    endloop
  endfacet
  facet normal 0 -0.831498 -0.555528
    outer loop
      vertex 3 52.4597 23.4567
      vertex 6 51.9178 24.2678
      vertex 3 51.9178 24.2678
    endloop
  endfacet
  facet normal 0 -0.831498 -0.555528
    outer loop
      vertex 6 51.9178 24.2678
      vertex 3 52.4597 23.4567
      vertex 6 52.4597 23.4567
    endloop
  endfacet
  facet normal 0 0.980785 0.195091
    outer loop
      vertex 6 47.8403 21.5433
      vertex 3 47.65 22.5
      vertex 6 47.65 22.5
    endloop
  endfacet
  facet normal 0 0.980785 0.195091
    outer loop
      vertex 3 47.65 22.5
      vertex 6 47.8403 21.5433
      vertex 3 47.8403 21.5433
    endloop
  endfacet
  facet normal 0 0.831498 0.555528
    outer loop
      vertex 6 48.3822 20.7322
      vertex 3 47.8403 21.5433
      vertex 6 47.8403 21.5433
    endloop
  endfacet
  facet normal 0 0.831498 0.555528
    outer loop
      vertex 3 47.8403 21.5433
      vertex 6 48.3822 20.7322
      vertex 3 48.3822 20.7322
    endloop
  endfacet
  facet normal 0 -0.555528 0.831498
    outer loop
      vertex 3 51.9178 20.7322
      vertex 6 51.1067 20.1903
      vertex 6 51.9178 20.7322
    endloop
  endfacet
  facet normal 0 -0.555528 0.831498
    outer loop
      vertex 6 51.1067 20.1903
      vertex 3 51.9178 20.7322
      vertex 3 51.1067 20.1903
    endloop
  endfacet
  facet normal 0 -0.980785 0.195091
    outer loop
      vertex 3 52.4597 21.5433
      vertex 6 52.65 22.5
      vertex 3 52.65 22.5
    endloop
  endfacet
  facet normal 0 -0.980785 0.195091
    outer loop
      vertex 6 52.65 22.5
      vertex 3 52.4597 21.5433
      vertex 6 52.4597 21.5433
    endloop
  endfacet
  facet normal 0 -0.555528 -0.831498
    outer loop
      vertex 3 51.1067 24.8097
      vertex 6 51.9178 24.2678
      vertex 6 51.1067 24.8097
    endloop
  endfacet
  facet normal -0 -0.555528 -0.831498
    outer loop
      vertex 6 51.9178 24.2678
      vertex 3 51.1067 24.8097
      vertex 3 51.9178 24.2678
    endloop
  endfacet
  facet normal -0 0.195091 0.980785
    outer loop
      vertex 3 50.15 20
      vertex 6 49.1933 20.1903
      vertex 6 50.15 20
    endloop
  endfacet
  facet normal 0 0.195091 0.980785
    outer loop
      vertex 6 49.1933 20.1903
      vertex 3 50.15 20
      vertex 3 49.1933 20.1903
    endloop
  endfacet
  facet normal 0 -0.831498 0.555528
    outer loop
      vertex 3 51.9178 20.7322
      vertex 6 52.4597 21.5433
      vertex 3 52.4597 21.5433
    endloop
  endfacet
  facet normal 0 -0.831498 0.555528
    outer loop
      vertex 6 52.4597 21.5433
      vertex 3 51.9178 20.7322
      vertex 6 51.9178 20.7322
    endloop
  endfacet
  facet normal -0 0.555528 0.831498
    outer loop
      vertex 3 49.1933 20.1903
      vertex 6 48.3822 20.7322
      vertex 6 49.1933 20.1903
    endloop
  endfacet
  facet normal 0 0.555528 0.831498
    outer loop
      vertex 6 48.3822 20.7322
      vertex 3 49.1933 20.1903
      vertex 3 48.3822 20.7322
    endloop
  endfacet
  facet normal 0 0.831498 -0.555528
    outer loop
      vertex 6 47.8403 23.4567
      vertex 3 48.3822 24.2678
      vertex 6 48.3822 24.2678
    endloop
  endfacet
  facet normal 0 0.831498 -0.555528
    outer loop
      vertex 3 48.3822 24.2678
      vertex 6 47.8403 23.4567
      vertex 3 47.8403 23.4567
    endloop
  endfacet
  facet normal 0 0.555528 -0.831498
    outer loop
      vertex 3 48.3822 24.2678
      vertex 6 49.1933 24.8097
      vertex 6 48.3822 24.2678
    endloop
  endfacet
  facet normal 0 0.555528 -0.831498
    outer loop
      vertex 6 49.1933 24.8097
      vertex 3 48.3822 24.2678
      vertex 3 49.1933 24.8097
    endloop
  endfacet
  facet normal 0 0.195091 -0.980785
    outer loop
      vertex 3 49.1933 24.8097
      vertex 6 50.15 25
      vertex 6 49.1933 24.8097
    endloop
  endfacet
  facet normal 0 0.195091 -0.980785
    outer loop
      vertex 6 50.15 25
      vertex 3 49.1933 24.8097
      vertex 3 50.15 25
    endloop
  endfacet
  facet normal 0 0.980785 -0.195091
    outer loop
      vertex 6 47.65 22.5
      vertex 3 47.8403 23.4567
      vertex 6 47.8403 23.4567
    endloop
  endfacet
  facet normal 0 0.980785 -0.195091
    outer loop
      vertex 3 47.8403 23.4567
      vertex 6 47.65 22.5
      vertex 3 47.65 22.5
    endloop
  endfacet
  facet normal 0 -0.195091 0.980785
    outer loop
      vertex 102.5 51.1067 20.1903
      vertex 105.5 50.15 20
      vertex 105.5 51.1067 20.1903
    endloop
  endfacet
  facet normal 0 -0.195091 0.980785
    outer loop
      vertex 105.5 50.15 20
      vertex 102.5 51.1067 20.1903
      vertex 102.5 50.15 20
    endloop
  endfacet
  facet normal 0 -0.195091 -0.980785
    outer loop
      vertex 102.5 50.15 25
      vertex 105.5 51.1067 24.8097
      vertex 105.5 50.15 25
    endloop
  endfacet
  facet normal -0 -0.195091 -0.980785
    outer loop
      vertex 105.5 51.1067 24.8097
      vertex 102.5 50.15 25
      vertex 102.5 51.1067 24.8097
    endloop
  endfacet
  facet normal 0 -0.980785 -0.195091
    outer loop
      vertex 102.5 52.65 22.5
      vertex 105.5 52.4597 23.4567
      vertex 102.5 52.4597 23.4567
    endloop
  endfacet
  facet normal 0 -0.980785 -0.195091
    outer loop
      vertex 105.5 52.4597 23.4567
      vertex 102.5 52.65 22.5
      vertex 105.5 52.65 22.5
    endloop
  endfacet
  facet normal 0 -0.831498 -0.555528
    outer loop
      vertex 102.5 52.4597 23.4567
      vertex 105.5 51.9178 24.2678
      vertex 102.5 51.9178 24.2678
    endloop
  endfacet
  facet normal 0 -0.831498 -0.555528
    outer loop
      vertex 105.5 51.9178 24.2678
      vertex 102.5 52.4597 23.4567
      vertex 105.5 52.4597 23.4567
    endloop
  endfacet
  facet normal 0 0.980785 0.195091
    outer loop
      vertex 105.5 47.8403 21.5433
      vertex 102.5 47.65 22.5
      vertex 105.5 47.65 22.5
    endloop
  endfacet
  facet normal 0 0.980785 0.195091
    outer loop
      vertex 102.5 47.65 22.5
      vertex 105.5 47.8403 21.5433
      vertex 102.5 47.8403 21.5433
    endloop
  endfacet
  facet normal 0 0.831498 0.555528
    outer loop
      vertex 105.5 48.3822 20.7322
      vertex 102.5 47.8403 21.5433
      vertex 105.5 47.8403 21.5433
    endloop
  endfacet
  facet normal 0 0.831498 0.555528
    outer loop
      vertex 102.5 47.8403 21.5433
      vertex 105.5 48.3822 20.7322
      vertex 102.5 48.3822 20.7322
    endloop
  endfacet
  facet normal 0 -0.555528 0.831498
    outer loop
      vertex 102.5 51.9178 20.7322
      vertex 105.5 51.1067 20.1903
      vertex 105.5 51.9178 20.7322
    endloop
  endfacet
  facet normal 0 -0.555528 0.831498
    outer loop
      vertex 105.5 51.1067 20.1903
      vertex 102.5 51.9178 20.7322
      vertex 102.5 51.1067 20.1903
    endloop
  endfacet
  facet normal 0 -0.980785 0.195091
    outer loop
      vertex 102.5 52.4597 21.5433
      vertex 105.5 52.65 22.5
      vertex 102.5 52.65 22.5
    endloop
  endfacet
  facet normal 0 -0.980785 0.195091
    outer loop
      vertex 105.5 52.65 22.5
      vertex 102.5 52.4597 21.5433
      vertex 105.5 52.4597 21.5433
    endloop
  endfacet
  facet normal 0 -0.555528 -0.831498
    outer loop
      vertex 102.5 51.1067 24.8097
      vertex 105.5 51.9178 24.2678
      vertex 105.5 51.1067 24.8097
    endloop
  endfacet
  facet normal -0 -0.555528 -0.831498
    outer loop
      vertex 105.5 51.9178 24.2678
      vertex 102.5 51.1067 24.8097
      vertex 102.5 51.9178 24.2678
    endloop
  endfacet
  facet normal -0 0.195091 0.980785
    outer loop
      vertex 102.5 50.15 20
      vertex 105.5 49.1933 20.1903
      vertex 105.5 50.15 20
    endloop
  endfacet
  facet normal 0 0.195091 0.980785
    outer loop
      vertex 105.5 49.1933 20.1903
      vertex 102.5 50.15 20
      vertex 102.5 49.1933 20.1903
    endloop
  endfacet
  facet normal 0 -0.831498 0.555528
    outer loop
      vertex 102.5 51.9178 20.7322
      vertex 105.5 52.4597 21.5433
      vertex 102.5 52.4597 21.5433
    endloop
  endfacet
  facet normal 0 -0.831498 0.555528
    outer loop
      vertex 105.5 52.4597 21.5433
      vertex 102.5 51.9178 20.7322
      vertex 105.5 51.9178 20.7322
    endloop
  endfacet
  facet normal -0 0.555528 0.831498
    outer loop
      vertex 102.5 49.1933 20.1903
      vertex 105.5 48.3822 20.7322
      vertex 105.5 49.1933 20.1903
    endloop
  endfacet
  facet normal 0 0.555528 0.831498
    outer loop
      vertex 105.5 48.3822 20.7322
      vertex 102.5 49.1933 20.1903
      vertex 102.5 48.3822 20.7322
    endloop
  endfacet
  facet normal 0 0.831498 -0.555528
    outer loop
      vertex 105.5 47.8403 23.4567
      vertex 102.5 48.3822 24.2678
      vertex 105.5 48.3822 24.2678
    endloop
  endfacet
  facet normal 0 0.831498 -0.555528
    outer loop
      vertex 102.5 48.3822 24.2678
      vertex 105.5 47.8403 23.4567
      vertex 102.5 47.8403 23.4567
    endloop
  endfacet
  facet normal 0 0.555528 -0.831498
    outer loop
      vertex 102.5 48.3822 24.2678
      vertex 105.5 49.1933 24.8097
      vertex 105.5 48.3822 24.2678
    endloop
  endfacet
  facet normal 0 0.555528 -0.831498
    outer loop
      vertex 105.5 49.1933 24.8097
      vertex 102.5 48.3822 24.2678
      vertex 102.5 49.1933 24.8097
    endloop
  endfacet
  facet normal 0 0.195091 -0.980785
    outer loop
      vertex 102.5 49.1933 24.8097
      vertex 105.5 50.15 25
      vertex 105.5 49.1933 24.8097
    endloop
  endfacet
  facet normal 0 0.195091 -0.980785
    outer loop
      vertex 105.5 50.15 25
      vertex 102.5 49.1933 24.8097
      vertex 102.5 50.15 25
    endloop
  endfacet
  facet normal 0 0.980785 -0.195091
    outer loop
      vertex 105.5 47.65 22.5
      vertex 102.5 47.8403 23.4567
      vertex 105.5 47.8403 23.4567
    endloop
  endfacet
  facet normal 0 0.980785 -0.195091
    outer loop
      vertex 102.5 47.8403 23.4567
      vertex 105.5 47.65 22.5
      vertex 102.5 47.65 22.5
    endloop
  endfacet
  facet normal 0 -0.195091 0.980785
    outer loop
      vertex 3 61.1067 20.1903
      vertex 6 60.15 20
      vertex 6 61.1067 20.1903
    endloop
  endfacet
  facet normal 0 -0.195091 0.980785
    outer loop
      vertex 6 60.15 20
      vertex 3 61.1067 20.1903
      vertex 3 60.15 20
    endloop
  endfacet
  facet normal 0 -0.195091 -0.980785
    outer loop
      vertex 3 60.15 25
      vertex 6 61.1067 24.8097
      vertex 6 60.15 25
    endloop
  endfacet
  facet normal -0 -0.195091 -0.980785
    outer loop
      vertex 6 61.1067 24.8097
      vertex 3 60.15 25
      vertex 3 61.1067 24.8097
    endloop
  endfacet
  facet normal 0 -0.980785 -0.195091
    outer loop
      vertex 3 62.65 22.5
      vertex 6 62.4597 23.4567
      vertex 3 62.4597 23.4567
    endloop
  endfacet
  facet normal 0 -0.980785 -0.195091
    outer loop
      vertex 6 62.4597 23.4567
      vertex 3 62.65 22.5
      vertex 6 62.65 22.5
    endloop
  endfacet
  facet normal 0 -0.831498 -0.555528
    outer loop
      vertex 3 62.4597 23.4567
      vertex 6 61.9178 24.2678
      vertex 3 61.9178 24.2678
    endloop
  endfacet
  facet normal 0 -0.831498 -0.555528
    outer loop
      vertex 6 61.9178 24.2678
      vertex 3 62.4597 23.4567
      vertex 6 62.4597 23.4567
    endloop
  endfacet
  facet normal 0 0.980785 0.195091
    outer loop
      vertex 6 57.8403 21.5433
      vertex 3 57.65 22.5
      vertex 6 57.65 22.5
    endloop
  endfacet
  facet normal 0 0.980785 0.195091
    outer loop
      vertex 3 57.65 22.5
      vertex 6 57.8403 21.5433
      vertex 3 57.8403 21.5433
    endloop
  endfacet
  facet normal 0 0.831498 0.555528
    outer loop
      vertex 6 58.3822 20.7322
      vertex 3 57.8403 21.5433
      vertex 6 57.8403 21.5433
    endloop
  endfacet
  facet normal 0 0.831498 0.555528
    outer loop
      vertex 3 57.8403 21.5433
      vertex 6 58.3822 20.7322
      vertex 3 58.3822 20.7322
    endloop
  endfacet
  facet normal 0 -0.555528 0.831498
    outer loop
      vertex 3 61.9178 20.7322
      vertex 6 61.1067 20.1903
      vertex 6 61.9178 20.7322
    endloop
  endfacet
  facet normal 0 -0.555528 0.831498
    outer loop
      vertex 6 61.1067 20.1903
      vertex 3 61.9178 20.7322
      vertex 3 61.1067 20.1903
    endloop
  endfacet
  facet normal 0 -0.980785 0.195091
    outer loop
      vertex 3 62.4597 21.5433
      vertex 6 62.65 22.5
      vertex 3 62.65 22.5
    endloop
  endfacet
  facet normal 0 -0.980785 0.195091
    outer loop
      vertex 6 62.65 22.5
      vertex 3 62.4597 21.5433
      vertex 6 62.4597 21.5433
    endloop
  endfacet
  facet normal 0 -0.555528 -0.831498
    outer loop
      vertex 3 61.1067 24.8097
      vertex 6 61.9178 24.2678
      vertex 6 61.1067 24.8097
    endloop
  endfacet
  facet normal -0 -0.555528 -0.831498
    outer loop
      vertex 6 61.9178 24.2678
      vertex 3 61.1067 24.8097
      vertex 3 61.9178 24.2678
    endloop
  endfacet
  facet normal -0 0.195091 0.980785
    outer loop
      vertex 3 60.15 20
      vertex 6 59.1933 20.1903
      vertex 6 60.15 20
    endloop
  endfacet
  facet normal 0 0.195091 0.980785
    outer loop
      vertex 6 59.1933 20.1903
      vertex 3 60.15 20
      vertex 3 59.1933 20.1903
    endloop
  endfacet
  facet normal 0 -0.831498 0.555528
    outer loop
      vertex 3 61.9178 20.7322
      vertex 6 62.4597 21.5433
      vertex 3 62.4597 21.5433
    endloop
  endfacet
  facet normal 0 -0.831498 0.555528
    outer loop
      vertex 6 62.4597 21.5433
      vertex 3 61.9178 20.7322
      vertex 6 61.9178 20.7322
    endloop
  endfacet
  facet normal -0 0.555528 0.831498
    outer loop
      vertex 3 59.1933 20.1903
      vertex 6 58.3822 20.7322
      vertex 6 59.1933 20.1903
    endloop
  endfacet
  facet normal 0 0.555528 0.831498
    outer loop
      vertex 6 58.3822 20.7322
      vertex 3 59.1933 20.1903
      vertex 3 58.3822 20.7322
    endloop
  endfacet
  facet normal 0 0.831498 -0.555528
    outer loop
      vertex 6 57.8403 23.4567
      vertex 3 58.3822 24.2678
      vertex 6 58.3822 24.2678
    endloop
  endfacet
  facet normal 0 0.831498 -0.555528
    outer loop
      vertex 3 58.3822 24.2678
      vertex 6 57.8403 23.4567
      vertex 3 57.8403 23.4567
    endloop
  endfacet
  facet normal 0 0.555528 -0.831498
    outer loop
      vertex 3 58.3822 24.2678
      vertex 6 59.1933 24.8097
      vertex 6 58.3822 24.2678
    endloop
  endfacet
  facet normal 0 0.555528 -0.831498
    outer loop
      vertex 6 59.1933 24.8097
      vertex 3 58.3822 24.2678
      vertex 3 59.1933 24.8097
    endloop
  endfacet
  facet normal 0 0.195091 -0.980785
    outer loop
      vertex 3 59.1933 24.8097
      vertex 6 60.15 25
      vertex 6 59.1933 24.8097
    endloop
  endfacet
  facet normal 0 0.195091 -0.980785
    outer loop
      vertex 6 60.15 25
      vertex 3 59.1933 24.8097
      vertex 3 60.15 25
    endloop
  endfacet
  facet normal 0 0.980785 -0.195091
    outer loop
      vertex 6 57.65 22.5
      vertex 3 57.8403 23.4567
      vertex 6 57.8403 23.4567
    endloop
  endfacet
  facet normal 0 0.980785 -0.195091
    outer loop
      vertex 3 57.8403 23.4567
      vertex 6 57.65 22.5
      vertex 3 57.65 22.5
    endloop
  endfacet
  facet normal 0 -0.195091 0.980785
    outer loop
      vertex 102.5 61.1067 20.1903
      vertex 105.5 60.15 20
      vertex 105.5 61.1067 20.1903
    endloop
  endfacet
  facet normal 0 -0.195091 0.980785
    outer loop
      vertex 105.5 60.15 20
      vertex 102.5 61.1067 20.1903
      vertex 102.5 60.15 20
    endloop
  endfacet
  facet normal 0 -0.195091 -0.980785
    outer loop
      vertex 102.5 60.15 25
      vertex 105.5 61.1067 24.8097
      vertex 105.5 60.15 25
    endloop
  endfacet
  facet normal -0 -0.195091 -0.980785
    outer loop
      vertex 105.5 61.1067 24.8097
      vertex 102.5 60.15 25
      vertex 102.5 61.1067 24.8097
    endloop
  endfacet
  facet normal 0 -0.980785 -0.195091
    outer loop
      vertex 102.5 62.65 22.5
      vertex 105.5 62.4597 23.4567
      vertex 102.5 62.4597 23.4567
    endloop
  endfacet
  facet normal 0 -0.980785 -0.195091
    outer loop
      vertex 105.5 62.4597 23.4567
      vertex 102.5 62.65 22.5
      vertex 105.5 62.65 22.5
    endloop
  endfacet
  facet normal 0 -0.831498 -0.555528
    outer loop
      vertex 102.5 62.4597 23.4567
      vertex 105.5 61.9178 24.2678
      vertex 102.5 61.9178 24.2678
    endloop
  endfacet
  facet normal 0 -0.831498 -0.555528
    outer loop
      vertex 105.5 61.9178 24.2678
      vertex 102.5 62.4597 23.4567
      vertex 105.5 62.4597 23.4567
    endloop
  endfacet
  facet normal 0 0.980785 0.195091
    outer loop
      vertex 105.5 57.8403 21.5433
      vertex 102.5 57.65 22.5
      vertex 105.5 57.65 22.5
    endloop
  endfacet
  facet normal 0 0.980785 0.195091
    outer loop
      vertex 102.5 57.65 22.5
      vertex 105.5 57.8403 21.5433
      vertex 102.5 57.8403 21.5433
    endloop
  endfacet
  facet normal 0 0.831498 0.555528
    outer loop
      vertex 105.5 58.3822 20.7322
      vertex 102.5 57.8403 21.5433
      vertex 105.5 57.8403 21.5433
    endloop
  endfacet
  facet normal 0 0.831498 0.555528
    outer loop
      vertex 102.5 57.8403 21.5433
      vertex 105.5 58.3822 20.7322
      vertex 102.5 58.3822 20.7322
    endloop
  endfacet
  facet normal 0 -0.555528 0.831498
    outer loop
      vertex 102.5 61.9178 20.7322
      vertex 105.5 61.1067 20.1903
      vertex 105.5 61.9178 20.7322
    endloop
  endfacet
  facet normal 0 -0.555528 0.831498
    outer loop
      vertex 105.5 61.1067 20.1903
      vertex 102.5 61.9178 20.7322
      vertex 102.5 61.1067 20.1903
    endloop
  endfacet
  facet normal 0 -0.980785 0.195091
    outer loop
      vertex 102.5 62.4597 21.5433
      vertex 105.5 62.65 22.5
      vertex 102.5 62.65 22.5
    endloop
  endfacet
  facet normal 0 -0.980785 0.195091
    outer loop
      vertex 105.5 62.65 22.5
      vertex 102.5 62.4597 21.5433
      vertex 105.5 62.4597 21.5433
    endloop
  endfacet
  facet normal 0 -0.555528 -0.831498
    outer loop
      vertex 102.5 61.1067 24.8097
      vertex 105.5 61.9178 24.2678
      vertex 105.5 61.1067 24.8097
    endloop
  endfacet
  facet normal -0 -0.555528 -0.831498
    outer loop
      vertex 105.5 61.9178 24.2678
      vertex 102.5 61.1067 24.8097
      vertex 102.5 61.9178 24.2678
    endloop
  endfacet
  facet normal -0 0.195091 0.980785
    outer loop
      vertex 102.5 60.15 20
      vertex 105.5 59.1933 20.1903
      vertex 105.5 60.15 20
    endloop
  endfacet
  facet normal 0 0.195091 0.980785
    outer loop
      vertex 105.5 59.1933 20.1903
      vertex 102.5 60.15 20
      vertex 102.5 59.1933 20.1903
    endloop
  endfacet
  facet normal 0 -0.831498 0.555528
    outer loop
      vertex 102.5 61.9178 20.7322
      vertex 105.5 62.4597 21.5433
      vertex 102.5 62.4597 21.5433
    endloop
  endfacet
  facet normal 0 -0.831498 0.555528
    outer loop
      vertex 105.5 62.4597 21.5433
      vertex 102.5 61.9178 20.7322
      vertex 105.5 61.9178 20.7322
    endloop
  endfacet
  facet normal -0 0.555528 0.831498
    outer loop
      vertex 102.5 59.1933 20.1903
      vertex 105.5 58.3822 20.7322
      vertex 105.5 59.1933 20.1903
    endloop
  endfacet
  facet normal 0 0.555528 0.831498
    outer loop
      vertex 105.5 58.3822 20.7322
      vertex 102.5 59.1933 20.1903
      vertex 102.5 58.3822 20.7322
    endloop
  endfacet
  facet normal 0 0.831498 -0.555528
    outer loop
      vertex 105.5 57.8403 23.4567
      vertex 102.5 58.3822 24.2678
      vertex 105.5 58.3822 24.2678
    endloop
  endfacet
  facet normal 0 0.831498 -0.555528
    outer loop
      vertex 102.5 58.3822 24.2678
      vertex 105.5 57.8403 23.4567
      vertex 102.5 57.8403 23.4567
    endloop
  endfacet
  facet normal 0 0.555528 -0.831498
    outer loop
      vertex 102.5 58.3822 24.2678
      vertex 105.5 59.1933 24.8097
      vertex 105.5 58.3822 24.2678
    endloop
  endfacet
  facet normal 0 0.555528 -0.831498
    outer loop
      vertex 105.5 59.1933 24.8097
      vertex 102.5 58.3822 24.2678
      vertex 102.5 59.1933 24.8097
    endloop
  endfacet
  facet normal 0 0.195091 -0.980785
    outer loop
      vertex 102.5 59.1933 24.8097
      vertex 105.5 60.15 25
      vertex 105.5 59.1933 24.8097
    endloop
  endfacet
  facet normal 0 0.195091 -0.980785
    outer loop
      vertex 105.5 60.15 25
      vertex 102.5 59.1933 24.8097
      vertex 102.5 60.15 25
    endloop
  endfacet
  facet normal 0 0.980785 -0.195091
    outer loop
      vertex 105.5 57.65 22.5
      vertex 102.5 57.8403 23.4567
      vertex 105.5 57.8403 23.4567
    endloop
  endfacet
  facet normal 0 0.980785 -0.195091
    outer loop
      vertex 102.5 57.8403 23.4567
      vertex 105.5 57.65 22.5
      vertex 102.5 57.65 22.5
    endloop
  endfacet
  facet normal 1 -0 0
    outer loop
      vertex 75.5 74.3 17
      vertex 75.5 77.3 5
      vertex 75.5 77.3 17
    endloop
  endfacet
  facet normal 1 0 0
    outer loop
      vertex 75.5 77.3 5
      vertex 75.5 74.3 17
      vertex 75.5 74.3 5
    endloop
  endfacet
  facet normal 0 0 -1
    outer loop
      vertex 75.5 74.3 17
      vertex 100.5 77.3 17
      vertex 100.5 74.3 17
    endloop
  endfacet
  facet normal -0 0 -1
    outer loop
      vertex 100.5 77.3 17
      vertex 75.5 74.3 17
      vertex 75.5 77.3 17
    endloop
  endfacet
  facet normal -1 0 0
    outer loop
      vertex 100.5 74.3 5
      vertex 100.5 77.3 17
      vertex 100.5 77.3 5
    endloop
  endfacet
  facet normal -1 -0 0
    outer loop
      vertex 100.5 77.3 17
      vertex 100.5 74.3 5
      vertex 100.5 74.3 17
    endloop
  endfacet
  facet normal -0.966283 0.0953337 0.239183
    outer loop
      vertex 87.6658 75.9208 0
      vertex 88.8801 75.6842 5
      vertex 87.6901 76.1671 0
    endloop
  endfacet
  facet normal -0.965722 0.100596 0.239295
    outer loop
      vertex 88.8801 75.6842 5
      vertex 87.6658 75.9208 0
      vertex 88.8796 75.6794 5
    endloop
  endfacet
  facet normal -0.966307 -0.0951287 0.239169
    outer loop
      vertex 87.6901 77.1329 0
      vertex 88.8915 77.5 5
      vertex 88.8801 77.6158 5
    endloop
  endfacet
  facet normal -0.966307 -0.0950499 0.2392
    outer loop
      vertex 88.9753 76.65 5
      vertex 87.6901 77.1329 0
      vertex 87.7376 76.65 0
    endloop
  endfacet
  facet normal -0.966292 -0.095265 0.239175
    outer loop
      vertex 87.6901 77.1329 0
      vertex 88.9753 76.65 5
      vertex 88.8915 77.5 5
    endloop
  endfacet
  facet normal -0.965722 -0.100596 0.239295
    outer loop
      vertex 87.6658 77.3792 0
      vertex 88.8801 77.6158 5
      vertex 88.8796 77.6206 5
    endloop
  endfacet
  facet normal -0.966283 -0.0953337 0.239183
    outer loop
      vertex 88.8801 77.6158 5
      vertex 87.6658 77.3792 0
      vertex 87.6901 77.1329 0
    endloop
  endfacet
  facet normal -0.616034 0.750531 0.239176
    outer loop
      vertex 86.6429 74.0071 0
      vertex 86.7641 72.5132 5
      vertex 87.518 73.132 5
    endloop
  endfacet
  facet normal -0.615952 0.750593 0.239193
    outer loop
      vertex 86.7641 72.5132 5
      vertex 86.6429 74.0071 0
      vertex 86.0765 73.5423 0
    endloop
  endfacet
  facet normal -0.0806422 0.967706 0.238833
    outer loop
      vertex 84.7292 72.9842 0
      vertex 84.9658 71.7699 5
      vertex 84.9706 71.7703 5
    endloop
  endfacet
  facet normal -0.0953337 0.966283 0.239183
    outer loop
      vertex 84.9658 71.7699 5
      vertex 84.7292 72.9842 0
      vertex 84.4829 72.9599 0
    endloop
  endfacet
  facet normal 0.615952 0.750593 0.239193
    outer loop
      vertex 81.3571 74.0071 0
      vertex 81.2359 72.5132 5
      vertex 81.9235 73.5423 0
    endloop
  endfacet
  facet normal 0.616034 0.750531 0.239176
    outer loop
      vertex 81.2359 72.5132 5
      vertex 81.3571 74.0071 0
      vertex 80.482 73.132 5
    endloop
  endfacet
  facet normal 0.929154 0.281887 0.23919
    outer loop
      vertex 79.1203 75.6794 5
      vertex 80.5469 75.2197 0
      vertex 80.3342 75.9208 0
    endloop
  endfacet
  facet normal 0.929141 0.281938 0.239181
    outer loop
      vertex 80.5469 75.2197 0
      vertex 79.1203 75.6794 5
      vertex 79.4035 74.7461 5
    endloop
  endfacet
  facet normal -0.0952486 -0.966293 0.239176
    outer loop
      vertex 84.2463 80.3634 0
      vertex 84.9706 81.5296 5
      vertex 84.0048 81.6248 5
    endloop
  endfacet
  facet normal -0.0952486 -0.966293 0.239176
    outer loop
      vertex 84.9706 81.5296 5
      vertex 84.2463 80.3634 0
      vertex 84.7292 80.3158 0
    endloop
  endfacet
  facet normal -0.750562 -0.615997 0.239175
    outer loop
      vertex 86.6429 79.2929 0
      vertex 88.1337 79.4178 5
      vertex 87.518 80.168 5
    endloop
  endfacet
  facet normal -0.750609 -0.615935 0.239187
    outer loop
      vertex 88.1337 79.4178 5
      vertex 86.6429 79.2929 0
      vertex 86.9507 78.9178 0
    endloop
  endfacet
  facet normal -0.929159 0.281888 0.239172
    outer loop
      vertex 87.4531 75.2197 0
      vertex 88.8796 75.6794 5
      vertex 87.6658 75.9208 0
    endloop
  endfacet
  facet normal -0.929169 0.281847 0.239179
    outer loop
      vertex 88.8796 75.6794 5
      vertex 87.4531 75.2197 0
      vertex 88.5965 74.7461 5
    endloop
  endfacet
  facet normal -0.966307 0.0950499 0.2392
    outer loop
      vertex 87.6901 76.1671 0
      vertex 88.9753 76.65 5
      vertex 87.7376 76.65 0
    endloop
  endfacet
  facet normal -0.966293 0.0952486 0.239177
    outer loop
      vertex 88.9753 76.65 5
      vertex 87.6901 76.1671 0
      vertex 88.8801 75.6842 5
    endloop
  endfacet
  facet normal -0.856361 -0.457646 0.239176
    outer loop
      vertex 87.2244 78.5083 0
      vertex 88.5965 78.5539 5
      vertex 88.1391 79.4098 5
    endloop
  endfacet
  facet normal -0.856382 -0.457604 0.239182
    outer loop
      vertex 88.5965 78.5539 5
      vertex 87.2244 78.5083 0
      vertex 87.4531 78.0803 0
    endloop
  endfacet
  facet normal -0.457645 0.856358 0.239191
    outer loop
      vertex 86.0765 73.5423 0
      vertex 85.9082 72.0558 5
      vertex 86.7641 72.5132 5
    endloop
  endfacet
  facet normal -0.457846 0.85626 0.239155
    outer loop
      vertex 85.9082 72.0558 5
      vertex 86.0765 73.5423 0
      vertex 85.6486 73.3135 0
    endloop
  endfacet
  facet normal -0.457967 0.856198 0.239146
    outer loop
      vertex 85.6486 73.3135 0
      vertex 85.9039 72.0535 5
      vertex 85.9082 72.0558 5
    endloop
  endfacet
  facet normal -0.457458 0.856459 0.239186
    outer loop
      vertex 85.9039 72.0535 5
      vertex 85.6486 73.3135 0
      vertex 85.4303 73.1969 0
    endloop
  endfacet
  facet normal -0.281938 0.929141 0.239181
    outer loop
      vertex 85.4303 73.1969 0
      vertex 84.9706 71.7703 5
      vertex 85.9039 72.0535 5
    endloop
  endfacet
  facet normal -0.281887 0.929154 0.23919
    outer loop
      vertex 84.9706 71.7703 5
      vertex 85.4303 73.1969 0
      vertex 84.7292 72.9842 0
    endloop
  endfacet
  facet normal 0.750606 0.615933 0.239199
    outer loop
      vertex 79.8663 73.8821 5
      vertex 81.3571 74.0071 0
      vertex 81.0493 74.3822 0
    endloop
  endfacet
  facet normal 0.750521 0.616046 0.239177
    outer loop
      vertex 81.3571 74.0071 0
      vertex 79.8663 73.8821 5
      vertex 80.482 73.132 5
    endloop
  endfacet
  facet normal 0.856382 0.457604 0.239182
    outer loop
      vertex 79.4035 74.7461 5
      vertex 80.7756 74.7917 0
      vertex 80.5469 75.2197 0
    endloop
  endfacet
  facet normal 0.856361 0.457647 0.239176
    outer loop
      vertex 79.6419 74.3 5
      vertex 80.7756 74.7917 0
      vertex 79.4035 74.7461 5
    endloop
  endfacet
  facet normal 0.856362 0.457646 0.239176
    outer loop
      vertex 80.7756 74.7917 0
      vertex 79.6419 74.3 5
      vertex 79.8609 73.8902 5
    endloop
  endfacet
  facet normal 0.744402 -0.623688 0.238494
    outer loop
      vertex 79.8632 79.4141 5
      vertex 81.0493 78.9178 0
      vertex 79.8663 79.4178 5
    endloop
  endfacet
  facet normal 0.750564 -0.615988 0.239192
    outer loop
      vertex 81.0493 78.9178 0
      vertex 79.8632 79.4141 5
      vertex 80.8923 78.7265 0
    endloop
  endfacet
  facet normal -0.856206 0.457925 0.239198
    outer loop
      vertex 87.1077 74.5735 0
      vertex 88.1391 73.8902 5
      vertex 87.2244 74.7917 0
    endloop
  endfacet
  facet normal -0.856187 0.45796 0.239199
    outer loop
      vertex 88.1391 73.8902 5
      vertex 87.1077 74.5735 0
      vertex 88.1368 73.8859 5
    endloop
  endfacet
  facet normal -0.856382 0.457604 0.239182
    outer loop
      vertex 87.2244 74.7917 0
      vertex 88.5965 74.7461 5
      vertex 87.4531 75.2197 0
    endloop
  endfacet
  facet normal -0.856361 0.457647 0.239176
    outer loop
      vertex 87.2244 74.7917 0
      vertex 88.3581 74.3 5
      vertex 88.5965 74.7461 5
    endloop
  endfacet
  facet normal -0.856362 0.457646 0.239176
    outer loop
      vertex 88.3581 74.3 5
      vertex 87.2244 74.7917 0
      vertex 88.1391 73.8902 5
    endloop
  endfacet
  facet normal -0.750564 0.615988 0.239192
    outer loop
      vertex 86.9507 74.3822 0
      vertex 88.1368 73.8859 5
      vertex 87.1077 74.5735 0
    endloop
  endfacet
  facet normal -0.752335 0.613747 0.239389
    outer loop
      vertex 88.1368 73.8859 5
      vertex 86.9507 74.3822 0
      vertex 88.1337 73.8821 5
    endloop
  endfacet
  facet normal -0.750606 0.615933 0.239199
    outer loop
      vertex 86.6429 74.0071 0
      vertex 88.1337 73.8821 5
      vertex 86.9507 74.3822 0
    endloop
  endfacet
  facet normal -0.750521 0.616046 0.239177
    outer loop
      vertex 88.1337 73.8821 5
      vertex 86.6429 74.0071 0
      vertex 87.518 73.132 5
    endloop
  endfacet
  facet normal 0.457846 0.85626 0.239155
    outer loop
      vertex 81.9235 73.5423 0
      vertex 82.0918 72.0558 5
      vertex 82.3514 73.3135 0
    endloop
  endfacet
  facet normal 0.457645 0.856358 0.239191
    outer loop
      vertex 82.0918 72.0558 5
      vertex 81.9235 73.5423 0
      vertex 81.2359 72.5132 5
    endloop
  endfacet
  facet normal 0.281887 0.929154 0.23919
    outer loop
      vertex 82.5697 73.1969 0
      vertex 83.0294 71.7703 5
      vertex 83.2708 72.9842 0
    endloop
  endfacet
  facet normal 0.281938 0.929141 0.239181
    outer loop
      vertex 83.0294 71.7703 5
      vertex 82.5697 73.1969 0
      vertex 82.0961 72.0535 5
    endloop
  endfacet
  facet normal 0.0951461 0.966303 0.239179
    outer loop
      vertex 83.2708 72.9842 0
      vertex 84 71.6748 5
      vertex 84 72.9124 0
    endloop
  endfacet
  facet normal 0.0950776 0.966307 0.23919
    outer loop
      vertex 84 71.6748 5
      vertex 83.2708 72.9842 0
      vertex 83.0294 71.7703 5
    endloop
  endfacet
  facet normal -0.0951497 0.966304 0.23917
    outer loop
      vertex 84.4829 72.9599 0
      vertex 84 71.6748 5
      vertex 84.9658 71.7699 5
    endloop
  endfacet
  facet normal -0.0950503 0.966311 0.239181
    outer loop
      vertex 84 71.6748 5
      vertex 84.4829 72.9599 0
      vertex 84 72.9124 0
    endloop
  endfacet
  facet normal 0.925241 -0.29529 0.238188
    outer loop
      vertex 79.1203 77.6206 5
      vertex 80.406 77.616 0
      vertex 79.1218 77.6253 5
    endloop
  endfacet
  facet normal 0.929198 -0.281742 0.239193
    outer loop
      vertex 80.406 77.616 0
      vertex 79.1203 77.6206 5
      vertex 80.3342 77.3792 0
    endloop
  endfacet
  facet normal 0.967706 -0.0806422 0.238833
    outer loop
      vertex 79.1199 77.6158 5
      vertex 80.3342 77.3792 0
      vertex 79.1203 77.6206 5
    endloop
  endfacet
  facet normal 0.966283 -0.0953337 0.239183
    outer loop
      vertex 80.3342 77.3792 0
      vertex 79.1199 77.6158 5
      vertex 80.3099 77.1329 0
    endloop
  endfacet
  facet normal 0.966307 -0.0951287 0.239169
    outer loop
      vertex 79.1085 77.5 5
      vertex 80.3099 77.1329 0
      vertex 79.1199 77.6158 5
    endloop
  endfacet
  facet normal 0.966292 -0.095265 0.239175
    outer loop
      vertex 79.0247 76.65 5
      vertex 80.3099 77.1329 0
      vertex 79.1085 77.5 5
    endloop
  endfacet
  facet normal 0.966307 -0.0950499 0.2392
    outer loop
      vertex 80.3099 77.1329 0
      vertex 79.0247 76.65 5
      vertex 80.2624 76.65 0
    endloop
  endfacet
  facet normal 0.750564 0.615988 0.239192
    outer loop
      vertex 79.8632 73.8859 5
      vertex 81.0493 74.3822 0
      vertex 80.8923 74.5735 0
    endloop
  endfacet
  facet normal 0.752335 0.613747 0.239389
    outer loop
      vertex 81.0493 74.3822 0
      vertex 79.8632 73.8859 5
      vertex 79.8663 73.8821 5
    endloop
  endfacet
  facet normal 0.856206 0.457925 0.239198
    outer loop
      vertex 79.8609 73.8902 5
      vertex 80.8923 74.5735 0
      vertex 80.7756 74.7917 0
    endloop
  endfacet
  facet normal 0.856187 0.45796 0.239199
    outer loop
      vertex 80.8923 74.5735 0
      vertex 79.8609 73.8902 5
      vertex 79.8632 73.8859 5
    endloop
  endfacet
  facet normal 0.281847 -0.929169 0.239179
    outer loop
      vertex 82.5697 80.1031 0
      vertex 83.0294 81.5296 5
      vertex 82.0961 81.2465 5
    endloop
  endfacet
  facet normal 0.281888 -0.929159 0.239172
    outer loop
      vertex 83.0294 81.5296 5
      vertex 82.5697 80.1031 0
      vertex 83.2708 80.3158 0
    endloop
  endfacet
  facet normal 0.750562 -0.615997 0.239175
    outer loop
      vertex 79.8663 79.4178 5
      vertex 81.3571 79.2929 0
      vertex 80.482 80.168 5
    endloop
  endfacet
  facet normal 0.750609 -0.615935 0.239187
    outer loop
      vertex 81.3571 79.2929 0
      vertex 79.8663 79.4178 5
      vertex 81.0493 78.9178 0
    endloop
  endfacet
  facet normal 0.0952486 -0.966293 0.239176
    outer loop
      vertex 83.2708 80.3158 0
      vertex 83.9952 81.6248 5
      vertex 83.0294 81.5296 5
    endloop
  endfacet
  facet normal 0.0952486 -0.966293 0.239176
    outer loop
      vertex 83.9952 81.6248 5
      vertex 83.2708 80.3158 0
      vertex 83.7537 80.3634 0
    endloop
  endfacet
  facet normal -0.0806288 -0.967546 0.239487
    outer loop
      vertex 84 80.3876 0
      vertex 84.0048 81.6248 5
      vertex 84 81.6252 5
    endloop
  endfacet
  facet normal -0.0949448 -0.966318 0.239197
    outer loop
      vertex 84.0048 81.6248 5
      vertex 84 80.3876 0
      vertex 84.2463 80.3634 0
    endloop
  endfacet
  facet normal -0.457458 -0.856459 0.239186
    outer loop
      vertex 85.6486 79.9865 0
      vertex 85.9039 81.2465 5
      vertex 85.4303 80.1031 0
    endloop
  endfacet
  facet normal -0.457967 -0.856198 0.239146
    outer loop
      vertex 85.9039 81.2465 5
      vertex 85.6486 79.9865 0
      vertex 85.9082 81.2442 5
    endloop
  endfacet
  facet normal -0.457846 -0.85626 0.239155
    outer loop
      vertex 86.0765 79.7577 0
      vertex 85.9082 81.2442 5
      vertex 85.6486 79.9865 0
    endloop
  endfacet
  facet normal -0.457645 -0.856358 0.239191
    outer loop
      vertex 85.9082 81.2442 5
      vertex 86.0765 79.7577 0
      vertex 86.7641 80.7868 5
    endloop
  endfacet
  facet normal -0.615989 -0.750565 0.239184
    outer loop
      vertex 86.6429 79.2929 0
      vertex 87.5143 80.1711 5
      vertex 86.4516 79.4499 0
    endloop
  endfacet
  facet normal -0.623547 -0.744233 0.239389
    outer loop
      vertex 87.5143 80.1711 5
      vertex 86.6429 79.2929 0
      vertex 87.518 80.168 5
    endloop
  endfacet
  facet normal -0.615934 -0.750607 0.239193
    outer loop
      vertex 86.4516 79.4499 0
      vertex 86.7641 80.7868 5
      vertex 86.0765 79.7577 0
    endloop
  endfacet
  facet normal -0.615995 -0.75056 0.239184
    outer loop
      vertex 86.7641 80.7868 5
      vertex 86.4516 79.4499 0
      vertex 87.5143 80.1711 5
    endloop
  endfacet
  facet normal -0.929162 -0.281871 0.23918
    outer loop
      vertex 87.4531 78.0803 0
      vertex 88.8782 77.6253 5
      vertex 88.5965 78.5539 5
    endloop
  endfacet
  facet normal -0.929138 -0.281963 0.239164
    outer loop
      vertex 88.8782 77.6253 5
      vertex 87.4531 78.0803 0
      vertex 87.594 77.616 0
    endloop
  endfacet
  facet normal -0.930492 -0.277168 0.239503
    outer loop
      vertex 87.594 77.616 0
      vertex 88.8796 77.6206 5
      vertex 88.8782 77.6253 5
    endloop
  endfacet
  facet normal -0.929202 -0.281743 0.239176
    outer loop
      vertex 88.8796 77.6206 5
      vertex 87.594 77.616 0
      vertex 87.6658 77.3792 0
    endloop
  endfacet
  facet normal 0.457458 0.856459 0.239186
    outer loop
      vertex 82.3514 73.3135 0
      vertex 82.0961 72.0535 5
      vertex 82.5697 73.1969 0
    endloop
  endfacet
  facet normal 0.457967 0.856198 0.239146
    outer loop
      vertex 82.0961 72.0535 5
      vertex 82.3514 73.3135 0
      vertex 82.0918 72.0558 5
    endloop
  endfacet
  facet normal 0.929162 -0.281871 0.23918
    outer loop
      vertex 79.1218 77.6253 5
      vertex 80.5469 78.0803 0
      vertex 79.4035 78.5539 5
    endloop
  endfacet
  facet normal 0.929138 -0.281963 0.239164
    outer loop
      vertex 80.5469 78.0803 0
      vertex 79.1218 77.6253 5
      vertex 80.406 77.616 0
    endloop
  endfacet
  facet normal 0.965777 0.100602 0.239068
    outer loop
      vertex 79.0252 76.6452 5
      vertex 80.2624 76.65 0
      vertex 79.0247 76.65 5
    endloop
  endfacet
  facet normal 0.966318 0.0949448 0.239197
    outer loop
      vertex 80.2624 76.65 0
      vertex 79.0252 76.6452 5
      vertex 80.2866 76.4037 0
    endloop
  endfacet
  facet normal 0.966293 0.0952486 0.239176
    outer loop
      vertex 79.0252 76.6452 5
      vertex 80.3342 75.9208 0
      vertex 80.2866 76.4037 0
    endloop
  endfacet
  facet normal 0.966299 0.0951491 0.239192
    outer loop
      vertex 80.3342 75.9208 0
      vertex 79.0252 76.6452 5
      vertex 79.1203 75.6794 5
    endloop
  endfacet
  facet normal 0.615995 -0.75056 0.239184
    outer loop
      vertex 81.5484 79.4499 0
      vertex 81.2359 80.7868 5
      vertex 80.4857 80.1711 5
    endloop
  endfacet
  facet normal 0.615934 -0.750607 0.239193
    outer loop
      vertex 81.2359 80.7868 5
      vertex 81.5484 79.4499 0
      vertex 81.9235 79.7577 0
    endloop
  endfacet
  facet normal 0.623547 -0.744233 0.239389
    outer loop
      vertex 81.3571 79.2929 0
      vertex 80.4857 80.1711 5
      vertex 80.482 80.168 5
    endloop
  endfacet
  facet normal 0.615989 -0.750565 0.239184
    outer loop
      vertex 80.4857 80.1711 5
      vertex 81.3571 79.2929 0
      vertex 81.5484 79.4499 0
    endloop
  endfacet
  facet normal -0.281888 -0.929159 0.239172
    outer loop
      vertex 85.4303 80.1031 0
      vertex 84.9706 81.5296 5
      vertex 84.7292 80.3158 0
    endloop
  endfacet
  facet normal -0.281847 -0.929169 0.239179
    outer loop
      vertex 84.9706 81.5296 5
      vertex 85.4303 80.1031 0
      vertex 85.9039 81.2465 5
    endloop
  endfacet
  facet normal -0.744402 -0.623688 0.238494
    outer loop
      vertex 86.9507 78.9178 0
      vertex 88.1368 79.4141 5
      vertex 88.1337 79.4178 5
    endloop
  endfacet
  facet normal -0.750564 -0.615988 0.239192
    outer loop
      vertex 88.1368 79.4141 5
      vertex 86.9507 78.9178 0
      vertex 87.1077 78.7265 0
    endloop
  endfacet
  facet normal -0.856187 -0.45796 0.239199
    outer loop
      vertex 87.1077 78.7265 0
      vertex 88.1391 79.4098 5
      vertex 88.1368 79.4141 5
    endloop
  endfacet
  facet normal -0.856206 -0.457925 0.239198
    outer loop
      vertex 88.1391 79.4098 5
      vertex 87.1077 78.7265 0
      vertex 87.2244 78.5083 0
    endloop
  endfacet
  facet normal 0.856361 -0.457646 0.239176
    outer loop
      vertex 79.4035 78.5539 5
      vertex 80.7756 78.5083 0
      vertex 79.8609 79.4098 5
    endloop
  endfacet
  facet normal 0.856382 -0.457604 0.239182
    outer loop
      vertex 80.7756 78.5083 0
      vertex 79.4035 78.5539 5
      vertex 80.5469 78.0803 0
    endloop
  endfacet
  facet normal 0.856187 -0.45796 0.239199
    outer loop
      vertex 79.8609 79.4098 5
      vertex 80.8923 78.7265 0
      vertex 79.8632 79.4141 5
    endloop
  endfacet
  facet normal 0.856206 -0.457925 0.239198
    outer loop
      vertex 80.8923 78.7265 0
      vertex 79.8609 79.4098 5
      vertex 80.7756 78.5083 0
    endloop
  endfacet
  facet normal 0.457645 -0.856358 0.239191
    outer loop
      vertex 81.9235 79.7577 0
      vertex 82.0918 81.2442 5
      vertex 81.2359 80.7868 5
    endloop
  endfacet
  facet normal 0.457846 -0.85626 0.239155
    outer loop
      vertex 82.0918 81.2442 5
      vertex 81.9235 79.7577 0
      vertex 82.3514 79.9865 0
    endloop
  endfacet
  facet normal 0.457967 -0.856198 0.239146
    outer loop
      vertex 82.3514 79.9865 0
      vertex 82.0961 81.2465 5
      vertex 82.0918 81.2442 5
    endloop
  endfacet
  facet normal 0.457458 -0.856459 0.239186
    outer loop
      vertex 82.0961 81.2465 5
      vertex 82.3514 79.9865 0
      vertex 82.5697 80.1031 0
    endloop
  endfacet
  facet normal 0.0949448 -0.966318 0.239197
    outer loop
      vertex 84 80.3876 0
      vertex 83.9952 81.6248 5
      vertex 83.7537 80.3634 0
    endloop
  endfacet
  facet normal 0.0806288 -0.967546 0.239487
    outer loop
      vertex 83.9952 81.6248 5
      vertex 84 80.3876 0
      vertex 84 81.6252 5
    endloop
  endfacet
  facet normal -0.966269 0.0954486 0.239192
    outer loop
      vertex 87.6658 225.921 0
      vertex 88.8801 225.684 5
      vertex 87.6901 226.167 0
    endloop
  endfacet
  facet normal -0.966147 0.0966147 0.239218
    outer loop
      vertex 88.8801 225.684 5
      vertex 87.6658 225.921 0
      vertex 88.8796 225.679 5
    endloop
  endfacet
  facet normal -0.966309 -0.0950304 0.2392
    outer loop
      vertex 88.9753 226.65 5
      vertex 87.6901 227.133 0
      vertex 87.7376 226.65 0
    endloop
  endfacet
  facet normal -0.966295 -0.0952291 0.239177
    outer loop
      vertex 87.6901 227.133 0
      vertex 88.9753 226.65 5
      vertex 88.8801 227.616 5
    endloop
  endfacet
  facet normal -0.966147 -0.0966147 0.239218
    outer loop
      vertex 87.6658 227.379 0
      vertex 88.8801 227.616 5
      vertex 88.8796 227.621 5
    endloop
  endfacet
  facet normal -0.966269 -0.0954486 0.239192
    outer loop
      vertex 88.8801 227.616 5
      vertex 87.6658 227.379 0
      vertex 87.6901 227.133 0
    endloop
  endfacet
  facet normal -0.616155 0.750435 0.239166
    outer loop
      vertex 86.6429 224.007 0
      vertex 86.7641 222.513 5
      vertex 87.518 223.132 5
    endloop
  endfacet
  facet normal -0.616114 0.750466 0.239174
    outer loop
      vertex 86.7641 222.513 5
      vertex 86.6429 224.007 0
      vertex 86.0765 223.542 0
    endloop
  endfacet
  facet normal 0 0.971766 0.235945
    outer loop
      vertex 84.7292 222.984 0
      vertex 84.9658 221.77 5
      vertex 84.9706 221.77 5
    endloop
  endfacet
  facet normal -0.0941698 0.966417 0.239102
    outer loop
      vertex 84.9658 221.77 5
      vertex 84.7292 222.984 0
      vertex 84.4829 222.96 0
    endloop
  endfacet
  facet normal 0.616114 0.750466 0.239174
    outer loop
      vertex 81.3571 224.007 0
      vertex 81.2359 222.513 5
      vertex 81.9235 223.542 0
    endloop
  endfacet
  facet normal 0.616155 0.750435 0.239166
    outer loop
      vertex 81.2359 222.513 5
      vertex 81.3571 224.007 0
      vertex 80.482 223.132 5
    endloop
  endfacet
  facet normal 0.929136 0.281922 0.239221
    outer loop
      vertex 79.1203 225.679 5
      vertex 80.5469 225.22 0
      vertex 80.3342 225.921 0
    endloop
  endfacet
  facet normal 0.92911 0.282019 0.239204
    outer loop
      vertex 80.5469 225.22 0
      vertex 79.1203 225.679 5
      vertex 79.4035 224.746 5
    endloop
  endfacet
  facet normal -0.0950475 -0.966283 0.239299
    outer loop
      vertex 84.2463 230.363 0
      vertex 84.9706 231.53 5
      vertex 84.0048 231.625 5
    endloop
  endfacet
  facet normal -0.0940591 -0.966408 0.239185
    outer loop
      vertex 84.9706 231.53 5
      vertex 84.2463 230.363 0
      vertex 84.7292 230.316 0
    endloop
  endfacet
  facet normal -0.750483 -0.616096 0.239166
    outer loop
      vertex 86.6429 229.293 0
      vertex 88.1337 229.418 5
      vertex 87.518 230.168 5
    endloop
  endfacet
  facet normal -0.75053 -0.616035 0.239179
    outer loop
      vertex 88.1337 229.418 5
      vertex 86.6429 229.293 0
      vertex 86.9507 228.918 0
    endloop
  endfacet
  facet normal -0.92914 0.281923 0.239203
    outer loop
      vertex 87.4531 225.22 0
      vertex 88.8796 225.679 5
      vertex 87.6658 225.921 0
    endloop
  endfacet
  facet normal -0.929139 0.281928 0.239202
    outer loop
      vertex 88.8796 225.679 5
      vertex 87.4531 225.22 0
      vertex 88.5965 224.746 5
    endloop
  endfacet
  facet normal -0.966309 0.0950304 0.2392
    outer loop
      vertex 87.6901 226.167 0
      vertex 88.9753 226.65 5
      vertex 87.7376 226.65 0
    endloop
  endfacet
  facet normal -0.966295 0.0952291 0.239177
    outer loop
      vertex 88.9753 226.65 5
      vertex 87.6901 226.167 0
      vertex 88.8801 225.684 5
    endloop
  endfacet
  facet normal -0.856375 -0.4576 0.239216
    outer loop
      vertex 87.2244 228.508 0
      vertex 88.5965 228.554 5
      vertex 88.1391 229.41 5
    endloop
  endfacet
  facet normal -0.856375 -0.4576 0.239216
    outer loop
      vertex 88.5965 228.554 5
      vertex 87.2244 228.508 0
      vertex 87.4531 228.08 0
    endloop
  endfacet
  facet normal -0.457336 0.85653 0.239167
    outer loop
      vertex 86.0765 223.542 0
      vertex 85.9082 222.056 5
      vertex 86.7641 222.513 5
    endloop
  endfacet
  facet normal -0.456583 0.856894 0.2393
    outer loop
      vertex 85.9082 222.056 5
      vertex 86.0765 223.542 0
      vertex 85.6486 223.314 0
    endloop
  endfacet
  facet normal -0.556877 0.798191 0.229738
    outer loop
      vertex 85.6486 223.314 0
      vertex 85.9039 222.053 5
      vertex 85.9082 222.056 5
    endloop
  endfacet
  facet normal -0.45867 0.855792 0.239251
    outer loop
      vertex 85.9039 222.053 5
      vertex 85.6486 223.314 0
      vertex 85.4303 223.197 0
    endloop
  endfacet
  facet normal -0.281749 0.929173 0.239282
    outer loop
      vertex 85.4303 223.197 0
      vertex 84.9706 221.77 5
      vertex 85.9039 222.053 5
    endloop
  endfacet
  facet normal -0.282251 0.929042 0.239198
    outer loop
      vertex 84.9706 221.77 5
      vertex 85.4303 223.197 0
      vertex 84.7292 222.984 0
    endloop
  endfacet
  facet normal 0.75053 0.616035 0.239179
    outer loop
      vertex 79.8663 223.882 5
      vertex 81.3571 224.007 0
      vertex 81.0493 224.382 0
    endloop
  endfacet
  facet normal 0.750483 0.616096 0.239166
    outer loop
      vertex 81.3571 224.007 0
      vertex 79.8663 223.882 5
      vertex 80.482 223.132 5
    endloop
  endfacet
  facet normal 0.856375 0.4576 0.239216
    outer loop
      vertex 79.4035 224.746 5
      vertex 80.7756 224.792 0
      vertex 80.5469 225.22 0
    endloop
  endfacet
  facet normal 0.856375 0.4576 0.239216
    outer loop
      vertex 80.7756 224.792 0
      vertex 79.4035 224.746 5
      vertex 79.8609 223.89 5
    endloop
  endfacet
  facet normal 0.767127 -0.594523 0.240954
    outer loop
      vertex 79.8632 229.414 5
      vertex 81.0493 228.918 0
      vertex 79.8663 229.418 5
    endloop
  endfacet
  facet normal 0.750106 -0.616579 0.239105
    outer loop
      vertex 81.0493 228.918 0
      vertex 79.8632 229.414 5
      vertex 80.8923 228.727 0
    endloop
  endfacet
  facet normal -0.856914 0.45663 0.23914
    outer loop
      vertex 87.1077 224.573 0
      vertex 88.1391 223.89 5
      vertex 87.2244 224.792 0
    endloop
  endfacet
  facet normal -0.84163 0.483937 0.239717
    outer loop
      vertex 88.1391 223.89 5
      vertex 87.1077 224.573 0
      vertex 88.1368 223.886 5
    endloop
  endfacet
  facet normal -0.856375 0.4576 0.239216
    outer loop
      vertex 87.2244 224.792 0
      vertex 88.5965 224.746 5
      vertex 87.4531 225.22 0
    endloop
  endfacet
  facet normal -0.856375 0.4576 0.239216
    outer loop
      vertex 88.5965 224.746 5
      vertex 87.2244 224.792 0
      vertex 88.1391 223.89 5
    endloop
  endfacet
  facet normal -0.750106 0.616579 0.239105
    outer loop
      vertex 86.9507 224.382 0
      vertex 88.1368 223.886 5
      vertex 87.1077 224.573 0
    endloop
  endfacet
  facet normal -0.767127 0.594523 0.240954
    outer loop
      vertex 88.1368 223.886 5
      vertex 86.9507 224.382 0
      vertex 88.1337 223.882 5
    endloop
  endfacet
  facet normal -0.75053 0.616035 0.239179
    outer loop
      vertex 86.6429 224.007 0
      vertex 88.1337 223.882 5
      vertex 86.9507 224.382 0
    endloop
  endfacet
  facet normal -0.750483 0.616096 0.239166
    outer loop
      vertex 88.1337 223.882 5
      vertex 86.6429 224.007 0
      vertex 87.518 223.132 5
    endloop
  endfacet
  facet normal 0.456583 0.856894 0.2393
    outer loop
      vertex 81.9235 223.542 0
      vertex 82.0918 222.056 5
      vertex 82.3514 223.314 0
    endloop
  endfacet
  facet normal 0.457336 0.85653 0.239167
    outer loop
      vertex 82.0918 222.056 5
      vertex 81.9235 223.542 0
      vertex 81.2359 222.513 5
    endloop
  endfacet
  facet normal 0.282251 0.929042 0.239198
    outer loop
      vertex 82.5697 223.197 0
      vertex 83.0294 221.77 5
      vertex 83.2708 222.984 0
    endloop
  endfacet
  facet normal 0.281749 0.929173 0.239282
    outer loop
      vertex 83.0294 221.77 5
      vertex 82.5697 223.197 0
      vertex 82.0961 222.053 5
    endloop
  endfacet
  facet normal 0.0954113 0.966305 0.239064
    outer loop
      vertex 83.2708 222.984 0
      vertex 84 221.675 5
      vertex 84 222.912 0
    endloop
  endfacet
  facet normal 0.0945843 0.966353 0.239197
    outer loop
      vertex 84 221.675 5
      vertex 83.2708 222.984 0
      vertex 83.0294 221.77 5
    endloop
  endfacet
  facet normal -0.0950507 0.966316 0.239163
    outer loop
      vertex 84.4829 222.96 0
      vertex 84 221.675 5
      vertex 84.9658 221.77 5
    endloop
  endfacet
  facet normal -0.0960443 0.966246 0.239049
    outer loop
      vertex 84 221.675 5
      vertex 84.4829 222.96 0
      vertex 84 222.912 0
    endloop
  endfacet
  facet normal 0.910243 -0.341341 0.234401
    outer loop
      vertex 79.1203 227.621 5
      vertex 80.406 227.616 0
      vertex 79.1218 227.625 5
    endloop
  endfacet
  facet normal 0.929255 -0.281521 0.23923
    outer loop
      vertex 80.406 227.616 0
      vertex 79.1203 227.621 5
      vertex 80.3342 227.379 0
    endloop
  endfacet
  facet normal 0.967987 -0.077439 0.238756
    outer loop
      vertex 79.1199 227.616 5
      vertex 80.3342 227.379 0
      vertex 79.1203 227.621 5
    endloop
  endfacet
  facet normal 0.966269 -0.0954486 0.239192
    outer loop
      vertex 80.3342 227.379 0
      vertex 79.1199 227.616 5
      vertex 80.3099 227.133 0
    endloop
  endfacet
  facet normal 0.966295 -0.0952291 0.239177
    outer loop
      vertex 79.0247 226.65 5
      vertex 80.3099 227.133 0
      vertex 79.1199 227.616 5
    endloop
  endfacet
  facet normal 0.966309 -0.0950304 0.2392
    outer loop
      vertex 80.3099 227.133 0
      vertex 79.0247 226.65 5
      vertex 80.2624 226.65 0
    endloop
  endfacet
  facet normal 0.750106 0.616579 0.239105
    outer loop
      vertex 79.8632 223.886 5
      vertex 81.0493 224.382 0
      vertex 80.8923 224.573 0
    endloop
  endfacet
  facet normal 0.767127 0.594523 0.240954
    outer loop
      vertex 81.0493 224.382 0
      vertex 79.8632 223.886 5
      vertex 79.8663 223.882 5
    endloop
  endfacet
  facet normal 0.856914 0.45663 0.23914
    outer loop
      vertex 79.8609 223.89 5
      vertex 80.8923 224.573 0
      vertex 80.7756 224.792 0
    endloop
  endfacet
  facet normal 0.84163 0.483937 0.239717
    outer loop
      vertex 80.8923 224.573 0
      vertex 79.8609 223.89 5
      vertex 79.8632 223.886 5
    endloop
  endfacet
  facet normal 0.281749 -0.929173 0.239282
    outer loop
      vertex 82.5697 230.103 0
      vertex 83.0294 231.53 5
      vertex 82.0961 231.247 5
    endloop
  endfacet
  facet normal 0.282251 -0.929042 0.239198
    outer loop
      vertex 83.0294 231.53 5
      vertex 82.5697 230.103 0
      vertex 83.2708 230.316 0
    endloop
  endfacet
  facet normal 0.750483 -0.616096 0.239166
    outer loop
      vertex 79.8663 229.418 5
      vertex 81.3571 229.293 0
      vertex 80.482 230.168 5
    endloop
  endfacet
  facet normal 0.75053 -0.616035 0.239179
    outer loop
      vertex 81.3571 229.293 0
      vertex 79.8663 229.418 5
      vertex 81.0493 228.918 0
    endloop
  endfacet
  facet normal -0.282251 -0.929042 0.239198
    outer loop
      vertex 85.4303 230.103 0
      vertex 84.9706 231.53 5
      vertex 84.7292 230.316 0
    endloop
  endfacet
  facet normal -0.281749 -0.929173 0.239282
    outer loop
      vertex 84.9706 231.53 5
      vertex 85.4303 230.103 0
      vertex 85.9039 231.247 5
    endloop
  endfacet
  facet normal 0.0950497 -0.966305 0.239208
    outer loop
      vertex 83.2708 230.316 0
      vertex 83.9952 231.625 5
      vertex 83.0294 231.53 5
    endloop
  endfacet
  facet normal 0.0940548 -0.966363 0.239367
    outer loop
      vertex 83.9952 231.625 5
      vertex 83.2708 230.316 0
      vertex 83.7537 230.363 0
    endloop
  endfacet
  facet normal 0 -0.970733 0.240159
    outer loop
      vertex 84 230.388 0
      vertex 84.0048 231.625 5
      vertex 84 231.625 5
    endloop
  endfacet
  facet normal -0.0980546 -0.966034 0.239091
    outer loop
      vertex 84.0048 231.625 5
      vertex 84 230.388 0
      vertex 84.2463 230.363 0
    endloop
  endfacet
  facet normal -0.45867 -0.855792 0.239251
    outer loop
      vertex 85.6486 229.986 0
      vertex 85.9039 231.247 5
      vertex 85.4303 230.103 0
    endloop
  endfacet
  facet normal -0.556877 -0.798191 0.229738
    outer loop
      vertex 85.9039 231.247 5
      vertex 85.6486 229.986 0
      vertex 85.9082 231.244 5
    endloop
  endfacet
  facet normal -0.456583 -0.856894 0.2393
    outer loop
      vertex 86.0765 229.758 0
      vertex 85.9082 231.244 5
      vertex 85.6486 229.986 0
    endloop
  endfacet
  facet normal -0.457336 -0.85653 0.239167
    outer loop
      vertex 85.9082 231.244 5
      vertex 86.0765 229.758 0
      vertex 86.7641 230.787 5
    endloop
  endfacet
  facet normal -0.615994 -0.750571 0.239156
    outer loop
      vertex 86.6429 229.293 0
      vertex 87.5143 230.171 5
      vertex 86.4516 229.45 0
    endloop
  endfacet
  facet normal -0.611546 -0.75424 0.239025
    outer loop
      vertex 87.5143 230.171 5
      vertex 86.6429 229.293 0
      vertex 87.518 230.168 5
    endloop
  endfacet
  facet normal -0.616177 -0.750415 0.239172
    outer loop
      vertex 86.4516 229.45 0
      vertex 86.7641 230.787 5
      vertex 86.0765 229.758 0
    endloop
  endfacet
  facet normal -0.616177 -0.750415 0.239172
    outer loop
      vertex 86.7641 230.787 5
      vertex 86.4516 229.45 0
      vertex 87.5143 230.171 5
    endloop
  endfacet
  facet normal -0.929191 -0.281758 0.239198
    outer loop
      vertex 87.4531 228.08 0
      vertex 88.8782 227.625 5
      vertex 88.5965 228.554 5
    endloop
  endfacet
  facet normal -0.929094 -0.282132 0.239136
    outer loop
      vertex 88.8782 227.625 5
      vertex 87.4531 228.08 0
      vertex 87.594 227.616 0
    endloop
  endfacet
  facet normal -0.917165 -0.321008 0.236142
    outer loop
      vertex 87.594 227.616 0
      vertex 88.8796 227.621 5
      vertex 88.8782 227.625 5
    endloop
  endfacet
  facet normal -0.929259 -0.281522 0.239213
    outer loop
      vertex 88.8796 227.621 5
      vertex 87.594 227.616 0
      vertex 87.6658 227.379 0
    endloop
  endfacet
  facet normal 0.45867 0.855792 0.239251
    outer loop
      vertex 82.3514 223.314 0
      vertex 82.0961 222.053 5
      vertex 82.5697 223.197 0
    endloop
  endfacet
  facet normal 0.556877 0.798191 0.229738
    outer loop
      vertex 82.0961 222.053 5
      vertex 82.3514 223.314 0
      vertex 82.0918 222.056 5
    endloop
  endfacet
  facet normal 0.929191 -0.281758 0.239198
    outer loop
      vertex 79.1218 227.625 5
      vertex 80.5469 228.08 0
      vertex 79.4035 228.554 5
    endloop
  endfacet
  facet normal 0.929094 -0.282132 0.239136
    outer loop
      vertex 80.5469 228.08 0
      vertex 79.1218 227.625 5
      vertex 80.406 227.616 0
    endloop
  endfacet
  facet normal 0.966161 0.0966161 0.239163
    outer loop
      vertex 79.0252 226.645 5
      vertex 80.2624 226.65 0
      vertex 79.0247 226.65 5
    endloop
  endfacet
  facet normal 0.966306 0.0950594 0.239198
    outer loop
      vertex 80.2624 226.65 0
      vertex 79.0252 226.645 5
      vertex 80.2866 226.404 0
    endloop
  endfacet
  facet normal 0.966293 0.0952288 0.239186
    outer loop
      vertex 79.0252 226.645 5
      vertex 80.3342 225.921 0
      vertex 80.2866 226.404 0
    endloop
  endfacet
  facet normal 0.966298 0.0951294 0.239202
    outer loop
      vertex 80.3342 225.921 0
      vertex 79.0252 226.645 5
      vertex 79.1203 225.679 5
    endloop
  endfacet
  facet normal 0.616177 -0.750415 0.239172
    outer loop
      vertex 81.5484 229.45 0
      vertex 81.2359 230.787 5
      vertex 80.4857 230.171 5
    endloop
  endfacet
  facet normal 0.616177 -0.750415 0.239172
    outer loop
      vertex 81.2359 230.787 5
      vertex 81.5484 229.45 0
      vertex 81.9235 229.758 0
    endloop
  endfacet
  facet normal 0.611546 -0.75424 0.239025
    outer loop
      vertex 81.3571 229.293 0
      vertex 80.4857 230.171 5
      vertex 80.482 230.168 5
    endloop
  endfacet
  facet normal 0.615994 -0.750571 0.239156
    outer loop
      vertex 80.4857 230.171 5
      vertex 81.3571 229.293 0
      vertex 81.5484 229.45 0
    endloop
  endfacet
  facet normal -0.767127 -0.594523 0.240954
    outer loop
      vertex 86.9507 228.918 0
      vertex 88.1368 229.414 5
      vertex 88.1337 229.418 5
    endloop
  endfacet
  facet normal -0.750106 -0.616579 0.239105
    outer loop
      vertex 88.1368 229.414 5
      vertex 86.9507 228.918 0
      vertex 87.1077 228.727 0
    endloop
  endfacet
  facet normal -0.84163 -0.483937 0.239717
    outer loop
      vertex 87.1077 228.727 0
      vertex 88.1391 229.41 5
      vertex 88.1368 229.414 5
    endloop
  endfacet
  facet normal -0.856914 -0.45663 0.23914
    outer loop
      vertex 88.1391 229.41 5
      vertex 87.1077 228.727 0
      vertex 87.2244 228.508 0
    endloop
  endfacet
  facet normal 0.856375 -0.4576 0.239216
    outer loop
      vertex 79.4035 228.554 5
      vertex 80.7756 228.508 0
      vertex 79.8609 229.41 5
    endloop
  endfacet
  facet normal 0.856375 -0.4576 0.239216
    outer loop
      vertex 80.7756 228.508 0
      vertex 79.4035 228.554 5
      vertex 80.5469 228.08 0
    endloop
  endfacet
  facet normal 0.84163 -0.483937 0.239717
    outer loop
      vertex 79.8609 229.41 5
      vertex 80.8923 228.727 0
      vertex 79.8632 229.414 5
    endloop
  endfacet
  facet normal 0.856914 -0.45663 0.23914
    outer loop
      vertex 80.8923 228.727 0
      vertex 79.8609 229.41 5
      vertex 80.7756 228.508 0
    endloop
  endfacet
  facet normal 0.457336 -0.85653 0.239167
    outer loop
      vertex 81.9235 229.758 0
      vertex 82.0918 231.244 5
      vertex 81.2359 230.787 5
    endloop
  endfacet
  facet normal 0.456583 -0.856894 0.2393
    outer loop
      vertex 82.0918 231.244 5
      vertex 81.9235 229.758 0
      vertex 82.3514 229.986 0
    endloop
  endfacet
  facet normal 0.556877 -0.798191 0.229738
    outer loop
      vertex 82.3514 229.986 0
      vertex 82.0961 231.247 5
      vertex 82.0918 231.244 5
    endloop
  endfacet
  facet normal 0.45867 -0.855792 0.239251
    outer loop
      vertex 82.0961 231.247 5
      vertex 82.3514 229.986 0
      vertex 82.5697 230.103 0
    endloop
  endfacet
  facet normal 0.0980546 -0.966034 0.239091
    outer loop
      vertex 84 230.388 0
      vertex 83.9952 231.625 5
      vertex 83.7537 230.363 0
    endloop
  endfacet
  facet normal 0 -0.970733 0.240159
    outer loop
      vertex 83.9952 231.625 5
      vertex 84 230.388 0
      vertex 84 231.625 5
    endloop
  endfacet
  facet normal -0.966417 0.0941698 0.239102
    outer loop
      vertex 287.666 75.9208 0
      vertex 288.88 75.6842 5
      vertex 287.69 76.1671 0
    endloop
  endfacet
  facet normal -0.971766 0 0.235945
    outer loop
      vertex 288.88 75.6842 5
      vertex 287.666 75.9208 0
      vertex 288.88 75.6794 5
    endloop
  endfacet
  facet normal -0.966246 -0.0960443 0.239049
    outer loop
      vertex 288.975 76.65 5
      vertex 287.69 77.1329 0
      vertex 287.738 76.65 0
    endloop
  endfacet
  facet normal -0.966316 -0.0950507 0.239163
    outer loop
      vertex 287.69 77.1329 0
      vertex 288.975 76.65 5
      vertex 288.88 77.6158 5
    endloop
  endfacet
  facet normal -0.971766 0 0.235945
    outer loop
      vertex 287.666 77.3792 0
      vertex 288.88 77.6158 5
      vertex 288.88 77.6206 5
    endloop
  endfacet
  facet normal -0.966417 -0.0941698 0.239102
    outer loop
      vertex 288.88 77.6158 5
      vertex 287.666 77.3792 0
      vertex 287.69 77.1329 0
    endloop
  endfacet
  facet normal -0.615988 0.750573 0.239163
    outer loop
      vertex 286.643 74.0071 0
      vertex 286.764 72.5132 5
      vertex 287.518 73.132 5
    endloop
  endfacet
  facet normal -0.616225 0.750394 0.239115
    outer loop
      vertex 286.764 72.5132 5
      vertex 286.643 74.0071 0
      vertex 286.077 73.5423 0
    endloop
  endfacet
  facet normal -0.077439 0.967987 0.238756
    outer loop
      vertex 284.729 72.9842 0
      vertex 284.966 71.7699 5
      vertex 284.971 71.7703 5
    endloop
  endfacet
  facet normal -0.0954486 0.966269 0.239192
    outer loop
      vertex 284.966 71.7699 5
      vertex 284.729 72.9842 0
      vertex 284.483 72.9599 0
    endloop
  endfacet
  facet normal 0.616225 0.750394 0.239115
    outer loop
      vertex 281.357 74.0071 0
      vertex 281.236 72.5132 5
      vertex 281.923 73.5423 0
    endloop
  endfacet
  facet normal 0.615988 0.750573 0.239163
    outer loop
      vertex 281.236 72.5132 5
      vertex 281.357 74.0071 0
      vertex 280.482 73.132 5
    endloop
  endfacet
  facet normal 0.929042 0.282251 0.239198
    outer loop
      vertex 279.12 75.6794 5
      vertex 280.547 75.2197 0
      vertex 280.334 75.9208 0
    endloop
  endfacet
  facet normal 0.929173 0.281749 0.239282
    outer loop
      vertex 280.547 75.2197 0
      vertex 279.12 75.6794 5
      vertex 279.403 74.7461 5
    endloop
  endfacet
  facet normal -0.0952288 -0.966293 0.239186
    outer loop
      vertex 284.246 80.3634 0
      vertex 284.971 81.5296 5
      vertex 284.005 81.6248 5
    endloop
  endfacet
  facet normal -0.0952288 -0.966293 0.239186
    outer loop
      vertex 284.971 81.5296 5
      vertex 284.246 80.3634 0
      vertex 284.729 80.3158 0
    endloop
  endfacet
  facet normal -0.750416 -0.616178 0.239166
    outer loop
      vertex 286.643 79.2929 0
      vertex 288.134 79.4178 5
      vertex 287.518 80.168 5
    endloop
  endfacet
  facet normal -0.750416 -0.616178 0.239166
    outer loop
      vertex 288.134 79.4178 5
      vertex 286.643 79.2929 0
      vertex 286.951 78.9178 0
    endloop
  endfacet
  facet normal -0.929042 0.282251 0.239198
    outer loop
      vertex 287.453 75.2197 0
      vertex 288.88 75.6794 5
      vertex 287.666 75.9208 0
    endloop
  endfacet
  facet normal -0.929173 0.281749 0.239282
    outer loop
      vertex 288.88 75.6794 5
      vertex 287.453 75.2197 0
      vertex 288.597 74.7461 5
    endloop
  endfacet
  facet normal -0.966246 0.0960443 0.239049
    outer loop
      vertex 287.69 76.1671 0
      vertex 288.975 76.65 5
      vertex 287.738 76.65 0
    endloop
  endfacet
  facet normal -0.966316 0.0950507 0.239163
    outer loop
      vertex 288.975 76.65 5
      vertex 287.69 76.1671 0
      vertex 288.88 75.6842 5
    endloop
  endfacet
  facet normal -0.856093 -0.458103 0.239261
    outer loop
      vertex 287.224 78.5083 0
      vertex 288.597 78.5539 5
      vertex 288.139 79.4098 5
    endloop
  endfacet
  facet normal -0.856114 -0.458061 0.239266
    outer loop
      vertex 288.597 78.5539 5
      vertex 287.224 78.5083 0
      vertex 287.453 78.0803 0
    endloop
  endfacet
  facet normal -0.457609 0.856392 0.239138
    outer loop
      vertex 286.077 73.5423 0
      vertex 285.908 72.0558 5
      vertex 286.764 72.5132 5
    endloop
  endfacet
  facet normal -0.457768 0.856315 0.23911
    outer loop
      vertex 285.908 72.0558 5
      vertex 286.077 73.5423 0
      vertex 285.649 73.3135 0
    endloop
  endfacet
  facet normal -0.484277 0.842221 0.236938
    outer loop
      vertex 285.649 73.3135 0
      vertex 285.904 72.0535 5
      vertex 285.908 72.0558 5
    endloop
  endfacet
  facet normal -0.456312 0.857053 0.239249
    outer loop
      vertex 285.904 72.0535 5
      vertex 285.649 73.3135 0
      vertex 285.43 73.1969 0
    endloop
  endfacet
  facet normal -0.282019 0.92911 0.239204
    outer loop
      vertex 285.43 73.1969 0
      vertex 284.971 71.7703 5
      vertex 285.904 72.0535 5
    endloop
  endfacet
  facet normal -0.281922 0.929136 0.239221
    outer loop
      vertex 284.971 71.7703 5
      vertex 285.43 73.1969 0
      vertex 284.729 72.9842 0
    endloop
  endfacet
  facet normal 0.750414 0.616176 0.239178
    outer loop
      vertex 279.866 73.8821 5
      vertex 281.357 74.0071 0
      vertex 281.049 74.3822 0
    endloop
  endfacet
  facet normal 0.750376 0.616226 0.239168
    outer loop
      vertex 281.357 74.0071 0
      vertex 279.866 73.8821 5
      vertex 280.482 73.132 5
    endloop
  endfacet
  facet normal 0.856114 0.458061 0.239266
    outer loop
      vertex 279.403 74.7461 5
      vertex 280.776 74.7917 0
      vertex 280.547 75.2197 0
    endloop
  endfacet
  facet normal 0.856093 0.458103 0.239261
    outer loop
      vertex 280.776 74.7917 0
      vertex 279.403 74.7461 5
      vertex 279.861 73.8902 5
    endloop
  endfacet
  facet normal 0.754135 -0.611461 0.239574
    outer loop
      vertex 279.863 79.4141 5
      vertex 281.049 78.9178 0
      vertex 279.866 79.4178 5
    endloop
  endfacet
  facet normal 0.750566 -0.61599 0.239178
    outer loop
      vertex 281.049 78.9178 0
      vertex 279.863 79.4141 5
      vertex 280.892 78.7265 0
    endloop
  endfacet
  facet normal -0.880756 -0.409654 0.237595
    outer loop
      vertex 287.108 78.7265 0
      vertex 288.139 79.4098 5
      vertex 288.137 79.4141 5
    endloop
  endfacet
  facet normal -0.857373 -0.455799 0.23908
    outer loop
      vertex 288.139 79.4098 5
      vertex 287.108 78.7265 0
      vertex 287.224 78.5083 0
    endloop
  endfacet
  facet normal -0.857373 0.455799 0.23908
    outer loop
      vertex 287.108 74.5735 0
      vertex 288.139 73.8902 5
      vertex 287.224 74.7917 0
    endloop
  endfacet
  facet normal -0.880756 0.409654 0.237595
    outer loop
      vertex 288.139 73.8902 5
      vertex 287.108 74.5735 0
      vertex 288.137 73.8859 5
    endloop
  endfacet
  facet normal -0.856114 0.458061 0.239266
    outer loop
      vertex 287.224 74.7917 0
      vertex 288.597 74.7461 5
      vertex 287.453 75.2197 0
    endloop
  endfacet
  facet normal -0.856093 0.458103 0.239261
    outer loop
      vertex 288.597 74.7461 5
      vertex 287.224 74.7917 0
      vertex 288.139 73.8902 5
    endloop
  endfacet
  facet normal -0.750566 0.61599 0.239178
    outer loop
      vertex 286.951 74.3822 0
      vertex 288.137 73.8859 5
      vertex 287.108 74.5735 0
    endloop
  endfacet
  facet normal -0.761862 0.60147 0.240416
    outer loop
      vertex 288.137 73.8859 5
      vertex 286.951 74.3822 0
      vertex 288.134 73.8821 5
    endloop
  endfacet
  facet normal -0.750414 0.616176 0.239178
    outer loop
      vertex 286.643 74.0071 0
      vertex 288.134 73.8821 5
      vertex 286.951 74.3822 0
    endloop
  endfacet
  facet normal -0.750376 0.616226 0.239168
    outer loop
      vertex 288.134 73.8821 5
      vertex 286.643 74.0071 0
      vertex 287.518 73.132 5
    endloop
  endfacet
  facet normal 0.457768 0.856315 0.23911
    outer loop
      vertex 281.923 73.5423 0
      vertex 282.092 72.0558 5
      vertex 282.351 73.3135 0
    endloop
  endfacet
  facet normal 0.457609 0.856392 0.239138
    outer loop
      vertex 282.092 72.0558 5
      vertex 281.923 73.5423 0
      vertex 281.236 72.5132 5
    endloop
  endfacet
  facet normal 0.281922 0.929136 0.239221
    outer loop
      vertex 282.57 73.1969 0
      vertex 283.029 71.7703 5
      vertex 283.271 72.9842 0
    endloop
  endfacet
  facet normal 0.282019 0.92911 0.239204
    outer loop
      vertex 283.029 71.7703 5
      vertex 282.57 73.1969 0
      vertex 282.096 72.0535 5
    endloop
  endfacet
  facet normal 0.0951719 0.9663 0.239179
    outer loop
      vertex 283.271 72.9842 0
      vertex 284 71.6748 5
      vertex 284 72.9124 0
    endloop
  endfacet
  facet normal 0.0950385 0.966308 0.2392
    outer loop
      vertex 284 71.6748 5
      vertex 283.271 72.9842 0
      vertex 283.029 71.7703 5
    endloop
  endfacet
  facet normal -0.0951301 0.966306 0.23917
    outer loop
      vertex 284.483 72.9599 0
      vertex 284 71.6748 5
      vertex 284.966 71.7699 5
    endloop
  endfacet
  facet normal -0.0950308 0.966313 0.239182
    outer loop
      vertex 284 71.6748 5
      vertex 284.483 72.9599 0
      vertex 284 72.9124 0
    endloop
  endfacet
  facet normal 0.895348 -0.380999 0.230634
    outer loop
      vertex 279.12 77.6206 5
      vertex 280.406 77.616 0
      vertex 279.122 77.6253 5
    endloop
  endfacet
  facet normal 0.928979 -0.28246 0.239193
    outer loop
      vertex 280.406 77.616 0
      vertex 279.12 77.6206 5
      vertex 280.334 77.3792 0
    endloop
  endfacet
  facet normal 0.971766 -0 0.235945
    outer loop
      vertex 279.12 77.6158 5
      vertex 280.334 77.3792 0
      vertex 279.12 77.6206 5
    endloop
  endfacet
  facet normal 0.966417 -0.0941698 0.239102
    outer loop
      vertex 280.334 77.3792 0
      vertex 279.12 77.6158 5
      vertex 280.31 77.1329 0
    endloop
  endfacet
  facet normal 0.966316 -0.0950507 0.239163
    outer loop
      vertex 279.025 76.65 5
      vertex 280.31 77.1329 0
      vertex 279.12 77.6158 5
    endloop
  endfacet
  facet normal 0.966246 -0.0960443 0.239049
    outer loop
      vertex 280.31 77.1329 0
      vertex 279.025 76.65 5
      vertex 280.262 76.65 0
    endloop
  endfacet
  facet normal 0.750566 0.61599 0.239178
    outer loop
      vertex 279.863 73.8859 5
      vertex 281.049 74.3822 0
      vertex 280.892 74.5735 0
    endloop
  endfacet
  facet normal 0.761862 0.60147 0.240416
    outer loop
      vertex 281.049 74.3822 0
      vertex 279.863 73.8859 5
      vertex 279.866 73.8821 5
    endloop
  endfacet
  facet normal 0.857373 0.455799 0.23908
    outer loop
      vertex 279.861 73.8902 5
      vertex 280.892 74.5735 0
      vertex 280.776 74.7917 0
    endloop
  endfacet
  facet normal 0.880756 0.409654 0.237595
    outer loop
      vertex 280.892 74.5735 0
      vertex 279.861 73.8902 5
      vertex 279.863 73.8859 5
    endloop
  endfacet
  facet normal 0.281928 -0.929139 0.239202
    outer loop
      vertex 282.57 80.1031 0
      vertex 283.029 81.5296 5
      vertex 282.096 81.2465 5
    endloop
  endfacet
  facet normal 0.281923 -0.92914 0.239203
    outer loop
      vertex 283.029 81.5296 5
      vertex 282.57 80.1031 0
      vertex 283.271 80.3158 0
    endloop
  endfacet
  facet normal 0.457609 -0.856392 0.239138
    outer loop
      vertex 281.923 79.7577 0
      vertex 282.092 81.2442 5
      vertex 281.236 80.7868 5
    endloop
  endfacet
  facet normal 0.457768 -0.856315 0.23911
    outer loop
      vertex 282.092 81.2442 5
      vertex 281.923 79.7577 0
      vertex 282.351 79.9865 0
    endloop
  endfacet
  facet normal 0.750416 -0.616178 0.239166
    outer loop
      vertex 279.866 79.4178 5
      vertex 281.357 79.2929 0
      vertex 280.482 80.168 5
    endloop
  endfacet
  facet normal 0.750416 -0.616178 0.239166
    outer loop
      vertex 281.357 79.2929 0
      vertex 279.866 79.4178 5
      vertex 281.049 78.9178 0
    endloop
  endfacet
  facet normal 0.0952288 -0.966293 0.239186
    outer loop
      vertex 283.271 80.3158 0
      vertex 283.995 81.6248 5
      vertex 283.029 81.5296 5
    endloop
  endfacet
  facet normal 0.0952288 -0.966293 0.239186
    outer loop
      vertex 283.995 81.6248 5
      vertex 283.271 80.3158 0
      vertex 283.754 80.3634 0
    endloop
  endfacet
  facet normal -0.281923 -0.92914 0.239203
    outer loop
      vertex 285.43 80.1031 0
      vertex 284.971 81.5296 5
      vertex 284.729 80.3158 0
    endloop
  endfacet
  facet normal -0.281928 -0.929139 0.239202
    outer loop
      vertex 284.971 81.5296 5
      vertex 285.43 80.1031 0
      vertex 285.904 81.2465 5
    endloop
  endfacet
  facet normal -0.457768 -0.856315 0.23911
    outer loop
      vertex 286.077 79.7577 0
      vertex 285.908 81.2442 5
      vertex 285.649 79.9865 0
    endloop
  endfacet
  facet normal -0.457609 -0.856392 0.239138
    outer loop
      vertex 285.908 81.2442 5
      vertex 286.077 79.7577 0
      vertex 286.764 80.7868 5
    endloop
  endfacet
  facet normal -0.616572 -0.750097 0.239154
    outer loop
      vertex 286.643 79.2929 0
      vertex 287.514 80.1711 5
      vertex 286.452 79.4499 0
    endloop
  endfacet
  facet normal -0.594901 -0.767614 0.238456
    outer loop
      vertex 287.514 80.1711 5
      vertex 286.643 79.2929 0
      vertex 287.518 80.168 5
    endloop
  endfacet
  facet normal -0.616044 -0.750541 0.239121
    outer loop
      vertex 286.452 79.4499 0
      vertex 286.764 80.7868 5
      vertex 286.077 79.7577 0
    endloop
  endfacet
  facet normal -0.616105 -0.750493 0.239112
    outer loop
      vertex 286.764 80.7868 5
      vertex 286.452 79.4499 0
      vertex 287.514 80.1711 5
    endloop
  endfacet
  facet normal -0.929335 -0.281223 0.239269
    outer loop
      vertex 287.453 78.0803 0
      vertex 288.878 77.6253 5
      vertex 288.597 78.5539 5
    endloop
  endfacet
  facet normal -0.929094 -0.28215 0.239116
    outer loop
      vertex 288.878 77.6253 5
      vertex 287.453 78.0803 0
      vertex 287.594 77.616 0
    endloop
  endfacet
  facet normal -0.895348 -0.380999 0.230634
    outer loop
      vertex 287.594 77.616 0
      vertex 288.88 77.6206 5
      vertex 288.878 77.6253 5
    endloop
  endfacet
  facet normal -0.928979 -0.28246 0.239193
    outer loop
      vertex 288.88 77.6206 5
      vertex 287.594 77.616 0
      vertex 287.666 77.3792 0
    endloop
  endfacet
  facet normal 0.456312 0.857053 0.239249
    outer loop
      vertex 282.351 73.3135 0
      vertex 282.096 72.0535 5
      vertex 282.57 73.1969 0
    endloop
  endfacet
  facet normal 0.484277 0.842221 0.236938
    outer loop
      vertex 282.096 72.0535 5
      vertex 282.351 73.3135 0
      vertex 282.092 72.0558 5
    endloop
  endfacet
  facet normal 0.929335 -0.281223 0.239269
    outer loop
      vertex 279.122 77.6253 5
      vertex 280.547 78.0803 0
      vertex 279.403 78.5539 5
    endloop
  endfacet
  facet normal 0.929094 -0.28215 0.239116
    outer loop
      vertex 280.547 78.0803 0
      vertex 279.122 77.6253 5
      vertex 280.406 77.616 0
    endloop
  endfacet
  facet normal 0.970733 -0 0.240159
    outer loop
      vertex 279.025 76.6452 5
      vertex 280.262 76.65 0
      vertex 279.025 76.65 5
    endloop
  endfacet
  facet normal 0.966034 0.0980546 0.239091
    outer loop
      vertex 280.262 76.65 0
      vertex 279.025 76.6452 5
      vertex 280.287 76.4037 0
    endloop
  endfacet
  facet normal 0.966363 0.0940548 0.239367
    outer loop
      vertex 279.025 76.6452 5
      vertex 280.334 75.9208 0
      vertex 280.287 76.4037 0
    endloop
  endfacet
  facet normal 0.966305 0.0950497 0.239208
    outer loop
      vertex 280.334 75.9208 0
      vertex 279.025 76.6452 5
      vertex 279.12 75.6794 5
    endloop
  endfacet
  facet normal 0.484277 -0.842221 0.236938
    outer loop
      vertex 282.351 79.9865 0
      vertex 282.096 81.2465 5
      vertex 282.092 81.2442 5
    endloop
  endfacet
  facet normal 0.456312 -0.857053 0.239249
    outer loop
      vertex 282.096 81.2465 5
      vertex 282.351 79.9865 0
      vertex 282.57 80.1031 0
    endloop
  endfacet
  facet normal -0.456312 -0.857053 0.239249
    outer loop
      vertex 285.649 79.9865 0
      vertex 285.904 81.2465 5
      vertex 285.43 80.1031 0
    endloop
  endfacet
  facet normal -0.484277 -0.842221 0.236938
    outer loop
      vertex 285.904 81.2465 5
      vertex 285.649 79.9865 0
      vertex 285.908 81.2442 5
    endloop
  endfacet
  facet normal -0.754135 -0.611461 0.239574
    outer loop
      vertex 286.951 78.9178 0
      vertex 288.137 79.4141 5
      vertex 288.134 79.4178 5
    endloop
  endfacet
  facet normal -0.750566 -0.61599 0.239178
    outer loop
      vertex 288.137 79.4141 5
      vertex 286.951 78.9178 0
      vertex 287.108 78.7265 0
    endloop
  endfacet
  facet normal 0.856093 -0.458103 0.239261
    outer loop
      vertex 279.403 78.5539 5
      vertex 280.776 78.5083 0
      vertex 279.861 79.4098 5
    endloop
  endfacet
  facet normal 0.856114 -0.458061 0.239266
    outer loop
      vertex 280.776 78.5083 0
      vertex 279.403 78.5539 5
      vertex 280.547 78.0803 0
    endloop
  endfacet
  facet normal 0.880756 -0.409654 0.237595
    outer loop
      vertex 279.861 79.4098 5
      vertex 280.892 78.7265 0
      vertex 279.863 79.4141 5
    endloop
  endfacet
  facet normal 0.857373 -0.455799 0.23908
    outer loop
      vertex 280.892 78.7265 0
      vertex 279.861 79.4098 5
      vertex 280.776 78.5083 0
    endloop
  endfacet
  facet normal 0.594901 -0.767614 0.238456
    outer loop
      vertex 281.357 79.2929 0
      vertex 280.486 80.1711 5
      vertex 280.482 80.168 5
    endloop
  endfacet
  facet normal 0.616572 -0.750097 0.239154
    outer loop
      vertex 280.486 80.1711 5
      vertex 281.357 79.2929 0
      vertex 281.548 79.4499 0
    endloop
  endfacet
  facet normal 0.616105 -0.750493 0.239112
    outer loop
      vertex 281.548 79.4499 0
      vertex 281.236 80.7868 5
      vertex 280.486 80.1711 5
    endloop
  endfacet
  facet normal 0.616044 -0.750541 0.239121
    outer loop
      vertex 281.236 80.7868 5
      vertex 281.548 79.4499 0
      vertex 281.923 79.7577 0
    endloop
  endfacet
  facet normal 0.0950594 -0.966306 0.239198
    outer loop
      vertex 284 80.3876 0
      vertex 283.995 81.6248 5
      vertex 283.754 80.3634 0
    endloop
  endfacet
  facet normal 0.0774234 -0.967793 0.239548
    outer loop
      vertex 283.995 81.6248 5
      vertex 284 80.3876 0
      vertex 284 81.6252 5
    endloop
  endfacet
  facet normal -0.0774234 -0.967793 0.239548
    outer loop
      vertex 284 80.3876 0
      vertex 284.005 81.6248 5
      vertex 284 81.6252 5
    endloop
  endfacet
  facet normal -0.0950594 -0.966306 0.239198
    outer loop
      vertex 284.005 81.6248 5
      vertex 284 80.3876 0
      vertex 284.246 80.3634 0
    endloop
  endfacet
  facet normal -0.966404 0.0942833 0.239112
    outer loop
      vertex 287.666 225.921 0
      vertex 288.88 225.684 5
      vertex 287.69 226.167 0
    endloop
  endfacet
  facet normal -0.971766 0 0.235945
    outer loop
      vertex 288.88 225.684 5
      vertex 287.666 225.921 0
      vertex 288.88 225.679 5
    endloop
  endfacet
  facet normal -0.966248 -0.0960246 0.23905
    outer loop
      vertex 288.975 226.65 5
      vertex 287.69 227.133 0
      vertex 287.738 226.65 0
    endloop
  endfacet
  facet normal -0.966318 -0.0950312 0.239164
    outer loop
      vertex 287.69 227.133 0
      vertex 288.975 226.65 5
      vertex 288.88 227.616 5
    endloop
  endfacet
  facet normal -0.971766 0 0.235945
    outer loop
      vertex 287.666 227.379 0
      vertex 288.88 227.616 5
      vertex 288.88 227.621 5
    endloop
  endfacet
  facet normal -0.966404 -0.0942833 0.239112
    outer loop
      vertex 288.88 227.616 5
      vertex 287.666 227.379 0
      vertex 287.69 227.133 0
    endloop
  endfacet
  facet normal -0.616286 -0.750348 0.239099
    outer loop
      vertex 286.452 229.45 0
      vertex 286.764 230.787 5
      vertex 286.077 229.758 0
    endloop
  endfacet
  facet normal -0.616286 -0.750348 0.239099
    outer loop
      vertex 286.764 230.787 5
      vertex 286.452 229.45 0
      vertex 287.514 230.171 5
    endloop
  endfacet
  facet normal -0.616108 0.750478 0.239153
    outer loop
      vertex 286.643 224.007 0
      vertex 286.764 222.513 5
      vertex 287.518 223.132 5
    endloop
  endfacet
  facet normal -0.616386 0.750268 0.239096
    outer loop
      vertex 286.764 222.513 5
      vertex 286.643 224.007 0
      vertex 286.077 223.542 0
    endloop
  endfacet
  facet normal 0 0.971766 0.235945
    outer loop
      vertex 284.729 222.984 0
      vertex 284.966 221.77 5
      vertex 284.971 221.77 5
    endloop
  endfacet
  facet normal -0.0942833 0.966404 0.239112
    outer loop
      vertex 284.966 221.77 5
      vertex 284.729 222.984 0
      vertex 284.483 222.96 0
    endloop
  endfacet
  facet normal 0.616386 0.750268 0.239096
    outer loop
      vertex 281.357 224.007 0
      vertex 281.236 222.513 5
      vertex 281.923 223.542 0
    endloop
  endfacet
  facet normal 0.616108 0.750478 0.239153
    outer loop
      vertex 281.236 222.513 5
      vertex 281.357 224.007 0
      vertex 280.482 223.132 5
    endloop
  endfacet
  facet normal 0.929023 0.282285 0.239229
    outer loop
      vertex 279.12 225.679 5
      vertex 280.547 225.22 0
      vertex 280.334 225.921 0
    endloop
  endfacet
  facet normal 0.929142 0.28183 0.239305
    outer loop
      vertex 280.547 225.22 0
      vertex 279.12 225.679 5
      vertex 279.403 224.746 5
    endloop
  endfacet
  facet normal 0.856107 -0.458057 0.239301
    outer loop
      vertex 279.403 228.554 5
      vertex 280.776 228.508 0
      vertex 279.861 229.41 5
    endloop
  endfacet
  facet normal 0.856107 -0.458057 0.239301
    outer loop
      vertex 280.776 228.508 0
      vertex 279.403 228.554 5
      vertex 280.547 228.08 0
    endloop
  endfacet
  facet normal -0.456505 -0.856948 0.239255
    outer loop
      vertex 286.077 229.758 0
      vertex 285.908 231.244 5
      vertex 285.649 229.986 0
    endloop
  endfacet
  facet normal -0.457301 -0.856563 0.239114
    outer loop
      vertex 285.908 231.244 5
      vertex 286.077 229.758 0
      vertex 286.764 230.787 5
    endloop
  endfacet
  facet normal -0.929023 0.282285 0.239229
    outer loop
      vertex 287.453 225.22 0
      vertex 288.88 225.679 5
      vertex 287.666 225.921 0
    endloop
  endfacet
  facet normal -0.929142 0.28183 0.239305
    outer loop
      vertex 288.88 225.679 5
      vertex 287.453 225.22 0
      vertex 288.597 224.746 5
    endloop
  endfacet
  facet normal -0.966248 0.0960246 0.23905
    outer loop
      vertex 287.69 226.167 0
      vertex 288.975 226.65 5
      vertex 287.738 226.65 0
    endloop
  endfacet
  facet normal -0.966318 0.0950312 0.239164
    outer loop
      vertex 288.975 226.65 5
      vertex 287.69 226.167 0
      vertex 288.88 225.684 5
    endloop
  endfacet
  facet normal -0.856107 -0.458057 0.239301
    outer loop
      vertex 287.224 228.508 0
      vertex 288.597 228.554 5
      vertex 288.139 229.41 5
    endloop
  endfacet
  facet normal -0.856107 -0.458057 0.239301
    outer loop
      vertex 288.597 228.554 5
      vertex 287.224 228.508 0
      vertex 287.453 228.08 0
    endloop
  endfacet
  facet normal -0.457301 0.856563 0.239114
    outer loop
      vertex 286.077 223.542 0
      vertex 285.908 222.056 5
      vertex 286.764 222.513 5
    endloop
  endfacet
  facet normal -0.456505 0.856948 0.239255
    outer loop
      vertex 285.908 222.056 5
      vertex 286.077 223.542 0
      vertex 285.649 223.314 0
    endloop
  endfacet
  facet normal -0.58443 0.77924 0.22633
    outer loop
      vertex 285.649 223.314 0
      vertex 285.904 222.053 5
      vertex 285.908 222.056 5
    endloop
  endfacet
  facet normal -0.457523 0.856389 0.239315
    outer loop
      vertex 285.904 222.053 5
      vertex 285.649 223.314 0
      vertex 285.43 223.197 0
    endloop
  endfacet
  facet normal -0.28183 0.929142 0.239305
    outer loop
      vertex 285.43 223.197 0
      vertex 284.971 221.77 5
      vertex 285.904 222.053 5
    endloop
  endfacet
  facet normal -0.282285 0.929023 0.239229
    outer loop
      vertex 284.971 221.77 5
      vertex 285.43 223.197 0
      vertex 284.729 222.984 0
    endloop
  endfacet
  facet normal 0.750337 0.616277 0.239158
    outer loop
      vertex 279.866 223.882 5
      vertex 281.357 224.007 0
      vertex 281.049 224.382 0
    endloop
  endfacet
  facet normal 0.750337 0.616277 0.239158
    outer loop
      vertex 281.357 224.007 0
      vertex 279.866 223.882 5
      vertex 280.482 223.132 5
    endloop
  endfacet
  facet normal 0.856107 0.458057 0.239301
    outer loop
      vertex 279.403 224.746 5
      vertex 280.776 224.792 0
      vertex 280.547 225.22 0
    endloop
  endfacet
  facet normal 0.856107 0.458057 0.239301
    outer loop
      vertex 280.776 224.792 0
      vertex 279.403 224.746 5
      vertex 279.861 223.89 5
    endloop
  endfacet
  facet normal -0.858076 0.454506 0.239021
    outer loop
      vertex 287.108 224.573 0
      vertex 288.139 223.89 5
      vertex 287.224 224.792 0
    endloop
  endfacet
  facet normal -0.86863 0.434315 0.238439
    outer loop
      vertex 288.139 223.89 5
      vertex 287.108 224.573 0
      vertex 288.137 223.886 5
    endloop
  endfacet
  facet normal -0.856107 0.458057 0.239301
    outer loop
      vertex 287.224 224.792 0
      vertex 288.597 224.746 5
      vertex 287.453 225.22 0
    endloop
  endfacet
  facet normal -0.856107 0.458057 0.239301
    outer loop
      vertex 288.597 224.746 5
      vertex 287.224 224.792 0
      vertex 288.139 223.89 5
    endloop
  endfacet
  facet normal -0.750109 0.616581 0.239091
    outer loop
      vertex 286.951 224.382 0
      vertex 288.137 223.886 5
      vertex 287.108 224.573 0
    endloop
  endfacet
  facet normal -0.776245 0.582184 0.241878
    outer loop
      vertex 288.137 223.886 5
      vertex 286.951 224.382 0
      vertex 288.134 223.882 5
    endloop
  endfacet
  facet normal -0.750337 0.616277 0.239158
    outer loop
      vertex 286.643 224.007 0
      vertex 288.134 223.882 5
      vertex 286.951 224.382 0
    endloop
  endfacet
  facet normal -0.750337 0.616277 0.239158
    outer loop
      vertex 288.134 223.882 5
      vertex 286.643 224.007 0
      vertex 287.518 223.132 5
    endloop
  endfacet
  facet normal 0.456505 0.856948 0.239255
    outer loop
      vertex 281.923 223.542 0
      vertex 282.092 222.056 5
      vertex 282.351 223.314 0
    endloop
  endfacet
  facet normal 0.457301 0.856563 0.239114
    outer loop
      vertex 282.092 222.056 5
      vertex 281.923 223.542 0
      vertex 281.236 222.513 5
    endloop
  endfacet
  facet normal 0.282285 0.929023 0.239229
    outer loop
      vertex 282.57 223.197 0
      vertex 283.029 221.77 5
      vertex 283.271 222.984 0
    endloop
  endfacet
  facet normal 0.28183 0.929142 0.239305
    outer loop
      vertex 283.029 221.77 5
      vertex 282.57 223.197 0
      vertex 282.096 222.053 5
    endloop
  endfacet
  facet normal 0.0954373 0.966302 0.239063
    outer loop
      vertex 283.271 222.984 0
      vertex 284 221.675 5
      vertex 284 222.912 0
    endloop
  endfacet
  facet normal 0.0945455 0.966355 0.239207
    outer loop
      vertex 284 221.675 5
      vertex 283.271 222.984 0
      vertex 283.029 221.77 5
    endloop
  endfacet
  facet normal -0.0950312 0.966318 0.239164
    outer loop
      vertex 284.483 222.96 0
      vertex 284 221.675 5
      vertex 284.966 221.77 5
    endloop
  endfacet
  facet normal -0.0960246 0.966248 0.23905
    outer loop
      vertex 284 221.675 5
      vertex 284.483 222.96 0
      vertex 284 222.912 0
    endloop
  endfacet
  facet normal 0.86863 -0.434315 0.238439
    outer loop
      vertex 279.861 229.41 5
      vertex 280.892 228.727 0
      vertex 279.863 229.414 5
    endloop
  endfacet
  facet normal 0.858076 -0.454506 0.239021
    outer loop
      vertex 280.892 228.727 0
      vertex 279.861 229.41 5
      vertex 280.776 228.508 0
    endloop
  endfacet
  facet normal 0.971766 -0 0.235945
    outer loop
      vertex 279.12 227.616 5
      vertex 280.334 227.379 0
      vertex 279.12 227.621 5
    endloop
  endfacet
  facet normal 0.966404 -0.0942833 0.239112
    outer loop
      vertex 280.334 227.379 0
      vertex 279.12 227.616 5
      vertex 280.31 227.133 0
    endloop
  endfacet
  facet normal 0.966318 -0.0950312 0.239164
    outer loop
      vertex 279.025 226.65 5
      vertex 280.31 227.133 0
      vertex 279.12 227.616 5
    endloop
  endfacet
  facet normal 0.966248 -0.0960246 0.23905
    outer loop
      vertex 280.31 227.133 0
      vertex 279.025 226.65 5
      vertex 280.262 226.65 0
    endloop
  endfacet
  facet normal 0.750109 0.616581 0.239091
    outer loop
      vertex 279.863 223.886 5
      vertex 281.049 224.382 0
      vertex 280.892 224.573 0
    endloop
  endfacet
  facet normal 0.776245 0.582184 0.241878
    outer loop
      vertex 281.049 224.382 0
      vertex 279.863 223.886 5
      vertex 279.866 223.882 5
    endloop
  endfacet
  facet normal 0.858076 0.454506 0.239021
    outer loop
      vertex 279.861 223.89 5
      vertex 280.892 224.573 0
      vertex 280.776 224.792 0
    endloop
  endfacet
  facet normal 0.86863 0.434315 0.238439
    outer loop
      vertex 280.892 224.573 0
      vertex 279.861 223.89 5
      vertex 279.863 223.886 5
    endloop
  endfacet
  facet normal 0.616286 -0.750348 0.239099
    outer loop
      vertex 281.548 229.45 0
      vertex 281.236 230.787 5
      vertex 280.486 230.171 5
    endloop
  endfacet
  facet normal 0.616286 -0.750348 0.239099
    outer loop
      vertex 281.236 230.787 5
      vertex 281.548 229.45 0
      vertex 281.923 229.758 0
    endloop
  endfacet
  facet normal 0.582765 -0.77702 0.237962
    outer loop
      vertex 281.357 229.293 0
      vertex 280.486 230.171 5
      vertex 280.482 230.168 5
    endloop
  endfacet
  facet normal 0.616576 -0.750102 0.239125
    outer loop
      vertex 280.486 230.171 5
      vertex 281.357 229.293 0
      vertex 281.548 229.45 0
    endloop
  endfacet
  facet normal -0.0950277 -0.966282 0.239309
    outer loop
      vertex 284.246 230.363 0
      vertex 284.971 231.53 5
      vertex 284.005 231.625 5
    endloop
  endfacet
  facet normal -0.0940396 -0.966407 0.239195
    outer loop
      vertex 284.971 231.53 5
      vertex 284.246 230.363 0
      vertex 284.729 230.316 0
    endloop
  endfacet
  facet normal 0.0950299 -0.966304 0.239218
    outer loop
      vertex 283.271 230.316 0
      vertex 283.995 231.625 5
      vertex 283.029 231.53 5
    endloop
  endfacet
  facet normal 0.0940352 -0.966362 0.239377
    outer loop
      vertex 283.995 231.625 5
      vertex 283.271 230.316 0
      vertex 283.754 230.363 0
    endloop
  endfacet
  facet normal -0.457523 -0.856389 0.239315
    outer loop
      vertex 285.649 229.986 0
      vertex 285.904 231.247 5
      vertex 285.43 230.103 0
    endloop
  endfacet
  facet normal -0.58443 -0.77924 0.22633
    outer loop
      vertex 285.904 231.247 5
      vertex 285.649 229.986 0
      vertex 285.908 231.244 5
    endloop
  endfacet
  facet normal -0.750337 -0.616277 0.239158
    outer loop
      vertex 286.643 229.293 0
      vertex 288.134 229.418 5
      vertex 287.518 230.168 5
    endloop
  endfacet
  facet normal -0.750337 -0.616277 0.239158
    outer loop
      vertex 288.134 229.418 5
      vertex 286.643 229.293 0
      vertex 286.951 228.918 0
    endloop
  endfacet
  facet normal -0.616576 -0.750102 0.239125
    outer loop
      vertex 286.643 229.293 0
      vertex 287.514 230.171 5
      vertex 286.452 229.45 0
    endloop
  endfacet
  facet normal -0.582765 -0.77702 0.237962
    outer loop
      vertex 287.514 230.171 5
      vertex 286.643 229.293 0
      vertex 287.518 230.168 5
    endloop
  endfacet
  facet normal -0.929364 -0.28111 0.239288
    outer loop
      vertex 287.453 228.08 0
      vertex 288.878 227.625 5
      vertex 288.597 228.554 5
    endloop
  endfacet
  facet normal -0.929049 -0.282319 0.239088
    outer loop
      vertex 288.878 227.625 5
      vertex 287.453 228.08 0
      vertex 287.594 227.616 0
    endloop
  endfacet
  facet normal -0.871575 -0.435787 0.224605
    outer loop
      vertex 287.594 227.616 0
      vertex 288.88 227.621 5
      vertex 288.878 227.625 5
    endloop
  endfacet
  facet normal -0.929037 -0.282239 0.239231
    outer loop
      vertex 288.88 227.621 5
      vertex 287.594 227.616 0
      vertex 287.666 227.379 0
    endloop
  endfacet
  facet normal 0.457523 0.856389 0.239315
    outer loop
      vertex 282.351 223.314 0
      vertex 282.096 222.053 5
      vertex 282.57 223.197 0
    endloop
  endfacet
  facet normal 0.58443 0.77924 0.22633
    outer loop
      vertex 282.096 222.053 5
      vertex 282.351 223.314 0
      vertex 282.092 222.056 5
    endloop
  endfacet
  facet normal 0.970733 -0 0.240159
    outer loop
      vertex 279.025 226.645 5
      vertex 280.262 226.65 0
      vertex 279.025 226.65 5
    endloop
  endfacet
  facet normal 0.966021 0.0981729 0.239092
    outer loop
      vertex 280.262 226.65 0
      vertex 279.025 226.645 5
      vertex 280.287 226.404 0
    endloop
  endfacet
  facet normal 0.966362 0.0940352 0.239377
    outer loop
      vertex 279.025 226.645 5
      vertex 280.334 225.921 0
      vertex 280.287 226.404 0
    endloop
  endfacet
  facet normal 0.966304 0.0950299 0.239218
    outer loop
      vertex 280.334 225.921 0
      vertex 279.025 226.645 5
      vertex 279.12 225.679 5
    endloop
  endfacet
  facet normal 0.28183 -0.929142 0.239305
    outer loop
      vertex 282.57 230.103 0
      vertex 283.029 231.53 5
      vertex 282.096 231.247 5
    endloop
  endfacet
  facet normal 0.282285 -0.929023 0.239229
    outer loop
      vertex 283.029 231.53 5
      vertex 282.57 230.103 0
      vertex 283.271 230.316 0
    endloop
  endfacet
  facet normal 0.457301 -0.856563 0.239114
    outer loop
      vertex 281.923 229.758 0
      vertex 282.092 231.244 5
      vertex 281.236 230.787 5
    endloop
  endfacet
  facet normal 0.456505 -0.856948 0.239255
    outer loop
      vertex 282.092 231.244 5
      vertex 281.923 229.758 0
      vertex 282.351 229.986 0
    endloop
  endfacet
  facet normal 0.58443 -0.77924 0.22633
    outer loop
      vertex 282.351 229.986 0
      vertex 282.096 231.247 5
      vertex 282.092 231.244 5
    endloop
  endfacet
  facet normal 0.457523 -0.856389 0.239315
    outer loop
      vertex 282.096 231.247 5
      vertex 282.351 229.986 0
      vertex 282.57 230.103 0
    endloop
  endfacet
  facet normal 0 -0.970733 0.240159
    outer loop
      vertex 284 230.388 0
      vertex 284.005 231.625 5
      vertex 284 231.625 5
    endloop
  endfacet
  facet normal -0.0981729 -0.966021 0.239092
    outer loop
      vertex 284.005 231.625 5
      vertex 284 230.388 0
      vertex 284.246 230.363 0
    endloop
  endfacet
  facet normal -0.282285 -0.929023 0.239229
    outer loop
      vertex 285.43 230.103 0
      vertex 284.971 231.53 5
      vertex 284.729 230.316 0
    endloop
  endfacet
  facet normal -0.28183 -0.929142 0.239305
    outer loop
      vertex 284.971 231.53 5
      vertex 285.43 230.103 0
      vertex 285.904 231.247 5
    endloop
  endfacet
  facet normal -0.776245 -0.582184 0.241878
    outer loop
      vertex 286.951 228.918 0
      vertex 288.137 229.414 5
      vertex 288.134 229.418 5
    endloop
  endfacet
  facet normal -0.750109 -0.616581 0.239091
    outer loop
      vertex 288.137 229.414 5
      vertex 286.951 228.918 0
      vertex 287.108 228.727 0
    endloop
  endfacet
  facet normal -0.86863 -0.434315 0.238439
    outer loop
      vertex 287.108 228.727 0
      vertex 288.139 229.41 5
      vertex 288.137 229.414 5
    endloop
  endfacet
  facet normal -0.858076 -0.454506 0.239021
    outer loop
      vertex 288.139 229.41 5
      vertex 287.108 228.727 0
      vertex 287.224 228.508 0
    endloop
  endfacet
  facet normal 0.871575 -0.435787 0.224605
    outer loop
      vertex 279.12 227.621 5
      vertex 280.406 227.616 0
      vertex 279.122 227.625 5
    endloop
  endfacet
  facet normal 0.929037 -0.282239 0.239231
    outer loop
      vertex 280.406 227.616 0
      vertex 279.12 227.621 5
      vertex 280.334 227.379 0
    endloop
  endfacet
  facet normal 0.929364 -0.28111 0.239288
    outer loop
      vertex 279.122 227.625 5
      vertex 280.547 228.08 0
      vertex 279.403 228.554 5
    endloop
  endfacet
  facet normal 0.929049 -0.282319 0.239088
    outer loop
      vertex 280.547 228.08 0
      vertex 279.122 227.625 5
      vertex 280.406 227.616 0
    endloop
  endfacet
  facet normal 0.776245 -0.582184 0.241878
    outer loop
      vertex 279.863 229.414 5
      vertex 281.049 228.918 0
      vertex 279.866 229.418 5
    endloop
  endfacet
  facet normal 0.750109 -0.616581 0.239091
    outer loop
      vertex 281.049 228.918 0
      vertex 279.863 229.414 5
      vertex 280.892 228.727 0
    endloop
  endfacet
  facet normal 0.750337 -0.616277 0.239158
    outer loop
      vertex 279.866 229.418 5
      vertex 281.357 229.293 0
      vertex 280.482 230.168 5
    endloop
  endfacet
  facet normal 0.750337 -0.616277 0.239158
    outer loop
      vertex 281.357 229.293 0
      vertex 279.866 229.418 5
      vertex 281.049 228.918 0
    endloop
  endfacet
  facet normal 0.0981729 -0.966021 0.239092
    outer loop
      vertex 284 230.388 0
      vertex 283.995 231.625 5
      vertex 283.754 230.363 0
    endloop
  endfacet
  facet normal 0 -0.970733 0.240159
    outer loop
      vertex 283.995 231.625 5
      vertex 284 230.388 0
      vertex 284 231.625 5
    endloop
  endfacet
endsolid OpenSCAD_Model
